date,region_code,product,units,revenue_eur
2025-01-01,DE-BE,herbal-tea,40,175.95
2025-01-01,DE-BE,basil-seeds,15,32.09
2025-01-01,DE-BE,mint-oil,15,171.47
2025-01-01,DE-BE,dried-sage,11,71.71
2025-01-01,DE-BY,herbal-tea,138,603.53
2025-01-01,DE-BY,basil-seeds,55,121.06
2025-01-01,DE-BY,mint-oil,60,669.89
2025-01-01,DE-BY,dried-sage,55,375.68
2025-01-01,DE-HH,herbal-tea,21,97.42
2025-01-01,DE-HH,basil-seeds,9,18.82
2025-01-01,DE-HH,mint-oil,8,86.59
2025-01-01,DE-HH,dried-sage,5,32.83
2025-01-01,FR-IDF,herbal-tea,153,660.46
2025-01-01,FR-IDF,basil-seeds,47,99.23
2025-01-01,FR-IDF,mint-oil,56,634.92
2025-01-01,FR-IDF,dried-sage,39,271.29
2025-01-01,FR-ARA,herbal-tea,45,200.04
2025-01-01,FR-ARA,basil-seeds,29,64.13
2025-01-01,FR-ARA,mint-oil,36,410.32
2025-01-01,FR-ARA,dried-sage,25,171.31
2025-01-01,NL-NH,herbal-tea,31,135.7
2025-01-01,NL-NH,basil-seeds,11,23.69
2025-01-01,NL-NH,mint-oil,13,137.29
2025-01-01,NL-NH,dried-sage,12,79.79
2025-01-01,ES-MD,herbal-tea,65,288.7
2025-01-01,ES-MD,basil-seeds,24,51.27
2025-01-01,ES-MD,mint-oil,26,290.23
2025-01-01,ES-MD,dried-sage,39,268.09
2025-01-01,IT-LOM,herbal-tea,123,534.87
2025-01-01,IT-LOM,basil-seeds,51,110.85
2025-01-01,IT-LOM,mint-oil,51,564.19
2025-01-01,IT-LOM,dried-sage,39,270.1
2025-01-02,DE-BE,herbal-tea,49,214.53
2025-01-02,DE-BE,basil-seeds,11,23.07
2025-01-02,DE-BE,mint-oil,14,149.55
2025-01-02,DE-BE,dried-sage,17,120.72
2025-01-02,DE-BY,herbal-tea,160,731.19
2025-01-02,DE-BY,basil-seeds,48,104.5
2025-01-02,DE-BY,mint-oil,63,676.71
2025-01-02,DE-BY,dried-sage,48,318.13
2025-01-02,DE-HH,herbal-tea,17,77.15
2025-01-02,DE-HH,basil-seeds,7,16.01
2025-01-02,DE-HH,mint-oil,6,69.28
2025-01-02,DE-HH,dried-sage,8,54.45
2025-01-02,FR-IDF,herbal-tea,138,596.76
2025-01-02,FR-IDF,basil-seeds,51,113.63
2025-01-02,FR-IDF,mint-oil,52,547.03
2025-01-02,FR-IDF,dried-sage,40,268.78
2025-01-02,FR-ARA,herbal-tea,107,504.18
2025-01-02,FR-ARA,basil-seeds,32,72.94
2025-01-02,FR-ARA,mint-oil,42,470.4
2025-01-02,FR-ARA,dried-sage,33,225.23
2025-01-02,NL-NH,herbal-tea,30,129.76
2025-01-02,NL-NH,basil-seeds,15,32.78
2025-01-02,NL-NH,mint-oil,6,68.48
2025-01-02,NL-NH,dried-sage,13,86.31
2025-01-02,ES-MD,herbal-tea,65,304.57
2025-01-02,ES-MD,basil-seeds,27,61.6
2025-01-02,ES-MD,mint-oil,25,278.0
2025-01-02,ES-MD,dried-sage,34,223.17
2025-01-02,IT-LOM,herbal-tea,110,508.79
2025-01-02,IT-LOM,basil-seeds,31,68.41
2025-01-02,IT-LOM,mint-oil,47,492.16
2025-01-02,IT-LOM,dried-sage,40,283.67
2025-01-03,DE-BE,herbal-tea,52,229.5
2025-01-03,DE-BE,basil-seeds,11,23.13
2025-01-03,DE-BE,mint-oil,20,210.88
2025-01-03,DE-BE,dried-sage,10,67.9
2025-01-03,DE-BY,herbal-tea,185,854.63
2025-01-03,DE-BY,basil-seeds,61,129.21
2025-01-03,DE-BY,mint-oil,41,440.4
2025-01-03,DE-BY,dried-sage,56,394.98
2025-01-03,DE-HH,herbal-tea,18,81.32
2025-01-03,DE-HH,basil-seeds,8,18.0
2025-01-03,DE-HH,mint-oil,8,92.36
2025-01-03,DE-HH,dried-sage,8,55.22
2025-01-03,FR-IDF,herbal-tea,105,454.59
2025-01-03,FR-IDF,basil-seeds,53,113.39
2025-01-03,FR-IDF,mint-oil,43,460.23
2025-01-03,FR-IDF,dried-sage,60,396.58
2025-01-03,FR-ARA,herbal-tea,108,472.83
2025-01-03,FR-ARA,basil-seeds,36,82.41
2025-01-03,FR-ARA,mint-oil,34,364.2
2025-01-03,FR-ARA,dried-sage,31,214.36
2025-01-03,NL-NH,herbal-tea,32,150.27
2025-01-03,NL-NH,basil-seeds,13,28.8
2025-01-03,NL-NH,mint-oil,8,90.71
2025-01-03,NL-NH,dried-sage,12,79.07
2025-01-03,ES-MD,herbal-tea,86,384.04
2025-01-03,ES-MD,basil-seeds,30,65.78
2025-01-03,ES-MD,mint-oil,26,299.85
2025-01-03,ES-MD,dried-sage,20,130.54
2025-01-03,IT-LOM,herbal-tea,93,433.64
2025-01-03,IT-LOM,basil-seeds,44,94.37
2025-01-03,IT-LOM,mint-oil,43,469.31
2025-01-03,IT-LOM,dried-sage,48,319.17
2025-01-04,DE-BE,herbal-tea,37,165.55
2025-01-04,DE-BE,basil-seeds,20,45.59
2025-01-04,DE-BE,mint-oil,13,150.14
2025-01-04,DE-BE,dried-sage,13,91.37
2025-01-04,DE-BY,herbal-tea,188,875.5
2025-01-04,DE-BY,basil-seeds,43,91.44
2025-01-04,DE-BY,mint-oil,41,446.54
2025-01-04,DE-BY,dried-sage,48,311.99
2025-01-04,DE-HH,herbal-tea,10,43.94
2025-01-04,DE-HH,basil-seeds,9,20.36
2025-01-04,DE-HH,mint-oil,5,57.52
2025-01-04,DE-HH,dried-sage,7,49.96
2025-01-04,FR-IDF,herbal-tea,81,351.92
2025-01-04,FR-IDF,basil-seeds,39,84.06
2025-01-04,FR-IDF,mint-oil,56,618.6
2025-01-04,FR-IDF,dried-sage,41,285.71
2025-01-04,FR-ARA,herbal-tea,98,441.13
2025-01-04,FR-ARA,basil-seeds,32,72.88
2025-01-04,FR-ARA,mint-oil,37,389.91
2025-01-04,FR-ARA,dried-sage,42,276.63
2025-01-04,NL-NH,herbal-tea,21,92.0
2025-01-04,NL-NH,basil-seeds,8,16.93
2025-01-04,NL-NH,mint-oil,11,122.14
2025-01-04,NL-NH,dried-sage,9,61.93
2025-01-04,ES-MD,herbal-tea,50,225.51
2025-01-04,ES-MD,basil-seeds,28,64.28
2025-01-04,ES-MD,mint-oil,27,289.24
2025-01-04,ES-MD,dried-sage,32,215.33
2025-01-04,IT-LOM,herbal-tea,88,388.72
2025-01-04,IT-LOM,basil-seeds,30,67.66
2025-01-04,IT-LOM,mint-oil,43,496.58
2025-01-04,IT-LOM,dried-sage,39,278.36
2025-01-05,DE-BE,herbal-tea,42,184.56
2025-01-05,DE-BE,basil-seeds,14,32.13
2025-01-05,DE-BE,mint-oil,18,195.42
2025-01-05,DE-BE,dried-sage,9,59.11
2025-01-05,DE-BY,herbal-tea,149,677.99
2025-01-05,DE-BY,basil-seeds,34,78.44
2025-01-05,DE-BY,mint-oil,47,533.39
2025-01-05,DE-BY,dried-sage,47,313.19
2025-01-05,DE-HH,herbal-tea,13,56.36
2025-01-05,DE-HH,basil-seeds,3,6.35
2025-01-05,DE-HH,mint-oil,8,86.0
2025-01-05,DE-HH,dried-sage,7,48.1
2025-01-05,FR-IDF,herbal-tea,114,519.89
2025-01-05,FR-IDF,basil-seeds,38,81.63
2025-01-05,FR-IDF,mint-oil,24,273.14
2025-01-05,FR-IDF,dried-sage,45,293.52
2025-01-05,FR-ARA,herbal-tea,66,282.26
2025-01-05,FR-ARA,basil-seeds,31,70.05
2025-01-05,FR-ARA,mint-oil,26,292.9
2025-01-05,FR-ARA,dried-sage,25,170.88
2025-01-05,NL-NH,herbal-tea,27,116.34
2025-01-05,NL-NH,basil-seeds,10,22.84
2025-01-05,NL-NH,mint-oil,12,136.42
2025-01-05,NL-NH,dried-sage,9,61.7
2025-01-05,ES-MD,herbal-tea,70,308.96
2025-01-05,ES-MD,basil-seeds,26,59.48
2025-01-05,ES-MD,mint-oil,27,308.85
2025-01-05,ES-MD,dried-sage,14,92.44
2025-01-05,IT-LOM,herbal-tea,96,444.1
2025-01-05,IT-LOM,basil-seeds,39,89.1
2025-01-05,IT-LOM,mint-oil,27,286.74
2025-01-05,IT-LOM,dried-sage,41,290.79
2025-01-06,DE-BE,herbal-tea,55,255.19
2025-01-06,DE-BE,basil-seeds,9,20.56
2025-01-06,DE-BE,mint-oil,20,216.31
2025-01-06,DE-BE,dried-sage,16,113.49
2025-01-06,DE-BY,herbal-tea,161,747.01
2025-01-06,DE-BY,basil-seeds,35,75.2
2025-01-06,DE-BY,mint-oil,55,627.52
2025-01-06,DE-BY,dried-sage,49,345.15
2025-01-06,DE-HH,herbal-tea,21,94.12
2025-01-06,DE-HH,basil-seeds,10,21.57
2025-01-06,DE-HH,mint-oil,7,73.33
2025-01-06,DE-HH,dried-sage,6,39.55
2025-01-06,FR-IDF,herbal-tea,109,513.4
2025-01-06,FR-IDF,basil-seeds,65,139.84
2025-01-06,FR-IDF,mint-oil,43,495.76
2025-01-06,FR-IDF,dried-sage,42,286.63
2025-01-06,FR-ARA,herbal-tea,95,447.61
2025-01-06,FR-ARA,basil-seeds,31,66.01
2025-01-06,FR-ARA,mint-oil,37,391.06
2025-01-06,FR-ARA,dried-sage,31,209.42
2025-01-06,NL-NH,herbal-tea,31,140.98
2025-01-06,NL-NH,basil-seeds,10,22.03
2025-01-06,NL-NH,mint-oil,9,96.57
2025-01-06,NL-NH,dried-sage,13,90.25
2025-01-06,ES-MD,herbal-tea,105,474.32
2025-01-06,ES-MD,basil-seeds,27,60.7
2025-01-06,ES-MD,mint-oil,27,292.97
2025-01-06,ES-MD,dried-sage,20,130.15
2025-01-06,IT-LOM,herbal-tea,99,437.21
2025-01-06,IT-LOM,basil-seeds,34,77.4
2025-01-06,IT-LOM,mint-oil,39,420.82
2025-01-06,IT-LOM,dried-sage,34,229.08
2025-01-07,DE-BE,herbal-tea,36,155.96
2025-01-07,DE-BE,basil-seeds,17,37.1
2025-01-07,DE-BE,mint-oil,19,217.42
2025-01-07,DE-BE,dried-sage,14,96.3
2025-01-07,DE-BY,herbal-tea,133,568.6
2025-01-07,DE-BY,basil-seeds,66,142.11
2025-01-07,DE-BY,mint-oil,42,469.15
2025-01-07,DE-BY,dried-sage,59,399.8
2025-01-07,DE-HH,herbal-tea,17,76.29
2025-01-07,DE-HH,basil-seeds,8,18.31
2025-01-07,DE-HH,mint-oil,7,73.8
2025-01-07,DE-HH,dried-sage,6,40.86
2025-01-07,FR-IDF,herbal-tea,117,543.26
2025-01-07,FR-IDF,basil-seeds,43,96.98
2025-01-07,FR-IDF,mint-oil,46,490.78
2025-01-07,FR-IDF,dried-sage,43,278.49
2025-01-07,FR-ARA,herbal-tea,88,409.85
2025-01-07,FR-ARA,basil-seeds,39,82.13
2025-01-07,FR-ARA,mint-oil,25,266.6
2025-01-07,FR-ARA,dried-sage,37,256.54
2025-01-07,NL-NH,herbal-tea,27,123.4
2025-01-07,NL-NH,basil-seeds,12,25.09
2025-01-07,NL-NH,mint-oil,11,116.24
2025-01-07,NL-NH,dried-sage,8,53.99
2025-01-07,ES-MD,herbal-tea,89,401.22
2025-01-07,ES-MD,basil-seeds,39,81.94
2025-01-07,ES-MD,mint-oil,27,295.71
2025-01-07,ES-MD,dried-sage,37,259.18
2025-01-07,IT-LOM,herbal-tea,78,354.35
2025-01-07,IT-LOM,basil-seeds,21,48.28
2025-01-07,IT-LOM,mint-oil,48,539.58
2025-01-07,IT-LOM,dried-sage,34,231.31
2025-01-08,DE-BE,herbal-tea,46,215.22
2025-01-08,DE-BE,basil-seeds,12,27.04
2025-01-08,DE-BE,mint-oil,13,139.39
2025-01-08,DE-BE,dried-sage,16,110.3
2025-01-08,DE-BY,herbal-tea,147,669.88
2025-01-08,DE-BY,basil-seeds,42,90.32
2025-01-08,DE-BY,mint-oil,61,655.68
2025-01-08,DE-BY,dried-sage,57,380.61
2025-01-08,DE-HH,herbal-tea,18,78.82
2025-01-08,DE-HH,basil-seeds,7,15.7
2025-01-08,DE-HH,mint-oil,7,76.29
2025-01-08,DE-HH,dried-sage,7,47.8
2025-01-08,FR-IDF,herbal-tea,118,526.76
2025-01-08,FR-IDF,basil-seeds,52,119.03
2025-01-08,FR-IDF,mint-oil,37,421.52
2025-01-08,FR-IDF,dried-sage,42,293.19
2025-01-08,FR-ARA,herbal-tea,86,381.26
2025-01-08,FR-ARA,basil-seeds,33,74.44
2025-01-08,FR-ARA,mint-oil,41,447.35
2025-01-08,FR-ARA,dried-sage,20,139.37
2025-01-08,NL-NH,herbal-tea,24,104.98
2025-01-08,NL-NH,basil-seeds,11,23.52
2025-01-08,NL-NH,mint-oil,11,119.02
2025-01-08,NL-NH,dried-sage,12,83.06
2025-01-08,ES-MD,herbal-tea,67,300.52
2025-01-08,ES-MD,basil-seeds,29,61.42
2025-01-08,ES-MD,mint-oil,26,282.97
2025-01-08,ES-MD,dried-sage,26,177.94
2025-01-08,IT-LOM,herbal-tea,136,589.7
2025-01-08,IT-LOM,basil-seeds,42,92.05
2025-01-08,IT-LOM,mint-oil,47,502.09
2025-01-08,IT-LOM,dried-sage,42,280.65
2025-01-09,DE-BE,herbal-tea,42,193.76
2025-01-09,DE-BE,basil-seeds,12,27.28
2025-01-09,DE-BE,mint-oil,15,157.07
2025-01-09,DE-BE,dried-sage,16,109.23
2025-01-09,DE-BY,herbal-tea,169,771.92
2025-01-09,DE-BY,basil-seeds,54,122.14
2025-01-09,DE-BY,mint-oil,44,505.76
2025-01-09,DE-BY,dried-sage,40,263.82
2025-01-09,DE-HH,herbal-tea,22,95.3
2025-01-09,DE-HH,basil-seeds,7,15.66
2025-01-09,DE-HH,mint-oil,6,67.32
2025-01-09,DE-HH,dried-sage,7,48.87
2025-01-09,FR-IDF,herbal-tea,149,687.12
2025-01-09,FR-IDF,basil-seeds,60,126.91
2025-01-09,FR-IDF,mint-oil,59,623.57
2025-01-09,FR-IDF,dried-sage,28,181.37
2025-01-09,FR-ARA,herbal-tea,78,367.08
2025-01-09,FR-ARA,basil-seeds,41,89.27
2025-01-09,FR-ARA,mint-oil,32,358.71
2025-01-09,FR-ARA,dried-sage,30,206.6
2025-01-09,NL-NH,herbal-tea,40,186.31
2025-01-09,NL-NH,basil-seeds,14,31.11
2025-01-09,NL-NH,mint-oil,16,180.97
2025-01-09,NL-NH,dried-sage,16,107.14
2025-01-09,ES-MD,herbal-tea,62,279.17
2025-01-09,ES-MD,basil-seeds,29,62.79
2025-01-09,ES-MD,mint-oil,33,348.68
2025-01-09,ES-MD,dried-sage,20,142.27
2025-01-09,IT-LOM,herbal-tea,83,381.24
2025-01-09,IT-LOM,basil-seeds,29,63.39
2025-01-09,IT-LOM,mint-oil,38,408.39
2025-01-09,IT-LOM,dried-sage,21,147.2
2025-01-10,DE-BE,herbal-tea,33,147.54
2025-01-10,DE-BE,basil-seeds,14,31.51
2025-01-10,DE-BE,mint-oil,15,170.46
2025-01-10,DE-BE,dried-sage,21,136.9
2025-01-10,DE-BY,herbal-tea,159,712.97
2025-01-10,DE-BY,basil-seeds,49,108.99
2025-01-10,DE-BY,mint-oil,52,592.07
2025-01-10,DE-BY,dried-sage,55,362.1
2025-01-10,DE-HH,herbal-tea,22,97.42
2025-01-10,DE-HH,basil-seeds,10,22.84
2025-01-10,DE-HH,mint-oil,7,73.23
2025-01-10,DE-HH,dried-sage,6,42.63
2025-01-10,FR-IDF,herbal-tea,166,746.15
2025-01-10,FR-IDF,basil-seeds,57,128.64
2025-01-10,FR-IDF,mint-oil,44,483.56
2025-01-10,FR-IDF,dried-sage,37,258.97
2025-01-10,FR-ARA,herbal-tea,97,444.87
2025-01-10,FR-ARA,basil-seeds,35,75.51
2025-01-10,FR-ARA,mint-oil,26,286.88
2025-01-10,FR-ARA,dried-sage,29,195.73
2025-01-10,NL-NH,herbal-tea,31,142.33
2025-01-10,NL-NH,basil-seeds,9,19.35
2025-01-10,NL-NH,mint-oil,11,117.28
2025-01-10,NL-NH,dried-sage,13,85.04
2025-01-10,ES-MD,herbal-tea,51,222.27
2025-01-10,ES-MD,basil-seeds,25,53.44
2025-01-10,ES-MD,mint-oil,19,218.96
2025-01-10,ES-MD,dried-sage,28,190.87
2025-01-10,IT-LOM,herbal-tea,106,462.41
2025-01-10,IT-LOM,basil-seeds,43,92.02
2025-01-10,IT-LOM,mint-oil,41,452.54
2025-01-10,IT-LOM,dried-sage,41,272.51
2025-01-11,DE-BE,herbal-tea,46,211.09
2025-01-11,DE-BE,basil-seeds,13,27.53
2025-01-11,DE-BE,mint-oil,16,182.56
2025-01-11,DE-BE,dried-sage,11,75.35
2025-01-11,DE-BY,herbal-tea,100,435.8
2025-01-11,DE-BY,basil-seeds,50,105.07
2025-01-11,DE-BY,mint-oil,58,658.55
2025-01-11,DE-BY,dried-sage,43,289.5
2025-01-11,DE-HH,herbal-tea,22,94.58
2025-01-11,DE-HH,basil-seeds,7,14.86
2025-01-11,DE-HH,mint-oil,5,57.72
2025-01-11,DE-HH,dried-sage,6,39.24
2025-01-11,FR-IDF,herbal-tea,120,555.7
2025-01-11,FR-IDF,basil-seeds,31,66.33
2025-01-11,FR-IDF,mint-oil,34,371.86
2025-01-11,FR-IDF,dried-sage,42,295.89
2025-01-11,FR-ARA,herbal-tea,91,414.46
2025-01-11,FR-ARA,basil-seeds,28,62.28
2025-01-11,FR-ARA,mint-oil,28,299.0
2025-01-11,FR-ARA,dried-sage,14,92.45
2025-01-11,NL-NH,herbal-tea,26,113.18
2025-01-11,NL-NH,basil-seeds,9,18.96
2025-01-11,NL-NH,mint-oil,13,144.34
2025-01-11,NL-NH,dried-sage,10,66.58
2025-01-11,ES-MD,herbal-tea,68,312.21
2025-01-11,ES-MD,basil-seeds,32,70.08
2025-01-11,ES-MD,mint-oil,20,226.33
2025-01-11,ES-MD,dried-sage,13,89.51
2025-01-11,IT-LOM,herbal-tea,71,317.11
2025-01-11,IT-LOM,basil-seeds,21,46.41
2025-01-11,IT-LOM,mint-oil,26,295.34
2025-01-11,IT-LOM,dried-sage,22,143.19
2025-01-12,DE-BE,herbal-tea,40,184.48
2025-01-12,DE-BE,basil-seeds,16,35.44
2025-01-12,DE-BE,mint-oil,13,145.7
2025-01-12,DE-BE,dried-sage,15,104.04
2025-01-12,DE-BY,herbal-tea,157,706.06
2025-01-12,DE-BY,basil-seeds,43,90.63
2025-01-12,DE-BY,mint-oil,58,626.66
2025-01-12,DE-BY,dried-sage,50,331.51
2025-01-12,DE-HH,herbal-tea,26,120.93
2025-01-12,DE-HH,basil-seeds,8,17.73
2025-01-12,DE-HH,mint-oil,12,134.27
2025-01-12,DE-HH,dried-sage,5,33.22
2025-01-12,FR-IDF,herbal-tea,157,704.42
2025-01-12,FR-IDF,basil-seeds,48,107.2
2025-01-12,FR-IDF,mint-oil,49,543.6
2025-01-12,FR-IDF,dried-sage,41,282.56
2025-01-12,FR-ARA,herbal-tea,70,310.21
2025-01-12,FR-ARA,basil-seeds,29,62.74
2025-01-12,FR-ARA,mint-oil,23,248.69
2025-01-12,FR-ARA,dried-sage,18,124.77
2025-01-12,NL-NH,herbal-tea,24,111.39
2025-01-12,NL-NH,basil-seeds,15,33.17
2025-01-12,NL-NH,mint-oil,8,86.44
2025-01-12,NL-NH,dried-sage,11,78.32
2025-01-12,ES-MD,herbal-tea,52,245.42
2025-01-12,ES-MD,basil-seeds,28,62.57
2025-01-12,ES-MD,mint-oil,19,202.47
2025-01-12,ES-MD,dried-sage,23,154.24
2025-01-12,IT-LOM,herbal-tea,97,447.85
2025-01-12,IT-LOM,basil-seeds,25,53.37
2025-01-12,IT-LOM,mint-oil,19,207.71
2025-01-12,IT-LOM,dried-sage,30,208.04
2025-01-13,DE-BE,herbal-tea,56,254.74
2025-01-13,DE-BE,basil-seeds,21,45.0
2025-01-13,DE-BE,mint-oil,17,187.98
2025-01-13,DE-BE,dried-sage,18,117.42
2025-01-13,DE-BY,herbal-tea,203,909.98
2025-01-13,DE-BY,basil-seeds,53,112.14
2025-01-13,DE-BY,mint-oil,59,663.06
2025-01-13,DE-BY,dried-sage,43,292.66
2025-01-13,DE-HH,herbal-tea,19,89.61
2025-01-13,DE-HH,basil-seeds,10,21.44
2025-01-13,DE-HH,mint-oil,6,68.78
2025-01-13,DE-HH,dried-sage,7,47.64
2025-01-13,FR-IDF,herbal-tea,168,739.08
2025-01-13,FR-IDF,basil-seeds,37,83.76
2025-01-13,FR-IDF,mint-oil,31,341.26
2025-01-13,FR-IDF,dried-sage,60,421.08
2025-01-13,FR-ARA,herbal-tea,84,381.29
2025-01-13,FR-ARA,basil-seeds,37,85.46
2025-01-13,FR-ARA,mint-oil,29,320.23
2025-01-13,FR-ARA,dried-sage,33,220.92
2025-01-13,NL-NH,herbal-tea,24,107.52
2025-01-13,NL-NH,basil-seeds,11,23.77
2025-01-13,NL-NH,mint-oil,13,144.03
2025-01-13,NL-NH,dried-sage,15,99.28
2025-01-13,ES-MD,herbal-tea,74,341.15
2025-01-13,ES-MD,basil-seeds,26,58.37
2025-01-13,ES-MD,mint-oil,29,324.22
2025-01-13,ES-MD,dried-sage,23,161.42
2025-01-13,IT-LOM,herbal-tea,131,562.21
2025-01-13,IT-LOM,basil-seeds,39,85.82
2025-01-13,IT-LOM,mint-oil,27,308.11
2025-01-13,IT-LOM,dried-sage,32,216.3
2025-01-14,DE-BE,herbal-tea,33,151.8
2025-01-14,DE-BE,basil-seeds,15,32.7
2025-01-14,DE-BE,mint-oil,14,153.53
2025-01-14,DE-BE,dried-sage,14,99.67
2025-01-14,DE-BY,herbal-tea,122,557.23
2025-01-14,DE-BY,basil-seeds,67,152.59
2025-01-14,DE-BY,mint-oil,66,717.29
2025-01-14,DE-BY,dried-sage,38,253.66
2025-01-14,DE-HH,herbal-tea,19,88.68
2025-01-14,DE-HH,basil-seeds,5,10.49
2025-01-14,DE-HH,mint-oil,9,103.17
2025-01-14,DE-HH,dried-sage,8,57.11
2025-01-14,FR-IDF,herbal-tea,131,565.83
2025-01-14,FR-IDF,basil-seeds,39,86.95
2025-01-14,FR-IDF,mint-oil,56,627.95
2025-01-14,FR-IDF,dried-sage,42,297.12
2025-01-14,FR-ARA,herbal-tea,115,506.81
2025-01-14,FR-ARA,basil-seeds,35,76.04
2025-01-14,FR-ARA,mint-oil,37,409.68
2025-01-14,FR-ARA,dried-sage,38,265.96
2025-01-14,NL-NH,herbal-tea,33,154.01
2025-01-14,NL-NH,basil-seeds,12,26.72
2025-01-14,NL-NH,mint-oil,12,127.29
2025-01-14,NL-NH,dried-sage,16,108.38
2025-01-14,ES-MD,herbal-tea,73,312.38
2025-01-14,ES-MD,basil-seeds,31,70.28
2025-01-14,ES-MD,mint-oil,34,361.21
2025-01-14,ES-MD,dried-sage,23,155.49
2025-01-14,IT-LOM,herbal-tea,93,424.31
2025-01-14,IT-LOM,basil-seeds,48,104.8
2025-01-14,IT-LOM,mint-oil,40,426.77
2025-01-14,IT-LOM,dried-sage,55,369.69
2025-01-15,DE-BE,herbal-tea,36,163.17
2025-01-15,DE-BE,basil-seeds,15,33.25
2025-01-15,DE-BE,mint-oil,18,207.46
2025-01-15,DE-BE,dried-sage,15,103.61
2025-01-15,DE-BY,herbal-tea,139,637.12
2025-01-15,DE-BY,basil-seeds,66,148.75
2025-01-15,DE-BY,mint-oil,67,736.76
2025-01-15,DE-BY,dried-sage,58,410.34
2025-01-15,DE-HH,herbal-tea,18,81.87
2025-01-15,DE-HH,basil-seeds,10,21.68
2025-01-15,DE-HH,mint-oil,6,67.17
2025-01-15,DE-HH,dried-sage,6,41.7
2025-01-15,FR-IDF,herbal-tea,107,487.68
2025-01-15,FR-IDF,basil-seeds,34,77.82
2025-01-15,FR-IDF,mint-oil,44,481.14
2025-01-15,FR-IDF,dried-sage,43,294.73
2025-01-15,FR-ARA,herbal-tea,86,379.07
2025-01-15,FR-ARA,basil-seeds,30,67.63
2025-01-15,FR-ARA,mint-oil,34,375.47
2025-01-15,FR-ARA,dried-sage,35,249.22
2025-01-15,NL-NH,herbal-tea,19,88.33
2025-01-15,NL-NH,basil-seeds,11,23.61
2025-01-15,NL-NH,mint-oil,13,147.38
2025-01-15,NL-NH,dried-sage,9,62.71
2025-01-15,ES-MD,herbal-tea,70,329.58
2025-01-15,ES-MD,basil-seeds,29,61.51
2025-01-15,ES-MD,mint-oil,37,416.13
2025-01-15,ES-MD,dried-sage,25,178.16
2025-01-15,IT-LOM,herbal-tea,143,634.86
2025-01-15,IT-LOM,basil-seeds,37,83.77
2025-01-15,IT-LOM,mint-oil,49,536.56
2025-01-15,IT-LOM,dried-sage,41,283.62
2025-01-16,DE-BE,herbal-tea,37,171.87
2025-01-16,DE-BE,basil-seeds,12,27.56
2025-01-16,DE-BE,mint-oil,17,178.12
2025-01-16,DE-BE,dried-sage,17,120.04
2025-01-16,DE-BY,herbal-tea,89,389.34
2025-01-16,DE-BY,basil-seeds,45,94.68
2025-01-16,DE-BY,mint-oil,63,679.29
2025-01-16,DE-BY,dried-sage,34,229.08
2025-01-16,DE-HH,herbal-tea,26,114.71
2025-01-16,DE-HH,basil-seeds,10,21.98
2025-01-16,DE-HH,mint-oil,10,105.99
2025-01-16,DE-HH,dried-sage,9,60.92
2025-01-16,FR-IDF,herbal-tea,113,531.18
2025-01-16,FR-IDF,basil-seeds,36,78.56
2025-01-16,FR-IDF,mint-oil,49,534.41
2025-01-16,FR-IDF,dried-sage,44,287.2
2025-01-16,FR-ARA,herbal-tea,71,333.93
2025-01-16,FR-ARA,basil-seeds,33,69.21
2025-01-16,FR-ARA,mint-oil,28,321.88
2025-01-16,FR-ARA,dried-sage,37,260.54
2025-01-16,NL-NH,herbal-tea,39,176.28
2025-01-16,NL-NH,basil-seeds,13,29.97
2025-01-16,NL-NH,mint-oil,10,106.59
2025-01-16,NL-NH,dried-sage,13,85.06
2025-01-16,ES-MD,herbal-tea,82,375.01
2025-01-16,ES-MD,basil-seeds,23,51.32
2025-01-16,ES-MD,mint-oil,26,294.2
2025-01-16,ES-MD,dried-sage,27,178.89
2025-01-16,IT-LOM,herbal-tea,126,542.54
2025-01-16,IT-LOM,basil-seeds,47,106.14
2025-01-16,IT-LOM,mint-oil,41,467.67
2025-01-16,IT-LOM,dried-sage,45,300.75
2025-01-17,DE-BE,herbal-tea,51,218.09
2025-01-17,DE-BE,basil-seeds,20,45.58
2025-01-17,DE-BE,mint-oil,16,171.61
2025-01-17,DE-BE,dried-sage,16,105.26
2025-01-17,DE-BY,herbal-tea,141,603.72
2025-01-17,DE-BY,basil-seeds,52,117.72
2025-01-17,DE-BY,mint-oil,54,574.65
2025-01-17,DE-BY,dried-sage,62,402.73
2025-01-17,DE-HH,herbal-tea,20,92.21
2025-01-17,DE-HH,basil-seeds,5,10.97
2025-01-17,DE-HH,mint-oil,7,73.99
2025-01-17,DE-HH,dried-sage,5,34.01
2025-01-17,FR-IDF,herbal-tea,139,643.22
2025-01-17,FR-IDF,basil-seeds,48,109.48
2025-01-17,FR-IDF,mint-oil,39,448.91
2025-01-17,FR-IDF,dried-sage,48,312.07
2025-01-17,FR-ARA,herbal-tea,71,325.45
2025-01-17,FR-ARA,basil-seeds,33,72.53
2025-01-17,FR-ARA,mint-oil,34,358.32
2025-01-17,FR-ARA,dried-sage,31,213.08
2025-01-17,NL-NH,herbal-tea,36,164.16
2025-01-17,NL-NH,basil-seeds,12,26.53
2025-01-17,NL-NH,mint-oil,8,88.27
2025-01-17,NL-NH,dried-sage,18,121.83
2025-01-17,ES-MD,herbal-tea,69,316.77
2025-01-17,ES-MD,basil-seeds,26,59.22
2025-01-17,ES-MD,mint-oil,22,247.34
2025-01-17,ES-MD,dried-sage,20,132.12
2025-01-17,IT-LOM,herbal-tea,94,416.19
2025-01-17,IT-LOM,basil-seeds,42,91.97
2025-01-17,IT-LOM,mint-oil,37,404.02
2025-01-17,IT-LOM,dried-sage,42,290.32
2025-01-18,DE-BE,herbal-tea,34,159.47
2025-01-18,DE-BE,basil-seeds,15,31.57
2025-01-18,DE-BE,mint-oil,14,147.79
2025-01-18,DE-BE,dried-sage,12,83.55
2025-01-18,DE-BY,herbal-tea,141,639.99
2025-01-18,DE-BY,basil-seeds,36,79.69
2025-01-18,DE-BY,mint-oil,45,487.75
2025-01-18,DE-BY,dried-sage,52,359.45
2025-01-18,DE-HH,herbal-tea,18,82.79
2025-01-18,DE-HH,basil-seeds,3,6.91
2025-01-18,DE-HH,mint-oil,5,55.43
2025-01-18,DE-HH,dried-sage,6,39.63
2025-01-18,FR-IDF,herbal-tea,108,466.96
2025-01-18,FR-IDF,basil-seeds,38,86.49
2025-01-18,FR-IDF,mint-oil,33,365.69
2025-01-18,FR-IDF,dried-sage,55,385.49
2025-01-18,FR-ARA,herbal-tea,102,473.62
2025-01-18,FR-ARA,basil-seeds,15,33.37
2025-01-18,FR-ARA,mint-oil,28,321.22
2025-01-18,FR-ARA,dried-sage,28,196.67
2025-01-18,NL-NH,herbal-tea,27,123.96
2025-01-18,NL-NH,basil-seeds,12,25.9
2025-01-18,NL-NH,mint-oil,10,114.07
2025-01-18,NL-NH,dried-sage,10,68.45
2025-01-18,ES-MD,herbal-tea,59,269.04
2025-01-18,ES-MD,basil-seeds,26,54.52
2025-01-18,ES-MD,mint-oil,24,261.88
2025-01-18,ES-MD,dried-sage,21,140.53
2025-01-18,IT-LOM,herbal-tea,74,342.22
2025-01-18,IT-LOM,basil-seeds,44,97.45
2025-01-18,IT-LOM,mint-oil,38,403.68
2025-01-18,IT-LOM,dried-sage,37,254.56
2025-01-19,DE-BE,herbal-tea,34,155.48
2025-01-19,DE-BE,basil-seeds,11,24.17
2025-01-19,DE-BE,mint-oil,11,124.08
2025-01-19,DE-BE,dried-sage,14,91.52
2025-01-19,DE-BY,herbal-tea,108,494.67
2025-01-19,DE-BY,basil-seeds,51,112.05
2025-01-19,DE-BY,mint-oil,46,500.7
2025-01-19,DE-BY,dried-sage,45,309.04
2025-01-19,DE-HH,herbal-tea,21,91.77
2025-01-19,DE-HH,basil-seeds,6,12.72
2025-01-19,DE-HH,mint-oil,6,62.75
2025-01-19,DE-HH,dried-sage,8,55.74
2025-01-19,FR-IDF,herbal-tea,128,587.73
2025-01-19,FR-IDF,basil-seeds,52,114.4
2025-01-19,FR-IDF,mint-oil,52,547.52
2025-01-19,FR-IDF,dried-sage,29,204.33
2025-01-19,FR-ARA,herbal-tea,80,375.16
2025-01-19,FR-ARA,basil-seeds,29,66.11
2025-01-19,FR-ARA,mint-oil,22,247.07
2025-01-19,FR-ARA,dried-sage,25,168.6
2025-01-19,NL-NH,herbal-tea,29,128.21
2025-01-19,NL-NH,basil-seeds,10,22.66
2025-01-19,NL-NH,mint-oil,7,80.23
2025-01-19,NL-NH,dried-sage,7,45.64
2025-01-19,ES-MD,herbal-tea,71,322.34
2025-01-19,ES-MD,basil-seeds,21,46.31
2025-01-19,ES-MD,mint-oil,21,227.29
2025-01-19,ES-MD,dried-sage,27,180.54
2025-01-19,IT-LOM,herbal-tea,107,462.92
2025-01-19,IT-LOM,basil-seeds,43,94.69
2025-01-19,IT-LOM,mint-oil,41,461.25
2025-01-19,IT-LOM,dried-sage,32,224.54
2025-01-20,DE-BE,herbal-tea,44,191.0
2025-01-20,DE-BE,basil-seeds,13,27.73
2025-01-20,DE-BE,mint-oil,11,122.88
2025-01-20,DE-BE,dried-sage,12,78.97
2025-01-20,DE-BY,herbal-tea,148,682.95
2025-01-20,DE-BY,basil-seeds,42,94.8
2025-01-20,DE-BY,mint-oil,32,354.27
2025-01-20,DE-BY,dried-sage,61,420.41
2025-01-20,DE-HH,herbal-tea,15,68.36
2025-01-20,DE-HH,basil-seeds,5,10.62
2025-01-20,DE-HH,mint-oil,9,97.05
2025-01-20,DE-HH,dried-sage,8,53.17
2025-01-20,FR-IDF,herbal-tea,159,701.93
2025-01-20,FR-IDF,basil-seeds,53,116.04
2025-01-20,FR-IDF,mint-oil,65,684.74
2025-01-20,FR-IDF,dried-sage,55,387.62
2025-01-20,FR-ARA,herbal-tea,101,454.82
2025-01-20,FR-ARA,basil-seeds,26,56.99
2025-01-20,FR-ARA,mint-oil,22,251.58
2025-01-20,FR-ARA,dried-sage,29,196.21
2025-01-20,NL-NH,herbal-tea,35,154.69
2025-01-20,NL-NH,basil-seeds,8,17.56
2025-01-20,NL-NH,mint-oil,12,126.77
2025-01-20,NL-NH,dried-sage,12,84.86
2025-01-20,ES-MD,herbal-tea,62,279.13
2025-01-20,ES-MD,basil-seeds,34,72.35
2025-01-20,ES-MD,mint-oil,27,295.2
2025-01-20,ES-MD,dried-sage,33,224.91
2025-01-20,IT-LOM,herbal-tea,118,519.47
2025-01-20,IT-LOM,basil-seeds,46,100.28
2025-01-20,IT-LOM,mint-oil,35,396.14
2025-01-20,IT-LOM,dried-sage,49,338.11
2025-01-21,DE-BE,herbal-tea,45,206.11
2025-01-21,DE-BE,basil-seeds,16,34.44
2025-01-21,DE-BE,mint-oil,15,171.7
2025-01-21,DE-BE,dried-sage,11,77.59
2025-01-21,DE-BY,herbal-tea,126,546.67
2025-01-21,DE-BY,basil-seeds,65,140.85
2025-01-21,DE-BY,mint-oil,69,750.8
2025-01-21,DE-BY,dried-sage,51,350.1
2025-01-21,DE-HH,herbal-tea,23,102.22
2025-01-21,DE-HH,basil-seeds,7,15.85
2025-01-21,DE-HH,mint-oil,8,90.89
2025-01-21,DE-HH,dried-sage,5,34.81
2025-01-21,FR-IDF,herbal-tea,120,547.89
2025-01-21,FR-IDF,basil-seeds,39,85.14
2025-01-21,FR-IDF,mint-oil,44,468.52
2025-01-21,FR-IDF,dried-sage,56,369.92
2025-01-21,FR-ARA,herbal-tea,105,459.58
2025-01-21,FR-ARA,basil-seeds,30,63.61
2025-01-21,FR-ARA,mint-oil,43,454.13
2025-01-21,FR-ARA,dried-sage,38,265.4
2025-01-21,NL-NH,herbal-tea,38,163.1
2025-01-21,NL-NH,basil-seeds,8,17.31
2025-01-21,NL-NH,mint-oil,12,130.37
2025-01-21,NL-NH,dried-sage,10,65.7
2025-01-21,ES-MD,herbal-tea,85,394.32
2025-01-21,ES-MD,basil-seeds,20,42.53
2025-01-21,ES-MD,mint-oil,22,246.27
2025-01-21,ES-MD,dried-sage,29,192.02
2025-01-21,IT-LOM,herbal-tea,92,424.29
2025-01-21,IT-LOM,basil-seeds,42,91.93
2025-01-21,IT-LOM,mint-oil,34,385.54
2025-01-21,IT-LOM,dried-sage,39,264.38
2025-01-22,DE-BE,herbal-tea,45,211.55
2025-01-22,DE-BE,basil-seeds,13,29.99
2025-01-22,DE-BE,mint-oil,13,141.31
2025-01-22,DE-BE,dried-sage,16,109.1
2025-01-22,DE-BY,herbal-tea,192,890.03
2025-01-22,DE-BY,basil-seeds,50,106.02
2025-01-22,DE-BY,mint-oil,54,616.22
2025-01-22,DE-BY,dried-sage,68,464.92
2025-01-22,DE-HH,herbal-tea,26,121.11
2025-01-22,DE-HH,basil-seeds,9,19.37
2025-01-22,DE-HH,mint-oil,7,80.12
2025-01-22,DE-HH,dried-sage,6,39.36
2025-01-22,FR-IDF,herbal-tea,77,336.87
2025-01-22,FR-IDF,basil-seeds,58,126.98
2025-01-22,FR-IDF,mint-oil,48,504.41
2025-01-22,FR-IDF,dried-sage,51,346.87
2025-01-22,FR-ARA,herbal-tea,92,408.82
2025-01-22,FR-ARA,basil-seeds,52,109.0
2025-01-22,FR-ARA,mint-oil,43,480.09
2025-01-22,FR-ARA,dried-sage,27,188.95
2025-01-22,NL-NH,herbal-tea,35,162.69
2025-01-22,NL-NH,basil-seeds,13,29.16
2025-01-22,NL-NH,mint-oil,14,153.21
2025-01-22,NL-NH,dried-sage,14,90.49
2025-01-22,ES-MD,herbal-tea,83,386.01
2025-01-22,ES-MD,basil-seeds,29,64.11
2025-01-22,ES-MD,mint-oil,26,274.88
2025-01-22,ES-MD,dried-sage,21,139.77
2025-01-22,IT-LOM,herbal-tea,106,473.18
2025-01-22,IT-LOM,basil-seeds,42,95.12
2025-01-22,IT-LOM,mint-oil,37,423.49
2025-01-22,IT-LOM,dried-sage,41,281.5
2025-01-23,DE-BE,herbal-tea,51,223.58
2025-01-23,DE-BE,basil-seeds,16,33.95
2025-01-23,DE-BE,mint-oil,12,128.58
2025-01-23,DE-BE,dried-sage,17,114.64
2025-01-23,DE-BY,herbal-tea,138,650.48
2025-01-23,DE-BY,basil-seeds,50,105.24
2025-01-23,DE-BY,mint-oil,42,484.56
2025-01-23,DE-BY,dried-sage,52,355.51
2025-01-23,DE-HH,herbal-tea,17,77.54
2025-01-23,DE-HH,basil-seeds,8,18.45
2025-01-23,DE-HH,mint-oil,7,79.22
2025-01-23,DE-HH,dried-sage,7,46.86
2025-01-23,FR-IDF,herbal-tea,128,591.64
2025-01-23,FR-IDF,basil-seeds,36,81.06
2025-01-23,FR-IDF,mint-oil,48,530.43
2025-01-23,FR-IDF,dried-sage,52,364.69
2025-01-23,FR-ARA,herbal-tea,100,448.41
2025-01-23,FR-ARA,basil-seeds,42,94.21
2025-01-23,FR-ARA,mint-oil,25,262.99
2025-01-23,FR-ARA,dried-sage,24,167.71
2025-01-23,NL-NH,herbal-tea,27,115.96
2025-01-23,NL-NH,basil-seeds,12,25.61
2025-01-23,NL-NH,mint-oil,16,176.27
2025-01-23,NL-NH,dried-sage,13,92.72
2025-01-23,ES-MD,herbal-tea,64,295.29
2025-01-23,ES-MD,basil-seeds,26,55.43
2025-01-23,ES-MD,mint-oil,22,250.85
2025-01-23,ES-MD,dried-sage,34,227.31
2025-01-23,IT-LOM,herbal-tea,121,565.71
2025-01-23,IT-LOM,basil-seeds,45,101.41
2025-01-23,IT-LOM,mint-oil,46,529.97
2025-01-23,IT-LOM,dried-sage,36,244.71
2025-01-24,DE-BE,herbal-tea,24,108.21
2025-01-24,DE-BE,basil-seeds,15,33.99
2025-01-24,DE-BE,mint-oil,15,166.69
2025-01-24,DE-BE,dried-sage,14,98.27
2025-01-24,DE-BY,herbal-tea,121,521.63
2025-01-24,DE-BY,basil-seeds,51,114.01
2025-01-24,DE-BY,mint-oil,49,535.02
2025-01-24,DE-BY,dried-sage,66,457.32
2025-01-24,DE-HH,herbal-tea,19,88.66
2025-01-24,DE-HH,basil-seeds,7,15.17
2025-01-24,DE-HH,mint-oil,8,92.22
2025-01-24,DE-HH,dried-sage,7,49.73
2025-01-24,FR-IDF,herbal-tea,163,723.47
2025-01-24,FR-IDF,basil-seeds,55,124.64
2025-01-24,FR-IDF,mint-oil,39,413.68
2025-01-24,FR-IDF,dried-sage,29,199.32
2025-01-24,FR-ARA,herbal-tea,88,378.86
2025-01-24,FR-ARA,basil-seeds,31,70.1
2025-01-24,FR-ARA,mint-oil,28,310.07
2025-01-24,FR-ARA,dried-sage,37,254.24
2025-01-24,NL-NH,herbal-tea,25,111.06
2025-01-24,NL-NH,basil-seeds,7,15.81
2025-01-24,NL-NH,mint-oil,9,97.99
2025-01-24,NL-NH,dried-sage,10,69.02
2025-01-24,ES-MD,herbal-tea,74,340.85
2025-01-24,ES-MD,basil-seeds,30,65.99
2025-01-24,ES-MD,mint-oil,22,236.23
2025-01-24,ES-MD,dried-sage,32,212.38
2025-01-24,IT-LOM,herbal-tea,44,193.75
2025-01-24,IT-LOM,basil-seeds,48,110.0
2025-01-24,IT-LOM,mint-oil,36,409.97
2025-01-24,IT-LOM,dried-sage,40,270.7
2025-01-25,DE-BE,herbal-tea,43,185.52
2025-01-25,DE-BE,basil-seeds,12,26.88
2025-01-25,DE-BE,mint-oil,15,162.48
2025-01-25,DE-BE,dried-sage,11,71.55
2025-01-25,DE-BY,herbal-tea,73,340.04
2025-01-25,DE-BY,basil-seeds,42,94.36
2025-01-25,DE-BY,mint-oil,60,679.38
2025-01-25,DE-BY,dried-sage,41,279.04
2025-01-25,DE-HH,herbal-tea,19,82.41
2025-01-25,DE-HH,basil-seeds,7,15.85
2025-01-25,DE-HH,mint-oil,8,86.85
2025-01-25,DE-HH,dried-sage,7,49.05
2025-01-25,FR-IDF,herbal-tea,85,366.67
2025-01-25,FR-IDF,basil-seeds,40,86.32
2025-01-25,FR-IDF,mint-oil,58,639.64
2025-01-25,FR-IDF,dried-sage,44,307.25
2025-01-25,FR-ARA,herbal-tea,80,377.01
2025-01-25,FR-ARA,basil-seeds,27,60.25
2025-01-25,FR-ARA,mint-oil,20,216.58
2025-01-25,FR-ARA,dried-sage,32,225.82
2025-01-25,NL-NH,herbal-tea,29,126.35
2025-01-25,NL-NH,basil-seeds,7,16.12
2025-01-25,NL-NH,mint-oil,6,63.07
2025-01-25,NL-NH,dried-sage,12,78.53
2025-01-25,ES-MD,herbal-tea,70,309.41
2025-01-25,ES-MD,basil-seeds,27,60.64
2025-01-25,ES-MD,mint-oil,17,194.39
2025-01-25,ES-MD,dried-sage,34,239.2
2025-01-25,IT-LOM,herbal-tea,96,434.2
2025-01-25,IT-LOM,basil-seeds,46,97.41
2025-01-25,IT-LOM,mint-oil,33,363.09
2025-01-25,IT-LOM,dried-sage,44,289.29
2025-01-26,DE-BE,herbal-tea,41,187.43
2025-01-26,DE-BE,basil-seeds,13,29.23
2025-01-26,DE-BE,mint-oil,9,99.63
2025-01-26,DE-BE,dried-sage,10,70.21
2025-01-26,DE-BY,herbal-tea,136,620.66
2025-01-26,DE-BY,basil-seeds,48,106.41
2025-01-26,DE-BY,mint-oil,38,414.51
2025-01-26,DE-BY,dried-sage,34,234.41
2025-01-26,DE-HH,herbal-tea,12,52.86
2025-01-26,DE-HH,basil-seeds,6,13.8
2025-01-26,DE-HH,mint-oil,4,44.81
2025-01-26,DE-HH,dried-sage,7,46.64
2025-01-26,FR-IDF,herbal-tea,125,559.1
2025-01-26,FR-IDF,basil-seeds,45,98.84
2025-01-26,FR-IDF,mint-oil,47,507.31
2025-01-26,FR-IDF,dried-sage,56,389.12
2025-01-26,FR-ARA,herbal-tea,74,348.83
2025-01-26,FR-ARA,basil-seeds,17,36.02
2025-01-26,FR-ARA,mint-oil,23,248.42
2025-01-26,FR-ARA,dried-sage,34,230.42
2025-01-26,NL-NH,herbal-tea,27,116.6
2025-01-26,NL-NH,basil-seeds,12,25.85
2025-01-26,NL-NH,mint-oil,8,85.78
2025-01-26,NL-NH,dried-sage,12,84.58
2025-01-26,ES-MD,herbal-tea,72,326.52
2025-01-26,ES-MD,basil-seeds,28,60.45
2025-01-26,ES-MD,mint-oil,25,275.4
2025-01-26,ES-MD,dried-sage,18,122.38
2025-01-26,IT-LOM,herbal-tea,94,441.83
2025-01-26,IT-LOM,basil-seeds,37,81.44
2025-01-26,IT-LOM,mint-oil,41,444.37
2025-01-26,IT-LOM,dried-sage,34,220.81
2025-01-27,DE-BE,herbal-tea,25,114.24
2025-01-27,DE-BE,basil-seeds,15,32.9
2025-01-27,DE-BE,mint-oil,10,109.24
2025-01-27,DE-BE,dried-sage,14,98.84
2025-01-27,DE-BY,herbal-tea,137,608.24
2025-01-27,DE-BY,basil-seeds,37,80.59
2025-01-27,DE-BY,mint-oil,48,530.81
2025-01-27,DE-BY,dried-sage,51,332.01
2025-01-27,DE-HH,herbal-tea,14,61.61
2025-01-27,DE-HH,basil-seeds,7,16.15
2025-01-27,DE-HH,mint-oil,7,80.66
2025-01-27,DE-HH,dried-sage,7,47.09
2025-01-27,FR-IDF,herbal-tea,138,648.26
2025-01-27,FR-IDF,basil-seeds,41,92.5
2025-01-27,FR-IDF,mint-oil,53,583.0
2025-01-27,FR-IDF,dried-sage,60,389.45
2025-01-27,FR-ARA,herbal-tea,97,435.35
2025-01-27,FR-ARA,basil-seeds,37,81.05
2025-01-27,FR-ARA,mint-oil,27,291.89
2025-01-27,FR-ARA,dried-sage,28,192.55
2025-01-27,NL-NH,herbal-tea,41,188.92
2025-01-27,NL-NH,basil-seeds,17,36.65
2025-01-27,NL-NH,mint-oil,9,99.32
2025-01-27,NL-NH,dried-sage,15,104.13
2025-01-27,ES-MD,herbal-tea,66,293.09
2025-01-27,ES-MD,basil-seeds,36,80.58
2025-01-27,ES-MD,mint-oil,34,385.1
2025-01-27,ES-MD,dried-sage,26,180.78
2025-01-27,IT-LOM,herbal-tea,106,475.79
2025-01-27,IT-LOM,basil-seeds,38,87.5
2025-01-27,IT-LOM,mint-oil,43,476.67
2025-01-27,IT-LOM,dried-sage,27,187.66
2025-01-28,DE-BE,herbal-tea,37,168.65
2025-01-28,DE-BE,basil-seeds,14,31.17
2025-01-28,DE-BE,mint-oil,16,179.18
2025-01-28,DE-BE,dried-sage,14,90.74
2025-01-28,DE-BY,herbal-tea,156,668.23
2025-01-28,DE-BY,basil-seeds,52,112.27
2025-01-28,DE-BY,mint-oil,63,686.79
2025-01-28,DE-BY,dried-sage,66,461.14
2025-01-28,DE-HH,herbal-tea,27,124.37
2025-01-28,DE-HH,basil-seeds,6,12.62
2025-01-28,DE-HH,mint-oil,8,86.46
2025-01-28,DE-HH,dried-sage,8,55.28
2025-01-28,FR-IDF,herbal-tea,111,483.18
2025-01-28,FR-IDF,basil-seeds,48,109.95
2025-01-28,FR-IDF,mint-oil,44,497.16
2025-01-28,FR-IDF,dried-sage,56,389.21
2025-01-28,FR-ARA,herbal-tea,72,327.57
2025-01-28,FR-ARA,basil-seeds,25,53.31
2025-01-28,FR-ARA,mint-oil,33,353.01
2025-01-28,FR-ARA,dried-sage,40,284.86
2025-01-28,NL-NH,herbal-tea,30,131.05
2025-01-28,NL-NH,basil-seeds,13,29.19
2025-01-28,NL-NH,mint-oil,11,126.25
2025-01-28,NL-NH,dried-sage,13,91.01
2025-01-28,ES-MD,herbal-tea,73,334.3
2025-01-28,ES-MD,basil-seeds,30,65.21
2025-01-28,ES-MD,mint-oil,37,425.5
2025-01-28,ES-MD,dried-sage,26,182.19
2025-01-28,IT-LOM,herbal-tea,104,478.02
2025-01-28,IT-LOM,basil-seeds,46,99.65
2025-01-28,IT-LOM,mint-oil,35,384.19
2025-01-28,IT-LOM,dried-sage,42,277.09
2025-01-29,DE-BE,herbal-tea,24,110.12
2025-01-29,DE-BE,basil-seeds,14,29.68
2025-01-29,DE-BE,mint-oil,12,128.6
2025-01-29,DE-BE,dried-sage,13,89.9
2025-01-29,DE-BY,herbal-tea,106,455.65
2025-01-29,DE-BY,basil-seeds,51,111.23
2025-01-29,DE-BY,mint-oil,53,598.79
2025-01-29,DE-BY,dried-sage,49,316.71
2025-01-29,DE-HH,herbal-tea,12,53.5
2025-01-29,DE-HH,basil-seeds,6,13.77
2025-01-29,DE-HH,mint-oil,8,85.36
2025-01-29,DE-HH,dried-sage,6,42.69
2025-01-29,FR-IDF,herbal-tea,117,547.98
2025-01-29,FR-IDF,basil-seeds,61,128.69
2025-01-29,FR-IDF,mint-oil,39,438.57
2025-01-29,FR-IDF,dried-sage,44,312.27
2025-01-29,FR-ARA,herbal-tea,96,448.51
2025-01-29,FR-ARA,basil-seeds,30,63.86
2025-01-29,FR-ARA,mint-oil,51,555.22
2025-01-29,FR-ARA,dried-sage,22,149.53
2025-01-29,NL-NH,herbal-tea,45,211.13
2025-01-29,NL-NH,basil-seeds,9,20.55
2025-01-29,NL-NH,mint-oil,14,147.95
2025-01-29,NL-NH,dried-sage,12,85.54
2025-01-29,ES-MD,herbal-tea,65,293.77
2025-01-29,ES-MD,basil-seeds,42,92.34
2025-01-29,ES-MD,mint-oil,37,405.7
2025-01-29,ES-MD,dried-sage,24,158.19
2025-01-29,IT-LOM,herbal-tea,117,524.34
2025-01-29,IT-LOM,basil-seeds,43,92.3
2025-01-29,IT-LOM,mint-oil,45,509.39
2025-01-29,IT-LOM,dried-sage,51,349.15
2025-01-30,DE-BE,herbal-tea,42,195.73
2025-01-30,DE-BE,basil-seeds,13,29.74
2025-01-30,DE-BE,mint-oil,17,179.27
2025-01-30,DE-BE,dried-sage,12,82.98
2025-01-30,DE-BY,herbal-tea,150,663.09
2025-01-30,DE-BY,basil-seeds,59,126.53
2025-01-30,DE-BY,mint-oil,53,597.79
2025-01-30,DE-BY,dried-sage,61,433.63
2025-01-30,DE-HH,herbal-tea,18,77.04
2025-01-30,DE-HH,basil-seeds,9,20.1
2025-01-30,DE-HH,mint-oil,7,74.06
2025-01-30,DE-HH,dried-sage,7,46.68
2025-01-30,FR-IDF,herbal-tea,108,505.2
2025-01-30,FR-IDF,basil-seeds,55,123.46
2025-01-30,FR-IDF,mint-oil,47,538.51
2025-01-30,FR-IDF,dried-sage,53,353.01
2025-01-30,FR-ARA,herbal-tea,79,342.47
2025-01-30,FR-ARA,basil-seeds,30,63.71
2025-01-30,FR-ARA,mint-oil,32,349.04
2025-01-30,FR-ARA,dried-sage,24,164.0
2025-01-30,NL-NH,herbal-tea,24,109.77
2025-01-30,NL-NH,basil-seeds,12,25.66
2025-01-30,NL-NH,mint-oil,12,136.93
2025-01-30,NL-NH,dried-sage,15,97.74
2025-01-30,ES-MD,herbal-tea,53,228.44
2025-01-30,ES-MD,basil-seeds,30,66.42
2025-01-30,ES-MD,mint-oil,33,363.2
2025-01-30,ES-MD,dried-sage,30,205.48
2025-01-30,IT-LOM,herbal-tea,118,532.08
2025-01-30,IT-LOM,basil-seeds,45,95.2
2025-01-30,IT-LOM,mint-oil,43,453.65
2025-01-30,IT-LOM,dried-sage,50,340.35
2025-01-31,DE-BE,herbal-tea,44,198.26
2025-01-31,DE-BE,basil-seeds,12,26.29
2025-01-31,DE-BE,mint-oil,18,204.08
2025-01-31,DE-BE,dried-sage,16,111.23
2025-01-31,DE-BY,herbal-tea,105,484.11
2025-01-31,DE-BY,basil-seeds,65,144.12
2025-01-31,DE-BY,mint-oil,62,652.25
2025-01-31,DE-BY,dried-sage,56,399.62
2025-01-31,DE-HH,herbal-tea,21,98.6
2025-01-31,DE-HH,basil-seeds,7,14.68
2025-01-31,DE-HH,mint-oil,5,56.46
2025-01-31,DE-HH,dried-sage,8,57.0
2025-01-31,FR-IDF,herbal-tea,116,547.73
2025-01-31,FR-IDF,basil-seeds,42,91.31
2025-01-31,FR-IDF,mint-oil,63,684.38
2025-01-31,FR-IDF,dried-sage,35,242.35
2025-01-31,FR-ARA,herbal-tea,76,347.25
2025-01-31,FR-ARA,basil-seeds,26,56.33
2025-01-31,FR-ARA,mint-oil,36,397.14
2025-01-31,FR-ARA,dried-sage,39,271.24
2025-01-31,NL-NH,herbal-tea,31,132.84
2025-01-31,NL-NH,basil-seeds,12,25.87
2025-01-31,NL-NH,mint-oil,10,110.35
2025-01-31,NL-NH,dried-sage,9,63.18
2025-01-31,ES-MD,herbal-tea,74,325.53
2025-01-31,ES-MD,basil-seeds,32,73.48
2025-01-31,ES-MD,mint-oil,27,306.19
2025-01-31,ES-MD,dried-sage,25,168.63
2025-01-31,IT-LOM,herbal-tea,112,479.59
2025-01-31,IT-LOM,basil-seeds,25,53.38
2025-01-31,IT-LOM,mint-oil,42,466.52
2025-01-31,IT-LOM,dried-sage,41,284.47
2025-02-01,DE-BE,herbal-tea,49,218.34
2025-02-01,DE-BE,basil-seeds,15,32.12
2025-02-01,DE-BE,mint-oil,15,157.68
2025-02-01,DE-BE,dried-sage,19,129.25
2025-02-01,DE-BY,herbal-tea,116,534.09
2025-02-01,DE-BY,basil-seeds,66,142.57
2025-02-01,DE-BY,mint-oil,35,378.1
2025-02-01,DE-BY,dried-sage,39,259.94
2025-02-01,DE-HH,herbal-tea,21,91.86
2025-02-01,DE-HH,basil-seeds,8,17.25
2025-02-01,DE-HH,mint-oil,10,114.18
2025-02-01,DE-HH,dried-sage,8,56.64
2025-02-01,FR-IDF,herbal-tea,99,445.3
2025-02-01,FR-IDF,basil-seeds,37,85.24
2025-02-01,FR-IDF,mint-oil,56,633.61
2025-02-01,FR-IDF,dried-sage,39,260.39
2025-02-01,FR-ARA,herbal-tea,69,306.66
2025-02-01,FR-ARA,basil-seeds,30,67.68
2025-02-01,FR-ARA,mint-oil,17,183.27
2025-02-01,FR-ARA,dried-sage,31,215.18
2025-02-01,NL-NH,herbal-tea,32,144.9
2025-02-01,NL-NH,basil-seeds,6,13.82
2025-02-01,NL-NH,mint-oil,9,96.45
2025-02-01,NL-NH,dried-sage,10,65.98
2025-02-01,ES-MD,herbal-tea,47,218.84
2025-02-01,ES-MD,basil-seeds,15,31.66
2025-02-01,ES-MD,mint-oil,24,257.89
2025-02-01,ES-MD,dried-sage,21,145.28
2025-02-01,IT-LOM,herbal-tea,63,274.66
2025-02-01,IT-LOM,basil-seeds,26,58.7
2025-02-01,IT-LOM,mint-oil,34,373.23
2025-02-01,IT-LOM,dried-sage,26,183.33
2025-02-02,DE-BE,herbal-tea,27,115.61
2025-02-02,DE-BE,basil-seeds,20,45.92
2025-02-02,DE-BE,mint-oil,15,173.24
2025-02-02,DE-BE,dried-sage,13,88.21
2025-02-02,DE-BY,herbal-tea,130,567.71
2025-02-02,DE-BY,basil-seeds,61,139.77
2025-02-02,DE-BY,mint-oil,31,336.93
2025-02-02,DE-BY,dried-sage,42,286.56
2025-02-02,DE-HH,herbal-tea,16,72.09
2025-02-02,DE-HH,basil-seeds,7,15.4
2025-02-02,DE-HH,mint-oil,10,109.66
2025-02-02,DE-HH,dried-sage,9,63.28
2025-02-02,FR-IDF,herbal-tea,138,615.66
2025-02-02,FR-IDF,basil-seeds,39,86.34
2025-02-02,FR-IDF,mint-oil,45,483.16
2025-02-02,FR-IDF,dried-sage,49,347.69
2025-02-02,FR-ARA,herbal-tea,63,273.65
2025-02-02,FR-ARA,basil-seeds,26,56.23
2025-02-02,FR-ARA,mint-oil,20,219.98
2025-02-02,FR-ARA,dried-sage,37,255.49
2025-02-02,NL-NH,herbal-tea,26,120.76
2025-02-02,NL-NH,basil-seeds,9,20.72
2025-02-02,NL-NH,mint-oil,9,95.72
2025-02-02,NL-NH,dried-sage,8,56.0
2025-02-02,ES-MD,herbal-tea,76,341.6
2025-02-02,ES-MD,basil-seeds,31,71.04
2025-02-02,ES-MD,mint-oil,17,178.75
2025-02-02,ES-MD,dried-sage,22,142.63
2025-02-02,IT-LOM,herbal-tea,123,562.81
2025-02-02,IT-LOM,basil-seeds,21,47.42
2025-02-02,IT-LOM,mint-oil,23,246.21
2025-02-02,IT-LOM,dried-sage,43,298.46
2025-02-03,DE-BE,herbal-tea,51,226.59
2025-02-03,DE-BE,basil-seeds,15,33.39
2025-02-03,DE-BE,mint-oil,13,142.76
2025-02-03,DE-BE,dried-sage,12,81.5
2025-02-03,DE-BY,herbal-tea,178,761.9
2025-02-03,DE-BY,basil-seeds,54,119.15
2025-02-03,DE-BY,mint-oil,49,512.97
2025-02-03,DE-BY,dried-sage,81,568.05
2025-02-03,DE-HH,herbal-tea,17,79.63
2025-02-03,DE-HH,basil-seeds,5,10.57
2025-02-03,DE-HH,mint-oil,8,85.29
2025-02-03,DE-HH,dried-sage,8,54.54
2025-02-03,FR-IDF,herbal-tea,140,623.5
2025-02-03,FR-IDF,basil-seeds,43,93.4
2025-02-03,FR-IDF,mint-oil,39,450.03
2025-02-03,FR-IDF,dried-sage,56,370.36
2025-02-03,FR-ARA,herbal-tea,74,338.12
2025-02-03,FR-ARA,basil-seeds,22,50.13
2025-02-03,FR-ARA,mint-oil,33,358.62
2025-02-03,FR-ARA,dried-sage,30,205.08
2025-02-03,NL-NH,herbal-tea,32,139.27
2025-02-03,NL-NH,basil-seeds,12,26.4
2025-02-03,NL-NH,mint-oil,8,88.58
2025-02-03,NL-NH,dried-sage,13,91.56
2025-02-03,ES-MD,herbal-tea,88,377.89
2025-02-03,ES-MD,basil-seeds,31,66.23
2025-02-03,ES-MD,mint-oil,35,384.06
2025-02-03,ES-MD,dried-sage,19,123.34
2025-02-03,IT-LOM,herbal-tea,149,697.27
2025-02-03,IT-LOM,basil-seeds,48,106.27
2025-02-03,IT-LOM,mint-oil,57,615.37
2025-02-03,IT-LOM,dried-sage,44,313.01
2025-02-04,DE-BE,herbal-tea,30,137.87
2025-02-04,DE-BE,basil-seeds,13,28.31
2025-02-04,DE-BE,mint-oil,17,182.15
2025-02-04,DE-BE,dried-sage,16,112.44
2025-02-04,DE-BY,herbal-tea,100,442.43
2025-02-04,DE-BY,basil-seeds,67,151.17
2025-02-04,DE-BY,mint-oil,73,821.0
2025-02-04,DE-BY,dried-sage,77,523.64
2025-02-04,DE-HH,herbal-tea,21,93.91
2025-02-04,DE-HH,basil-seeds,7,15.92
2025-02-04,DE-HH,mint-oil,6,69.0
2025-02-04,DE-HH,dried-sage,9,60.57
2025-02-04,FR-IDF,herbal-tea,133,584.93
2025-02-04,FR-IDF,basil-seeds,47,108.49
2025-02-04,FR-IDF,mint-oil,41,470.9
2025-02-04,FR-IDF,dried-sage,50,337.68
2025-02-04,FR-ARA,herbal-tea,77,332.14
2025-02-04,FR-ARA,basil-seeds,24,53.43
2025-02-04,FR-ARA,mint-oil,35,368.91
2025-02-04,FR-ARA,dried-sage,23,150.99
2025-02-04,NL-NH,herbal-tea,29,133.63
2025-02-04,NL-NH,basil-seeds,8,17.28
2025-02-04,NL-NH,mint-oil,12,129.47
2025-02-04,NL-NH,dried-sage,12,80.46
2025-02-04,ES-MD,herbal-tea,73,318.23
2025-02-04,ES-MD,basil-seeds,30,65.66
2025-02-04,ES-MD,mint-oil,22,230.54
2025-02-04,ES-MD,dried-sage,26,174.22
2025-02-04,IT-LOM,herbal-tea,130,574.73
2025-02-04,IT-LOM,basil-seeds,46,100.04
2025-02-04,IT-LOM,mint-oil,38,400.64
2025-02-04,IT-LOM,dried-sage,47,332.42
2025-02-05,DE-BE,herbal-tea,59,267.41
2025-02-05,DE-BE,basil-seeds,11,23.4
2025-02-05,DE-BE,mint-oil,14,150.94
2025-02-05,DE-BE,dried-sage,16,108.73
2025-02-05,DE-BY,herbal-tea,170,758.96
2025-02-05,DE-BY,basil-seeds,58,127.4
2025-02-05,DE-BY,mint-oil,60,643.27
2025-02-05,DE-BY,dried-sage,57,392.45
2025-02-05,DE-HH,herbal-tea,18,77.82
2025-02-05,DE-HH,basil-seeds,7,15.1
2025-02-05,DE-HH,mint-oil,8,89.06
2025-02-05,DE-HH,dried-sage,7,49.05
2025-02-05,FR-IDF,herbal-tea,121,561.68
2025-02-05,FR-IDF,basil-seeds,56,127.63
2025-02-05,FR-IDF,mint-oil,54,583.35
2025-02-05,FR-IDF,dried-sage,48,341.0
2025-02-05,FR-ARA,herbal-tea,91,428.52
2025-02-05,FR-ARA,basil-seeds,37,85.22
2025-02-05,FR-ARA,mint-oil,30,329.7
2025-02-05,FR-ARA,dried-sage,41,280.92
2025-02-05,NL-NH,herbal-tea,32,148.56
2025-02-05,NL-NH,basil-seeds,14,30.47
2025-02-05,NL-NH,mint-oil,14,155.42
2025-02-05,NL-NH,dried-sage,13,88.8
2025-02-05,ES-MD,herbal-tea,66,310.45
2025-02-05,ES-MD,basil-seeds,21,46.02
2025-02-05,ES-MD,mint-oil,26,280.03
2025-02-05,ES-MD,dried-sage,22,152.48
2025-02-05,IT-LOM,herbal-tea,123,548.47
2025-02-05,IT-LOM,basil-seeds,28,61.6
2025-02-05,IT-LOM,mint-oil,36,402.28
2025-02-05,IT-LOM,dried-sage,36,250.07
2025-02-06,DE-BE,herbal-tea,42,198.27
2025-02-06,DE-BE,basil-seeds,14,30.74
2025-02-06,DE-BE,mint-oil,12,137.55
2025-02-06,DE-BE,dried-sage,17,117.82
2025-02-06,DE-BY,herbal-tea,98,434.81
2025-02-06,DE-BY,basil-seeds,49,112.06
2025-02-06,DE-BY,mint-oil,40,421.74
2025-02-06,DE-BY,dried-sage,50,349.14
2025-02-06,DE-HH,herbal-tea,18,82.19
2025-02-06,DE-HH,basil-seeds,6,12.6
2025-02-06,DE-HH,mint-oil,9,98.01
2025-02-06,DE-HH,dried-sage,7,48.8
2025-02-06,FR-IDF,herbal-tea,157,671.92
2025-02-06,FR-IDF,basil-seeds,47,100.91
2025-02-06,FR-IDF,mint-oil,38,421.37
2025-02-06,FR-IDF,dried-sage,48,328.86
2025-02-06,FR-ARA,herbal-tea,72,332.82
2025-02-06,FR-ARA,basil-seeds,34,75.46
2025-02-06,FR-ARA,mint-oil,27,282.88
2025-02-06,FR-ARA,dried-sage,32,208.99
2025-02-06,NL-NH,herbal-tea,18,77.89
2025-02-06,NL-NH,basil-seeds,14,32.16
2025-02-06,NL-NH,mint-oil,13,142.36
2025-02-06,NL-NH,dried-sage,13,85.81
2025-02-06,ES-MD,herbal-tea,58,259.39
2025-02-06,ES-MD,basil-seeds,28,62.81
2025-02-06,ES-MD,mint-oil,26,294.87
2025-02-06,ES-MD,dried-sage,31,202.69
2025-02-06,IT-LOM,herbal-tea,125,572.46
2025-02-06,IT-LOM,basil-seeds,31,65.91
2025-02-06,IT-LOM,mint-oil,46,489.53
2025-02-06,IT-LOM,dried-sage,40,262.76
2025-02-07,DE-BE,herbal-tea,23,100.72
2025-02-07,DE-BE,basil-seeds,13,28.33
2025-02-07,DE-BE,mint-oil,17,185.73
2025-02-07,DE-BE,dried-sage,19,123.12
2025-02-07,DE-BY,herbal-tea,131,594.94
2025-02-07,DE-BY,basil-seeds,49,106.6
2025-02-07,DE-BY,mint-oil,52,586.43
2025-02-07,DE-BY,dried-sage,47,329.47
2025-02-07,DE-HH,herbal-tea,22,102.68
2025-02-07,DE-HH,basil-seeds,7,14.92
2025-02-07,DE-HH,mint-oil,6,64.43
2025-02-07,DE-HH,dried-sage,9,63.42
2025-02-07,FR-IDF,herbal-tea,98,445.28
2025-02-07,FR-IDF,basil-seeds,47,104.55
2025-02-07,FR-IDF,mint-oil,42,477.96
2025-02-07,FR-IDF,dried-sage,45,309.59
2025-02-07,FR-ARA,herbal-tea,97,427.66
2025-02-07,FR-ARA,basil-seeds,24,53.4
2025-02-07,FR-ARA,mint-oil,35,370.29
2025-02-07,FR-ARA,dried-sage,34,226.7
2025-02-07,NL-NH,herbal-tea,35,157.67
2025-02-07,NL-NH,basil-seeds,15,32.73
2025-02-07,NL-NH,mint-oil,13,138.51
2025-02-07,NL-NH,dried-sage,13,89.6
2025-02-07,ES-MD,herbal-tea,67,316.57
2025-02-07,ES-MD,basil-seeds,20,44.24
2025-02-07,ES-MD,mint-oil,25,269.9
2025-02-07,ES-MD,dried-sage,28,189.47
2025-02-07,IT-LOM,herbal-tea,126,539.19
2025-02-07,IT-LOM,basil-seeds,42,89.04
2025-02-07,IT-LOM,mint-oil,48,528.29
2025-02-07,IT-LOM,dried-sage,22,149.52
2025-02-08,DE-BE,herbal-tea,34,158.2
2025-02-08,DE-BE,basil-seeds,11,24.17
2025-02-08,DE-BE,mint-oil,14,158.02
2025-02-08,DE-BE,dried-sage,14,93.22
2025-02-08,DE-BY,herbal-tea,123,535.14
2025-02-08,DE-BY,basil-seeds,60,131.44
2025-02-08,DE-BY,mint-oil,47,519.57
2025-02-08,DE-BY,dried-sage,31,202.65
2025-02-08,DE-HH,herbal-tea,23,106.85
2025-02-08,DE-HH,basil-seeds,8,17.37
2025-02-08,DE-HH,mint-oil,6,67.45
2025-02-08,DE-HH,dried-sage,6,40.99
2025-02-08,FR-IDF,herbal-tea,129,599.66
2025-02-08,FR-IDF,basil-seeds,43,96.98
2025-02-08,FR-IDF,mint-oil,33,361.18
2025-02-08,FR-IDF,dried-sage,77,515.67
2025-02-08,FR-ARA,herbal-tea,84,396.67
2025-02-08,FR-ARA,basil-seeds,23,51.99
2025-02-08,FR-ARA,mint-oil,30,332.9
2025-02-08,FR-ARA,dried-sage,40,267.94
2025-02-08,NL-NH,herbal-tea,26,113.09
2025-02-08,NL-NH,basil-seeds,7,14.84
2025-02-08,NL-NH,mint-oil,11,115.67
2025-02-08,NL-NH,dried-sage,12,80.38
2025-02-08,ES-MD,herbal-tea,62,274.08
2025-02-08,ES-MD,basil-seeds,31,69.59
2025-02-08,ES-MD,mint-oil,23,262.06
2025-02-08,ES-MD,dried-sage,28,199.64
2025-02-08,IT-LOM,herbal-tea,92,433.16
2025-02-08,IT-LOM,basil-seeds,33,74.67
2025-02-08,IT-LOM,mint-oil,56,638.61
2025-02-08,IT-LOM,dried-sage,24,157.11
2025-02-09,DE-BE,herbal-tea,41,188.4
2025-02-09,DE-BE,basil-seeds,12,27.27
2025-02-09,DE-BE,mint-oil,14,153.84
2025-02-09,DE-BE,dried-sage,9,61.67
2025-02-09,DE-BY,herbal-tea,125,559.8
2025-02-09,DE-BY,basil-seeds,58,129.31
2025-02-09,DE-BY,mint-oil,51,561.88
2025-02-09,DE-BY,dried-sage,45,299.21
2025-02-09,DE-HH,herbal-tea,21,98.75
2025-02-09,DE-HH,basil-seeds,6,12.97
2025-02-09,DE-HH,mint-oil,9,101.3
2025-02-09,DE-HH,dried-sage,6,41.74
2025-02-09,FR-IDF,herbal-tea,82,363.77
2025-02-09,FR-IDF,basil-seeds,47,98.88
2025-02-09,FR-IDF,mint-oil,37,404.14
2025-02-09,FR-IDF,dried-sage,42,277.37
2025-02-09,FR-ARA,herbal-tea,74,327.6
2025-02-09,FR-ARA,basil-seeds,40,88.69
2025-02-09,FR-ARA,mint-oil,22,238.22
2025-02-09,FR-ARA,dried-sage,26,180.03
2025-02-09,NL-NH,herbal-tea,30,138.83
2025-02-09,NL-NH,basil-seeds,10,21.91
2025-02-09,NL-NH,mint-oil,13,142.16
2025-02-09,NL-NH,dried-sage,13,83.99
2025-02-09,ES-MD,herbal-tea,74,339.28
2025-02-09,ES-MD,basil-seeds,23,48.74
2025-02-09,ES-MD,mint-oil,22,252.47
2025-02-09,ES-MD,dried-sage,22,146.22
2025-02-09,IT-LOM,herbal-tea,87,386.48
2025-02-09,IT-LOM,basil-seeds,31,70.95
2025-02-09,IT-LOM,mint-oil,39,420.66
2025-02-09,IT-LOM,dried-sage,42,291.3
2025-02-10,DE-BE,herbal-tea,43,197.44
2025-02-10,DE-BE,basil-seeds,19,39.71
2025-02-10,DE-BE,mint-oil,14,149.78
2025-02-10,DE-BE,dried-sage,15,103.84
2025-02-10,DE-BY,herbal-tea,185,858.9
2025-02-10,DE-BY,basil-seeds,55,126.91
2025-02-10,DE-BY,mint-oil,49,515.87
2025-02-10,DE-BY,dried-sage,56,376.35
2025-02-10,DE-HH,herbal-tea,20,88.32
2025-02-10,DE-HH,basil-seeds,7,15.99
2025-02-10,DE-HH,mint-oil,9,101.51
2025-02-10,DE-HH,dried-sage,9,58.95
2025-02-10,FR-IDF,herbal-tea,146,659.0
2025-02-10,FR-IDF,basil-seeds,49,102.5
2025-02-10,FR-IDF,mint-oil,43,483.52
2025-02-10,FR-IDF,dried-sage,41,282.37
2025-02-10,FR-ARA,herbal-tea,97,444.64
2025-02-10,FR-ARA,basil-seeds,37,84.33
2025-02-10,FR-ARA,mint-oil,35,394.72
2025-02-10,FR-ARA,dried-sage,34,233.27
2025-02-10,NL-NH,herbal-tea,20,88.33
2025-02-10,NL-NH,basil-seeds,15,31.81
2025-02-10,NL-NH,mint-oil,11,121.65
2025-02-10,NL-NH,dried-sage,12,82.42
2025-02-10,ES-MD,herbal-tea,55,252.21
2025-02-10,ES-MD,basil-seeds,22,50.08
2025-02-10,ES-MD,mint-oil,25,275.49
2025-02-10,ES-MD,dried-sage,24,163.36
2025-02-10,IT-LOM,herbal-tea,107,460.05
2025-02-10,IT-LOM,basil-seeds,34,77.78
2025-02-10,IT-LOM,mint-oil,49,518.13
2025-02-10,IT-LOM,dried-sage,38,258.39
2025-02-11,DE-BE,herbal-tea,33,155.59
2025-02-11,DE-BE,basil-seeds,13,29.99
2025-02-11,DE-BE,mint-oil,17,193.75
2025-02-11,DE-BE,dried-sage,15,102.7
2025-02-11,DE-BY,herbal-tea,117,540.33
2025-02-11,DE-BY,basil-seeds,65,149.5
2025-02-11,DE-BY,mint-oil,54,568.31
2025-02-11,DE-BY,dried-sage,52,345.19
2025-02-11,DE-HH,herbal-tea,21,97.23
2025-02-11,DE-HH,basil-seeds,7,15.41
2025-02-11,DE-HH,mint-oil,6,65.44
2025-02-11,DE-HH,dried-sage,6,41.62
2025-02-11,FR-IDF,herbal-tea,158,719.25
2025-02-11,FR-IDF,basil-seeds,55,118.31
2025-02-11,FR-IDF,mint-oil,45,480.31
2025-02-11,FR-IDF,dried-sage,59,413.56
2025-02-11,FR-ARA,herbal-tea,71,323.79
2025-02-11,FR-ARA,basil-seeds,31,70.48
2025-02-11,FR-ARA,mint-oil,31,347.77
2025-02-11,FR-ARA,dried-sage,30,208.69
2025-02-11,NL-NH,herbal-tea,33,142.36
2025-02-11,NL-NH,basil-seeds,11,24.04
2025-02-11,NL-NH,mint-oil,9,97.11
2025-02-11,NL-NH,dried-sage,12,83.57
2025-02-11,ES-MD,herbal-tea,73,335.33
2025-02-11,ES-MD,basil-seeds,25,56.11
2025-02-11,ES-MD,mint-oil,34,374.86
2025-02-11,ES-MD,dried-sage,38,265.71
2025-02-11,IT-LOM,herbal-tea,106,459.2
2025-02-11,IT-LOM,basil-seeds,36,81.43
2025-02-11,IT-LOM,mint-oil,38,429.35
2025-02-11,IT-LOM,dried-sage,56,362.88
2025-02-12,DE-BE,herbal-tea,44,189.36
2025-02-12,DE-BE,basil-seeds,13,29.21
2025-02-12,DE-BE,mint-oil,14,153.31
2025-02-12,DE-BE,dried-sage,15,100.57
2025-02-12,DE-BY,herbal-tea,109,484.01
2025-02-12,DE-BY,basil-seeds,54,115.89
2025-02-12,DE-BY,mint-oil,64,719.68
2025-02-12,DE-BY,dried-sage,62,410.15
2025-02-12,DE-HH,herbal-tea,19,88.6
2025-02-12,DE-HH,basil-seeds,7,15.01
2025-02-12,DE-HH,mint-oil,6,63.69
2025-02-12,DE-HH,dried-sage,7,49.65
2025-02-12,FR-IDF,herbal-tea,151,707.63
2025-02-12,FR-IDF,basil-seeds,40,90.12
2025-02-12,FR-IDF,mint-oil,42,458.13
2025-02-12,FR-IDF,dried-sage,53,368.34
2025-02-12,FR-ARA,herbal-tea,86,382.08
2025-02-12,FR-ARA,basil-seeds,35,77.02
2025-02-12,FR-ARA,mint-oil,35,396.72
2025-02-12,FR-ARA,dried-sage,30,213.82
2025-02-12,NL-NH,herbal-tea,34,152.47
2025-02-12,NL-NH,basil-seeds,11,23.67
2025-02-12,NL-NH,mint-oil,13,143.76
2025-02-12,NL-NH,dried-sage,10,64.65
2025-02-12,ES-MD,herbal-tea,79,348.53
2025-02-12,ES-MD,basil-seeds,34,75.72
2025-02-12,ES-MD,mint-oil,21,230.85
2025-02-12,ES-MD,dried-sage,29,202.58
2025-02-12,IT-LOM,herbal-tea,122,563.3
2025-02-12,IT-LOM,basil-seeds,55,117.92
2025-02-12,IT-LOM,mint-oil,48,513.9
2025-02-12,IT-LOM,dried-sage,40,267.82
2025-02-13,DE-BE,herbal-tea,50,235.15
2025-02-13,DE-BE,basil-seeds,10,20.9
2025-02-13,DE-BE,mint-oil,12,135.0
2025-02-13,DE-BE,dried-sage,10,65.31
2025-02-13,DE-BY,herbal-tea,125,562.05
2025-02-13,DE-BY,basil-seeds,52,109.37
2025-02-13,DE-BY,mint-oil,69,728.11
2025-02-13,DE-BY,dried-sage,53,375.58
2025-02-13,DE-HH,herbal-tea,24,110.17
2025-02-13,DE-HH,basil-seeds,6,13.03
2025-02-13,DE-HH,mint-oil,8,84.44
2025-02-13,DE-HH,dried-sage,7,45.86
2025-02-13,FR-IDF,herbal-tea,136,616.15
2025-02-13,FR-IDF,basil-seeds,46,100.54
2025-02-13,FR-IDF,mint-oil,56,601.28
2025-02-13,FR-IDF,dried-sage,48,320.36
2025-02-13,FR-ARA,herbal-tea,95,437.56
2025-02-13,FR-ARA,basil-seeds,23,49.68
2025-02-13,FR-ARA,mint-oil,32,341.54
2025-02-13,FR-ARA,dried-sage,35,244.66
2025-02-13,NL-NH,herbal-tea,28,121.77
2025-02-13,NL-NH,basil-seeds,11,24.12
2025-02-13,NL-NH,mint-oil,9,103.6
2025-02-13,NL-NH,dried-sage,13,85.82
2025-02-13,ES-MD,herbal-tea,70,303.03
2025-02-13,ES-MD,basil-seeds,31,65.86
2025-02-13,ES-MD,mint-oil,24,269.2
2025-02-13,ES-MD,dried-sage,18,116.77
2025-02-13,IT-LOM,herbal-tea,117,504.98
2025-02-13,IT-LOM,basil-seeds,34,72.92
2025-02-13,IT-LOM,mint-oil,35,391.82
2025-02-13,IT-LOM,dried-sage,47,311.93
2025-02-14,DE-BE,herbal-tea,43,191.65
2025-02-14,DE-BE,basil-seeds,15,32.84
2025-02-14,DE-BE,mint-oil,15,164.37
2025-02-14,DE-BE,dried-sage,13,91.09
2025-02-14,DE-BY,herbal-tea,147,683.35
2025-02-14,DE-BY,basil-seeds,55,126.84
2025-02-14,DE-BY,mint-oil,66,716.72
2025-02-14,DE-BY,dried-sage,67,461.54
2025-02-14,DE-HH,herbal-tea,17,74.65
2025-02-14,DE-HH,basil-seeds,6,13.61
2025-02-14,DE-HH,mint-oil,8,91.54
2025-02-14,DE-HH,dried-sage,7,47.33
2025-02-14,FR-IDF,herbal-tea,169,785.55
2025-02-14,FR-IDF,basil-seeds,64,138.43
2025-02-14,FR-IDF,mint-oil,59,627.45
2025-02-14,FR-IDF,dried-sage,52,356.21
2025-02-14,FR-ARA,herbal-tea,94,403.1
2025-02-14,FR-ARA,basil-seeds,27,60.49
2025-02-14,FR-ARA,mint-oil,34,362.3
2025-02-14,FR-ARA,dried-sage,36,239.41
2025-02-14,NL-NH,herbal-tea,33,150.27
2025-02-14,NL-NH,basil-seeds,11,23.58
2025-02-14,NL-NH,mint-oil,11,121.61
2025-02-14,NL-NH,dried-sage,14,91.02
2025-02-14,ES-MD,herbal-tea,72,314.26
2025-02-14,ES-MD,basil-seeds,30,68.54
2025-02-14,ES-MD,mint-oil,20,226.65
2025-02-14,ES-MD,dried-sage,26,182.01
2025-02-14,IT-LOM,herbal-tea,143,634.43
2025-02-14,IT-LOM,basil-seeds,39,86.18
2025-02-14,IT-LOM,mint-oil,24,264.06
2025-02-14,IT-LOM,dried-sage,42,282.41
2025-02-15,DE-BE,herbal-tea,40,174.94
2025-02-15,DE-BE,basil-seeds,16,36.59
2025-02-15,DE-BE,mint-oil,14,161.57
2025-02-15,DE-BE,dried-sage,12,81.84
2025-02-15,DE-BY,herbal-tea,139,655.15
2025-02-15,DE-BY,basil-seeds,8,16.9
2025-02-15,DE-BY,mint-oil,43,487.96
2025-02-15,DE-BY,dried-sage,41,290.43
2025-02-15,DE-HH,herbal-tea,30,131.21
2025-02-15,DE-HH,basil-seeds,8,18.21
2025-02-15,DE-HH,mint-oil,7,79.61
2025-02-15,DE-HH,dried-sage,5,35.17
2025-02-15,FR-IDF,herbal-tea,132,612.19
2025-02-15,FR-IDF,basil-seeds,55,123.39
2025-02-15,FR-IDF,mint-oil,46,516.15
2025-02-15,FR-IDF,dried-sage,43,305.49
2025-02-15,FR-ARA,herbal-tea,58,252.86
2025-02-15,FR-ARA,basil-seeds,26,59.99
2025-02-15,FR-ARA,mint-oil,34,366.86
2025-02-15,FR-ARA,dried-sage,24,163.04
2025-02-15,NL-NH,herbal-tea,31,135.58
2025-02-15,NL-NH,basil-seeds,11,24.26
2025-02-15,NL-NH,mint-oil,15,160.07
2025-02-15,NL-NH,dried-sage,10,65.49
2025-02-15,ES-MD,herbal-tea,59,274.64
2025-02-15,ES-MD,basil-seeds,13,28.1
2025-02-15,ES-MD,mint-oil,31,355.23
2025-02-15,ES-MD,dried-sage,25,174.66
2025-02-15,IT-LOM,herbal-tea,118,555.46
2025-02-15,IT-LOM,basil-seeds,23,49.96
2025-02-15,IT-LOM,mint-oil,43,454.13
2025-02-15,IT-LOM,dried-sage,33,219.95
2025-02-16,DE-BE,herbal-tea,40,188.08
2025-02-16,DE-BE,basil-seeds,15,33.96
2025-02-16,DE-BE,mint-oil,18,191.55
2025-02-16,DE-BE,dried-sage,12,85.42
2025-02-16,DE-BY,herbal-tea,106,490.69
2025-02-16,DE-BY,basil-seeds,26,55.62
2025-02-16,DE-BY,mint-oil,42,453.08
2025-02-16,DE-BY,dried-sage,44,304.84
2025-02-16,DE-HH,herbal-tea,22,103.44
2025-02-16,DE-HH,basil-seeds,8,18.39
2025-02-16,DE-HH,mint-oil,3,34.54
2025-02-16,DE-HH,dried-sage,9,58.34
2025-02-16,FR-IDF,herbal-tea,73,343.86
2025-02-16,FR-IDF,basil-seeds,31,66.3
2025-02-16,FR-IDF,mint-oil,24,254.51
2025-02-16,FR-IDF,dried-sage,35,243.84
2025-02-16,FR-ARA,herbal-tea,81,352.39
2025-02-16,FR-ARA,basil-seeds,46,105.1
2025-02-16,FR-ARA,mint-oil,37,412.66
2025-02-16,FR-ARA,dried-sage,34,240.14
2025-02-16,NL-NH,herbal-tea,23,100.91
2025-02-16,NL-NH,basil-seeds,11,23.15
2025-02-16,NL-NH,mint-oil,10,104.51
2025-02-16,NL-NH,dried-sage,11,73.95
2025-02-16,ES-MD,herbal-tea,62,289.73
2025-02-16,ES-MD,basil-seeds,11,24.18
2025-02-16,ES-MD,mint-oil,20,211.23
2025-02-16,ES-MD,dried-sage,29,196.8
2025-02-16,IT-LOM,herbal-tea,115,527.19
2025-02-16,IT-LOM,basil-seeds,27,57.4
2025-02-16,IT-LOM,mint-oil,49,527.95
2025-02-16,IT-LOM,dried-sage,42,280.42
2025-02-17,DE-BE,herbal-tea,44,191.47
2025-02-17,DE-BE,basil-seeds,15,32.59
2025-02-17,DE-BE,mint-oil,15,171.57
2025-02-17,DE-BE,dried-sage,12,78.28
2025-02-17,DE-BY,herbal-tea,113,507.62
2025-02-17,DE-BY,basil-seeds,46,96.45
2025-02-17,DE-BY,mint-oil,59,674.29
2025-02-17,DE-BY,dried-sage,52,341.48
2025-02-17,DE-HH,herbal-tea,22,95.93
2025-02-17,DE-HH,basil-seeds,8,17.95
2025-02-17,DE-HH,mint-oil,7,75.19
2025-02-17,DE-HH,dried-sage,5,33.26
2025-02-17,FR-IDF,herbal-tea,133,602.8
2025-02-17,FR-IDF,basil-seeds,52,118.29
2025-02-17,FR-IDF,mint-oil,54,589.7
2025-02-17,FR-IDF,dried-sage,56,372.98
2025-02-17,FR-ARA,herbal-tea,76,331.73
2025-02-17,FR-ARA,basil-seeds,25,52.39
2025-02-17,FR-ARA,mint-oil,35,368.9
2025-02-17,FR-ARA,dried-sage,37,260.25
2025-02-17,NL-NH,herbal-tea,29,130.36
2025-02-17,NL-NH,basil-seeds,14,31.3
2025-02-17,NL-NH,mint-oil,14,149.15
2025-02-17,NL-NH,dried-sage,13,91.81
2025-02-17,ES-MD,herbal-tea,64,281.18
2025-02-17,ES-MD,basil-seeds,31,67.96
2025-02-17,ES-MD,mint-oil,28,294.5
2025-02-17,ES-MD,dried-sage,31,216.12
2025-02-17,IT-LOM,herbal-tea,104,460.69
2025-02-17,IT-LOM,basil-seeds,37,81.74
2025-02-17,IT-LOM,mint-oil,50,552.95
2025-02-17,IT-LOM,dried-sage,38,267.21
2025-02-18,DE-BE,herbal-tea,45,203.22
2025-02-18,DE-BE,basil-seeds,12,27.37
2025-02-18,DE-BE,mint-oil,9,98.76
2025-02-18,DE-BE,dried-sage,16,104.22
2025-02-18,DE-BY,herbal-tea,179,805.67
2025-02-18,DE-BY,basil-seeds,45,102.96
2025-02-18,DE-BY,mint-oil,58,645.67
2025-02-18,DE-BY,dried-sage,39,255.13
2025-02-18,DE-HH,herbal-tea,20,94.36
2025-02-18,DE-HH,basil-seeds,6,13.82
2025-02-18,DE-HH,mint-oil,7,76.41
2025-02-18,DE-HH,dried-sage,6,42.79
2025-02-18,FR-IDF,herbal-tea,55,250.65
2025-02-18,FR-IDF,basil-seeds,62,140.96
2025-02-18,FR-IDF,mint-oil,48,549.87
2025-02-18,FR-IDF,dried-sage,69,448.88
2025-02-18,FR-ARA,herbal-tea,75,331.63
2025-02-18,FR-ARA,basil-seeds,36,77.43
2025-02-18,FR-ARA,mint-oil,20,226.3
2025-02-18,FR-ARA,dried-sage,36,247.81
2025-02-18,NL-NH,herbal-tea,25,111.54
2025-02-18,NL-NH,basil-seeds,11,23.35
2025-02-18,NL-NH,mint-oil,8,91.87
2025-02-18,NL-NH,dried-sage,9,63.8
2025-02-18,ES-MD,herbal-tea,68,299.45
2025-02-18,ES-MD,basil-seeds,26,57.4
2025-02-18,ES-MD,mint-oil,24,260.91
2025-02-18,ES-MD,dried-sage,32,217.29
2025-02-18,IT-LOM,herbal-tea,103,453.09
2025-02-18,IT-LOM,basil-seeds,39,82.74
2025-02-18,IT-LOM,mint-oil,31,325.27
2025-02-18,IT-LOM,dried-sage,33,233.14
2025-02-19,DE-BE,herbal-tea,39,179.81
2025-02-19,DE-BE,basil-seeds,17,38.97
2025-02-19,DE-BE,mint-oil,16,181.59
2025-02-19,DE-BE,dried-sage,15,99.99
2025-02-19,DE-BY,herbal-tea,138,633.18
2025-02-19,DE-BY,basil-seeds,65,137.25
2025-02-19,DE-BY,mint-oil,57,656.73
2025-02-19,DE-BY,dried-sage,50,338.07
2025-02-19,DE-HH,herbal-tea,21,93.71
2025-02-19,DE-HH,basil-seeds,6,13.39
2025-02-19,DE-HH,mint-oil,8,90.85
2025-02-19,DE-HH,dried-sage,8,55.71
2025-02-19,FR-IDF,herbal-tea,135,627.0
2025-02-19,FR-IDF,basil-seeds,31,68.3
2025-02-19,FR-IDF,mint-oil,53,583.4
2025-02-19,FR-IDF,dried-sage,56,366.93
2025-02-19,FR-ARA,herbal-tea,107,458.82
2025-02-19,FR-ARA,basil-seeds,22,46.91
2025-02-19,FR-ARA,mint-oil,38,407.53
2025-02-19,FR-ARA,dried-sage,22,148.95
2025-02-19,NL-NH,herbal-tea,39,171.53
2025-02-19,NL-NH,basil-seeds,10,22.71
2025-02-19,NL-NH,mint-oil,8,84.69
2025-02-19,NL-NH,dried-sage,11,71.29
2025-02-19,ES-MD,herbal-tea,61,265.65
2025-02-19,ES-MD,basil-seeds,32,73.01
2025-02-19,ES-MD,mint-oil,23,244.49
2025-02-19,ES-MD,dried-sage,25,176.71
2025-02-19,IT-LOM,herbal-tea,108,475.55
2025-02-19,IT-LOM,basil-seeds,29,63.08
2025-02-19,IT-LOM,mint-oil,45,518.01
2025-02-19,IT-LOM,dried-sage,48,338.06
2025-02-20,DE-BE,herbal-tea,34,149.47
2025-02-20,DE-BE,basil-seeds,12,26.16
2025-02-20,DE-BE,mint-oil,20,225.89
2025-02-20,DE-BE,dried-sage,16,103.46
2025-02-20,DE-BY,herbal-tea,177,804.56
2025-02-20,DE-BY,basil-seeds,46,96.23
2025-02-20,DE-BY,mint-oil,53,571.66
2025-02-20,DE-BY,dried-sage,72,512.47
2025-02-20,DE-HH,herbal-tea,17,75.56
2025-02-20,DE-HH,basil-seeds,6,13.0
2025-02-20,DE-HH,mint-oil,7,78.36
2025-02-20,DE-HH,dried-sage,9,63.18
2025-02-20,FR-IDF,herbal-tea,123,554.14
2025-02-20,FR-IDF,basil-seeds,52,116.26
2025-02-20,FR-IDF,mint-oil,54,602.75
2025-02-20,FR-IDF,dried-sage,42,288.71
2025-02-20,FR-ARA,herbal-tea,85,365.82
2025-02-20,FR-ARA,basil-seeds,35,80.76
2025-02-20,FR-ARA,mint-oil,25,268.43
2025-02-20,FR-ARA,dried-sage,23,159.7
2025-02-20,NL-NH,herbal-tea,35,151.99
2025-02-20,NL-NH,basil-seeds,10,22.58
2025-02-20,NL-NH,mint-oil,15,169.99
2025-02-20,NL-NH,dried-sage,9,61.81
2025-02-20,ES-MD,herbal-tea,63,289.77
2025-02-20,ES-MD,basil-seeds,21,46.92
2025-02-20,ES-MD,mint-oil,31,338.22
2025-02-20,ES-MD,dried-sage,27,181.55
2025-02-20,IT-LOM,herbal-tea,138,625.47
2025-02-20,IT-LOM,basil-seeds,43,91.67
2025-02-20,IT-LOM,mint-oil,39,430.49
2025-02-20,IT-LOM,dried-sage,35,244.78
2025-02-21,DE-BE,herbal-tea,51,229.67
2025-02-21,DE-BE,basil-seeds,13,29.59
2025-02-21,DE-BE,mint-oil,18,191.69
2025-02-21,DE-BE,dried-sage,10,65.26
2025-02-21,DE-BY,herbal-tea,158,732.92
2025-02-21,DE-BY,basil-seeds,59,133.21
2025-02-21,DE-BY,mint-oil,60,649.15
2025-02-21,DE-BY,dried-sage,67,436.89
2025-02-21,DE-HH,herbal-tea,16,70.61
2025-02-21,DE-HH,basil-seeds,9,20.37
2025-02-21,DE-HH,mint-oil,7,75.41
2025-02-21,DE-HH,dried-sage,8,56.31
2025-02-21,FR-IDF,herbal-tea,84,381.16
2025-02-21,FR-IDF,basil-seeds,53,121.78
2025-02-21,FR-IDF,mint-oil,67,737.04
2025-02-21,FR-IDF,dried-sage,58,408.89
2025-02-21,FR-ARA,herbal-tea,77,331.05
2025-02-21,FR-ARA,basil-seeds,36,82.01
2025-02-21,FR-ARA,mint-oil,35,381.5
2025-02-21,FR-ARA,dried-sage,35,239.65
2025-02-21,NL-NH,herbal-tea,37,163.44
2025-02-21,NL-NH,basil-seeds,10,22.47
2025-02-21,NL-NH,mint-oil,12,133.73
2025-02-21,NL-NH,dried-sage,9,59.22
2025-02-21,ES-MD,herbal-tea,73,321.06
2025-02-21,ES-MD,basil-seeds,27,60.95
2025-02-21,ES-MD,mint-oil,32,351.63
2025-02-21,ES-MD,dried-sage,35,244.27
2025-02-21,IT-LOM,herbal-tea,131,597.37
2025-02-21,IT-LOM,basil-seeds,46,100.22
2025-02-21,IT-LOM,mint-oil,47,493.1
2025-02-21,IT-LOM,dried-sage,38,250.63
2025-02-22,DE-BE,herbal-tea,36,159.12
2025-02-22,DE-BE,basil-seeds,14,31.83
2025-02-22,DE-BE,mint-oil,15,167.09
2025-02-22,DE-BE,dried-sage,18,119.33
2025-02-22,DE-BY,herbal-tea,119,515.63
2025-02-22,DE-BY,basil-seeds,39,84.8
2025-02-22,DE-BY,mint-oil,42,476.96
2025-02-22,DE-BY,dried-sage,44,293.16
2025-02-22,DE-HH,herbal-tea,16,72.69
2025-02-22,DE-HH,basil-seeds,9,19.48
2025-02-22,DE-HH,mint-oil,10,108.27
2025-02-22,DE-HH,dried-sage,3,21.22
2025-02-22,FR-IDF,herbal-tea,107,503.08
2025-02-22,FR-IDF,basil-seeds,48,110.02
2025-02-22,FR-IDF,mint-oil,38,427.5
2025-02-22,FR-IDF,dried-sage,47,307.81
2025-02-22,FR-ARA,herbal-tea,75,326.33
2025-02-22,FR-ARA,basil-seeds,21,45.58
2025-02-22,FR-ARA,mint-oil,28,319.6
2025-02-22,FR-ARA,dried-sage,27,179.12
2025-02-22,NL-NH,herbal-tea,26,122.79
2025-02-22,NL-NH,basil-seeds,10,22.36
2025-02-22,NL-NH,mint-oil,10,112.09
2025-02-22,NL-NH,dried-sage,10,67.43
2025-02-22,ES-MD,herbal-tea,53,237.89
2025-02-22,ES-MD,basil-seeds,29,61.59
2025-02-22,ES-MD,mint-oil,22,237.19
2025-02-22,ES-MD,dried-sage,17,117.47
2025-02-22,IT-LOM,herbal-tea,87,395.64
2025-02-22,IT-LOM,basil-seeds,30,63.61
2025-02-22,IT-LOM,mint-oil,37,415.9
2025-02-22,IT-LOM,dried-sage,32,209.28
2025-02-23,DE-BE,herbal-tea,40,174.58
2025-02-23,DE-BE,basil-seeds,14,29.88
2025-02-23,DE-BE,mint-oil,13,138.73
2025-02-23,DE-BE,dried-sage,17,117.95
2025-02-23,DE-BY,herbal-tea,126,566.79
2025-02-23,DE-BY,basil-seeds,50,106.78
2025-02-23,DE-BY,mint-oil,56,585.37
2025-02-23,DE-BY,dried-sage,44,304.34
2025-02-23,DE-HH,herbal-tea,24,109.83
2025-02-23,DE-HH,basil-seeds,5,10.61
2025-02-23,DE-HH,mint-oil,8,89.97
2025-02-23,DE-HH,dried-sage,7,45.7
2025-02-23,FR-IDF,herbal-tea,117,552.23
2025-02-23,FR-IDF,basil-seeds,50,107.76
2025-02-23,FR-IDF,mint-oil,40,425.69
2025-02-23,FR-IDF,dried-sage,45,291.91
2025-02-23,FR-ARA,herbal-tea,70,309.1
2025-02-23,FR-ARA,basil-seeds,39,87.85
2025-02-23,FR-ARA,mint-oil,37,388.52
2025-02-23,FR-ARA,dried-sage,34,239.34
2025-02-23,NL-NH,herbal-tea,26,115.33
2025-02-23,NL-NH,basil-seeds,9,19.68
2025-02-23,NL-NH,mint-oil,7,73.87
2025-02-23,NL-NH,dried-sage,7,49.1
2025-02-23,ES-MD,herbal-tea,71,334.27
2025-02-23,ES-MD,basil-seeds,29,62.34
2025-02-23,ES-MD,mint-oil,17,192.61
2025-02-23,ES-MD,dried-sage,31,213.94
2025-02-23,IT-LOM,herbal-tea,99,454.24
2025-02-23,IT-LOM,basil-seeds,32,67.29
2025-02-23,IT-LOM,mint-oil,40,436.31
2025-02-23,IT-LOM,dried-sage,34,233.3
2025-02-24,DE-BE,herbal-tea,45,196.05
2025-02-24,DE-BE,basil-seeds,11,23.91
2025-02-24,DE-BE,mint-oil,15,168.04
2025-02-24,DE-BE,dried-sage,16,112.48
2025-02-24,DE-BY,herbal-tea,158,740.89
2025-02-24,DE-BY,basil-seeds,53,112.09
2025-02-24,DE-BY,mint-oil,51,547.63
2025-02-24,DE-BY,dried-sage,55,367.05
2025-02-24,DE-HH,herbal-tea,18,83.17
2025-02-24,DE-HH,basil-seeds,5,11.08
2025-02-24,DE-HH,mint-oil,4,44.75
2025-02-24,DE-HH,dried-sage,6,40.14
2025-02-24,FR-IDF,herbal-tea,94,405.88
2025-02-24,FR-IDF,basil-seeds,47,105.07
2025-02-24,FR-IDF,mint-oil,49,548.5
2025-02-24,FR-IDF,dried-sage,58,389.86
2025-02-24,FR-ARA,herbal-tea,98,462.51
2025-02-24,FR-ARA,basil-seeds,26,54.65
2025-02-24,FR-ARA,mint-oil,30,341.51
2025-02-24,FR-ARA,dried-sage,30,211.18
2025-02-24,NL-NH,herbal-tea,33,148.38
2025-02-24,NL-NH,basil-seeds,11,23.57
2025-02-24,NL-NH,mint-oil,12,128.34
2025-02-24,NL-NH,dried-sage,11,75.87
2025-02-24,ES-MD,herbal-tea,65,291.3
2025-02-24,ES-MD,basil-seeds,29,65.72
2025-02-24,ES-MD,mint-oil,18,196.95
2025-02-24,ES-MD,dried-sage,31,202.76
2025-02-24,IT-LOM,herbal-tea,79,341.37
2025-02-24,IT-LOM,basil-seeds,40,87.23
2025-02-24,IT-LOM,mint-oil,40,422.0
2025-02-24,IT-LOM,dried-sage,40,274.83
2025-02-25,DE-BE,herbal-tea,37,166.64
2025-02-25,DE-BE,basil-seeds,14,29.9
2025-02-25,DE-BE,mint-oil,12,130.2
2025-02-25,DE-BE,dried-sage,9,58.47
2025-02-25,DE-BY,herbal-tea,149,674.53
2025-02-25,DE-BY,basil-seeds,65,144.71
2025-02-25,DE-BY,mint-oil,39,438.26
2025-02-25,DE-BY,dried-sage,56,366.1
2025-02-25,DE-HH,herbal-tea,20,88.57
2025-02-25,DE-HH,basil-seeds,6,13.64
2025-02-25,DE-HH,mint-oil,8,88.19
2025-02-25,DE-HH,dried-sage,7,48.56
2025-02-25,FR-IDF,herbal-tea,146,633.38
2025-02-25,FR-IDF,basil-seeds,51,114.63
2025-02-25,FR-IDF,mint-oil,48,533.85
2025-02-25,FR-IDF,dried-sage,45,296.44
2025-02-25,FR-ARA,herbal-tea,102,457.03
2025-02-25,FR-ARA,basil-seeds,30,67.86
2025-02-25,FR-ARA,mint-oil,32,348.99
2025-02-25,FR-ARA,dried-sage,30,212.7
2025-02-25,NL-NH,herbal-tea,35,161.79
2025-02-25,NL-NH,basil-seeds,9,19.7
2025-02-25,NL-NH,mint-oil,8,84.78
2025-02-25,NL-NH,dried-sage,7,47.59
2025-02-25,ES-MD,herbal-tea,69,324.02
2025-02-25,ES-MD,basil-seeds,27,61.41
2025-02-25,ES-MD,mint-oil,21,240.73
2025-02-25,ES-MD,dried-sage,28,184.25
2025-02-25,IT-LOM,herbal-tea,79,342.29
2025-02-25,IT-LOM,basil-seeds,34,73.96
2025-02-25,IT-LOM,mint-oil,28,308.13
2025-02-25,IT-LOM,dried-sage,31,208.37
2025-02-26,DE-BE,herbal-tea,58,267.85
2025-02-26,DE-BE,basil-seeds,14,30.1
2025-02-26,DE-BE,mint-oil,23,251.81
2025-02-26,DE-BE,dried-sage,13,85.16
2025-02-26,DE-BY,herbal-tea,108,498.07
2025-02-26,DE-BY,basil-seeds,62,133.66
2025-02-26,DE-BY,mint-oil,48,539.19
2025-02-26,DE-BY,dried-sage,35,248.37
2025-02-26,DE-HH,herbal-tea,18,82.01
2025-02-26,DE-HH,basil-seeds,6,12.92
2025-02-26,DE-HH,mint-oil,6,69.18
2025-02-26,DE-HH,dried-sage,9,62.12
2025-02-26,FR-IDF,herbal-tea,160,733.99
2025-02-26,FR-IDF,basil-seeds,46,99.4
2025-02-26,FR-IDF,mint-oil,56,614.79
2025-02-26,FR-IDF,dried-sage,55,376.64
2025-02-26,FR-ARA,herbal-tea,79,364.31
2025-02-26,FR-ARA,basil-seeds,27,61.43
2025-02-26,FR-ARA,mint-oil,30,340.17
2025-02-26,FR-ARA,dried-sage,44,299.88
2025-02-26,NL-NH,herbal-tea,35,160.18
2025-02-26,NL-NH,basil-seeds,12,25.61
2025-02-26,NL-NH,mint-oil,11,118.42
2025-02-26,NL-NH,dried-sage,10,66.3
2025-02-26,ES-MD,herbal-tea,85,374.66
2025-02-26,ES-MD,basil-seeds,21,47.37
2025-02-26,ES-MD,mint-oil,37,390.82
2025-02-26,ES-MD,dried-sage,29,204.46
2025-02-26,IT-LOM,herbal-tea,105,483.95
2025-02-26,IT-LOM,basil-seeds,25,55.34
2025-02-26,IT-LOM,mint-oil,41,464.48
2025-02-26,IT-LOM,dried-sage,53,352.75
2025-02-27,DE-BE,herbal-tea,32,142.38
2025-02-27,DE-BE,basil-seeds,9,20.7
2025-02-27,DE-BE,mint-oil,18,199.03
2025-02-27,DE-BE,dried-sage,15,97.03
2025-02-27,DE-BY,herbal-tea,144,666.2
2025-02-27,DE-BY,basil-seeds,68,155.14
2025-02-27,DE-BY,mint-oil,64,718.41
2025-02-27,DE-BY,dried-sage,34,234.61
2025-02-27,DE-HH,herbal-tea,20,90.93
2025-02-27,DE-HH,basil-seeds,5,11.3
2025-02-27,DE-HH,mint-oil,8,85.16
2025-02-27,DE-HH,dried-sage,7,48.47
2025-02-27,FR-IDF,herbal-tea,138,621.86
2025-02-27,FR-IDF,basil-seeds,54,117.34
2025-02-27,FR-IDF,mint-oil,39,413.13
2025-02-27,FR-IDF,dried-sage,54,370.28
2025-02-27,FR-ARA,herbal-tea,87,399.71
2025-02-27,FR-ARA,basil-seeds,38,80.71
2025-02-27,FR-ARA,mint-oil,35,367.71
2025-02-27,FR-ARA,dried-sage,37,262.48
2025-02-27,NL-NH,herbal-tea,25,112.39
2025-02-27,NL-NH,basil-seeds,9,19.94
2025-02-27,NL-NH,mint-oil,9,97.2
2025-02-27,NL-NH,dried-sage,14,92.53
2025-02-27,ES-MD,herbal-tea,76,342.18
2025-02-27,ES-MD,basil-seeds,29,63.26
2025-02-27,ES-MD,mint-oil,25,267.33
2025-02-27,ES-MD,dried-sage,27,178.34
2025-02-27,IT-LOM,herbal-tea,98,428.58
2025-02-27,IT-LOM,basil-seeds,46,103.76
2025-02-27,IT-LOM,mint-oil,15,170.34
2025-02-27,IT-LOM,dried-sage,35,249.45
2025-02-28,DE-BE,herbal-tea,53,237.2
2025-02-28,DE-BE,basil-seeds,15,34.33
2025-02-28,DE-BE,mint-oil,12,138.06
2025-02-28,DE-BE,dried-sage,13,90.01
2025-02-28,DE-BY,herbal-tea,118,554.63
2025-02-28,DE-BY,basil-seeds,74,160.94
2025-02-28,DE-BY,mint-oil,46,526.81
2025-02-28,DE-BY,dried-sage,52,364.99
2025-02-28,DE-HH,herbal-tea,15,67.13
2025-02-28,DE-HH,basil-seeds,9,18.9
2025-02-28,DE-HH,mint-oil,8,88.12
2025-02-28,DE-HH,dried-sage,7,49.73
2025-02-28,FR-IDF,herbal-tea,162,731.77
2025-02-28,FR-IDF,basil-seeds,69,144.32
2025-02-28,FR-IDF,mint-oil,62,700.66
2025-02-28,FR-IDF,dried-sage,55,387.65
2025-02-28,FR-ARA,herbal-tea,80,361.36
2025-02-28,FR-ARA,basil-seeds,34,76.32
2025-02-28,FR-ARA,mint-oil,43,479.93
2025-02-28,FR-ARA,dried-sage,31,220.07
2025-02-28,NL-NH,herbal-tea,31,138.93
2025-02-28,NL-NH,basil-seeds,10,21.63
2025-02-28,NL-NH,mint-oil,12,135.88
2025-02-28,NL-NH,dried-sage,12,82.07
2025-02-28,ES-MD,herbal-tea,65,285.44
2025-02-28,ES-MD,basil-seeds,26,56.56
2025-02-28,ES-MD,mint-oil,24,251.25
2025-02-28,ES-MD,dried-sage,23,159.11
2025-02-28,IT-LOM,herbal-tea,80,364.26
2025-02-28,IT-LOM,basil-seeds,38,85.74
2025-02-28,IT-LOM,mint-oil,30,315.9
2025-02-28,IT-LOM,dried-sage,34,241.1
2025-03-01,DE-BE,herbal-tea,37,163.19
2025-03-01,DE-BE,basil-seeds,13,27.42
2025-03-01,DE-BE,mint-oil,10,108.85
2025-03-01,DE-BE,dried-sage,6,41.46
2025-03-01,DE-BY,herbal-tea,58,251.51
2025-03-01,DE-BY,basil-seeds,36,78.34
2025-03-01,DE-BY,mint-oil,37,425.73
2025-03-01,DE-BY,dried-sage,22,144.28
2025-03-01,DE-HH,herbal-tea,9,41.69
2025-03-01,DE-HH,basil-seeds,2,4.5
2025-03-01,DE-HH,mint-oil,2,22.12
2025-03-01,DE-HH,dried-sage,7,47.86
2025-03-01,FR-IDF,herbal-tea,85,386.2
2025-03-01,FR-IDF,basil-seeds,31,68.45
2025-03-01,FR-IDF,mint-oil,38,428.38
2025-03-01,FR-IDF,dried-sage,28,198.08
2025-03-01,FR-ARA,herbal-tea,45,205.46
2025-03-01,FR-ARA,basil-seeds,25,55.07
2025-03-01,FR-ARA,mint-oil,22,250.1
2025-03-01,FR-ARA,dried-sage,24,158.21
2025-03-01,NL-NH,herbal-tea,24,111.8
2025-03-01,NL-NH,basil-seeds,11,25.05
2025-03-01,NL-NH,mint-oil,14,153.4
2025-03-01,NL-NH,dried-sage,4,27.34
2025-03-01,ES-MD,herbal-tea,45,194.36
2025-03-01,ES-MD,basil-seeds,19,42.74
2025-03-01,ES-MD,mint-oil,12,127.09
2025-03-01,ES-MD,dried-sage,17,117.4
2025-03-01,IT-LOM,herbal-tea,90,421.2
2025-03-01,IT-LOM,basil-seeds,31,66.96
2025-03-01,IT-LOM,mint-oil,15,161.79
2025-03-01,IT-LOM,dried-sage,28,192.0
2025-03-02,DE-BE,herbal-tea,19,83.93
2025-03-02,DE-BE,basil-seeds,8,17.47
2025-03-02,DE-BE,mint-oil,12,128.32
2025-03-02,DE-BE,dried-sage,9,62.67
2025-03-02,DE-BY,herbal-tea,43,186.42
2025-03-02,DE-BY,basil-seeds,41,92.3
2025-03-02,DE-BY,mint-oil,42,455.47
2025-03-02,DE-BY,dried-sage,26,173.36
2025-03-02,DE-HH,herbal-tea,10,45.48
2025-03-02,DE-HH,basil-seeds,4,9.1
2025-03-02,DE-HH,mint-oil,5,55.21
2025-03-02,DE-HH,dried-sage,4,26.56
2025-03-02,FR-IDF,herbal-tea,90,387.8
2025-03-02,FR-IDF,basil-seeds,28,58.63
2025-03-02,FR-IDF,mint-oil,28,310.52
2025-03-02,FR-IDF,dried-sage,31,208.8
2025-03-02,FR-ARA,herbal-tea,25,113.08
2025-03-02,FR-ARA,basil-seeds,13,28.72
2025-03-02,FR-ARA,mint-oil,27,305.17
2025-03-02,FR-ARA,dried-sage,20,134.18
2025-03-02,NL-NH,herbal-tea,21,96.7
2025-03-02,NL-NH,basil-seeds,11,23.69
2025-03-02,NL-NH,mint-oil,4,43.55
2025-03-02,NL-NH,dried-sage,8,54.41
2025-03-02,ES-MD,herbal-tea,32,148.41
2025-03-02,ES-MD,basil-seeds,8,17.8
2025-03-02,ES-MD,mint-oil,20,218.82
2025-03-02,ES-MD,dried-sage,22,144.8
2025-03-02,IT-LOM,herbal-tea,96,452.21
2025-03-02,IT-LOM,basil-seeds,22,49.54
2025-03-02,IT-LOM,mint-oil,18,192.43
2025-03-02,IT-LOM,dried-sage,26,176.58
2025-03-03,DE-BE,herbal-tea,37,158.89
2025-03-03,DE-BE,basil-seeds,12,25.63
2025-03-03,DE-BE,mint-oil,13,142.57
2025-03-03,DE-BE,dried-sage,10,67.69
2025-03-03,DE-BY,herbal-tea,178,786.91
2025-03-03,DE-BY,basil-seeds,48,107.75
2025-03-03,DE-BY,mint-oil,21,238.74
2025-03-03,DE-BY,dried-sage,37,245.65
2025-03-03,DE-HH,herbal-tea,12,54.83
2025-03-03,DE-HH,basil-seeds,5,10.85
2025-03-03,DE-HH,mint-oil,4,44.07
2025-03-03,DE-HH,dried-sage,3,20.15
2025-03-03,FR-IDF,herbal-tea,122,540.92
2025-03-03,FR-IDF,basil-seeds,30,68.43
2025-03-03,FR-IDF,mint-oil,26,288.98
2025-03-03,FR-IDF,dried-sage,37,251.65
2025-03-03,FR-ARA,herbal-tea,71,305.99
2025-03-03,FR-ARA,basil-seeds,27,60.25
2025-03-03,FR-ARA,mint-oil,25,271.21
2025-03-03,FR-ARA,dried-sage,28,194.54
2025-03-03,NL-NH,herbal-tea,26,120.64
2025-03-03,NL-NH,basil-seeds,9,20.24
2025-03-03,NL-NH,mint-oil,6,64.09
2025-03-03,NL-NH,dried-sage,9,59.13
2025-03-03,ES-MD,herbal-tea,56,240.49
2025-03-03,ES-MD,basil-seeds,19,42.11
2025-03-03,ES-MD,mint-oil,24,251.83
2025-03-03,ES-MD,dried-sage,26,178.08
2025-03-03,IT-LOM,herbal-tea,94,409.47
2025-03-03,IT-LOM,basil-seeds,32,73.63
2025-03-03,IT-LOM,mint-oil,22,230.35
2025-03-03,IT-LOM,dried-sage,24,166.78
2025-03-04,DE-BE,herbal-tea,27,116.47
2025-03-04,DE-BE,basil-seeds,9,19.7
2025-03-04,DE-BE,mint-oil,17,180.84
2025-03-04,DE-BE,dried-sage,11,77.27
2025-03-04,DE-BY,herbal-tea,68,315.81
2025-03-04,DE-BY,basil-seeds,29,61.77
2025-03-04,DE-BY,mint-oil,35,393.63
2025-03-04,DE-BY,dried-sage,33,220.87
2025-03-04,DE-HH,herbal-tea,10,43.78
2025-03-04,DE-HH,basil-seeds,6,13.05
2025-03-04,DE-HH,mint-oil,6,68.37
2025-03-04,DE-HH,dried-sage,6,40.82
2025-03-04,FR-IDF,herbal-tea,85,367.06
2025-03-04,FR-IDF,basil-seeds,39,85.59
2025-03-04,FR-IDF,mint-oil,34,384.62
2025-03-04,FR-IDF,dried-sage,35,238.08
2025-03-04,FR-ARA,herbal-tea,78,338.02
2025-03-04,FR-ARA,basil-seeds,29,64.46
2025-03-04,FR-ARA,mint-oil,30,339.07
2025-03-04,FR-ARA,dried-sage,12,82.82
2025-03-04,NL-NH,herbal-tea,17,73.01
2025-03-04,NL-NH,basil-seeds,8,17.65
2025-03-04,NL-NH,mint-oil,9,101.87
2025-03-04,NL-NH,dried-sage,12,80.63
2025-03-04,ES-MD,herbal-tea,35,161.62
2025-03-04,ES-MD,basil-seeds,16,35.89
2025-03-04,ES-MD,mint-oil,22,241.45
2025-03-04,ES-MD,dried-sage,22,145.6
2025-03-04,IT-LOM,herbal-tea,90,420.26
2025-03-04,IT-LOM,basil-seeds,25,54.5
2025-03-04,IT-LOM,mint-oil,34,384.82
2025-03-04,IT-LOM,dried-sage,41,280.97
2025-03-05,DE-BE,herbal-tea,31,141.66
2025-03-05,DE-BE,basil-seeds,11,24.65
2025-03-05,DE-BE,mint-oil,10,106.2
2025-03-05,DE-BE,dried-sage,14,96.64
2025-03-05,DE-BY,herbal-tea,105,468.89
2025-03-05,DE-BY,basil-seeds,59,128.06
2025-03-05,DE-BY,mint-oil,37,417.38
2025-03-05,DE-BY,dried-sage,55,370.75
2025-03-05,DE-HH,herbal-tea,16,71.07
2025-03-05,DE-HH,basil-seeds,4,8.85
2025-03-05,DE-HH,mint-oil,5,54.14
2025-03-05,DE-HH,dried-sage,6,41.64
2025-03-05,FR-IDF,herbal-tea,93,425.17
2025-03-05,FR-IDF,basil-seeds,18,40.58
2025-03-05,FR-IDF,mint-oil,23,244.44
2025-03-05,FR-IDF,dried-sage,41,270.84
2025-03-05,FR-ARA,herbal-tea,52,235.18
2025-03-05,FR-ARA,basil-seeds,27,60.57
2025-03-05,FR-ARA,mint-oil,23,264.75
2025-03-05,FR-ARA,dried-sage,20,129.27
2025-03-05,NL-NH,herbal-tea,26,121.98
2025-03-05,NL-NH,basil-seeds,9,19.67
2025-03-05,NL-NH,mint-oil,10,105.38
2025-03-05,NL-NH,dried-sage,9,58.37
2025-03-05,ES-MD,herbal-tea,25,113.78
2025-03-05,ES-MD,basil-seeds,30,66.14
2025-03-05,ES-MD,mint-oil,18,206.83
2025-03-05,ES-MD,dried-sage,13,91.23
2025-03-05,IT-LOM,herbal-tea,66,288.14
2025-03-05,IT-LOM,basil-seeds,23,51.39
2025-03-05,IT-LOM,mint-oil,32,335.58
2025-03-05,IT-LOM,dried-sage,24,164.82
2025-03-06,DE-BE,herbal-tea,25,108.78
2025-03-06,DE-BE,basil-seeds,11,23.08
2025-03-06,DE-BE,mint-oil,11,116.86
2025-03-06,DE-BE,dried-sage,11,78.52
2025-03-06,DE-BY,herbal-tea,111,494.26
2025-03-06,DE-BY,basil-seeds,30,66.57
2025-03-06,DE-BY,mint-oil,23,242.09
2025-03-06,DE-BY,dried-sage,38,247.81
2025-03-06,DE-HH,herbal-tea,13,60.93
2025-03-06,DE-HH,basil-seeds,8,17.33
2025-03-06,DE-HH,mint-oil,6,66.7
2025-03-06,DE-HH,dried-sage,5,32.96
2025-03-06,FR-IDF,herbal-tea,127,557.85
2025-03-06,FR-IDF,basil-seeds,31,67.57
2025-03-06,FR-IDF,mint-oil,39,420.17
2025-03-06,FR-IDF,dried-sage,39,277.05
2025-03-06,FR-ARA,herbal-tea,78,364.2
2025-03-06,FR-ARA,basil-seeds,9,20.42
2025-03-06,FR-ARA,mint-oil,15,172.69
2025-03-06,FR-ARA,dried-sage,20,136.86
2025-03-06,NL-NH,herbal-tea,24,112.98
2025-03-06,NL-NH,basil-seeds,5,10.95
2025-03-06,NL-NH,mint-oil,6,62.88
2025-03-06,NL-NH,dried-sage,9,58.85
2025-03-06,ES-MD,herbal-tea,72,340.01
2025-03-06,ES-MD,basil-seeds,23,51.5
2025-03-06,ES-MD,mint-oil,21,241.52
2025-03-06,ES-MD,dried-sage,25,170.28
2025-03-06,IT-LOM,herbal-tea,117,513.25
2025-03-06,IT-LOM,basil-seeds,30,63.31
2025-03-06,IT-LOM,mint-oil,23,242.27
2025-03-06,IT-LOM,dried-sage,17,120.59
2025-03-07,DE-BE,herbal-tea,23,107.58
2025-03-07,DE-BE,basil-seeds,12,25.79
2025-03-07,DE-BE,mint-oil,15,171.76
2025-03-07,DE-BE,dried-sage,10,67.99
2025-03-07,DE-BY,herbal-tea,120,560.13
2025-03-07,DE-BY,basil-seeds,55,117.45
2025-03-07,DE-BY,mint-oil,42,467.48
2025-03-07,DE-BY,dried-sage,47,308.61
2025-03-07,DE-HH,herbal-tea,21,96.16
2025-03-07,DE-HH,basil-seeds,7,15.65
2025-03-07,DE-HH,mint-oil,3,33.14
2025-03-07,DE-HH,dried-sage,4,25.95
2025-03-07,FR-IDF,herbal-tea,64,287.78
2025-03-07,FR-IDF,basil-seeds,38,87.66
2025-03-07,FR-IDF,mint-oil,51,560.48
2025-03-07,FR-IDF,dried-sage,25,178.23
2025-03-07,FR-ARA,herbal-tea,76,332.5
2025-03-07,FR-ARA,basil-seeds,21,46.55
2025-03-07,FR-ARA,mint-oil,34,373.19
2025-03-07,FR-ARA,dried-sage,27,184.35
2025-03-07,NL-NH,herbal-tea,17,77.93
2025-03-07,NL-NH,basil-seeds,8,17.03
2025-03-07,NL-NH,mint-oil,12,131.47
2025-03-07,NL-NH,dried-sage,8,55.43
2025-03-07,ES-MD,herbal-tea,64,290.33
2025-03-07,ES-MD,basil-seeds,20,43.23
2025-03-07,ES-MD,mint-oil,17,187.91
2025-03-07,ES-MD,dried-sage,18,119.18
2025-03-07,IT-LOM,herbal-tea,52,230.86
2025-03-07,IT-LOM,basil-seeds,31,68.19
2025-03-07,IT-LOM,mint-oil,32,347.51
2025-03-07,IT-LOM,dried-sage,41,288.68
2025-03-08,DE-BE,herbal-tea,25,108.35
2025-03-08,DE-BE,basil-seeds,11,24.38
2025-03-08,DE-BE,mint-oil,10,107.47
2025-03-08,DE-BE,dried-sage,11,72.82
2025-03-08,DE-BY,herbal-tea,67,290.82
2025-03-08,DE-BY,basil-seeds,38,87.44
2025-03-08,DE-BY,mint-oil,44,468.35
2025-03-08,DE-BY,dried-sage,48,326.39
2025-03-08,DE-HH,herbal-tea,20,90.15
2025-03-08,DE-HH,basil-seeds,4,8.99
2025-03-08,DE-HH,mint-oil,5,55.34
2025-03-08,DE-HH,dried-sage,3,20.54
2025-03-08,FR-IDF,herbal-tea,53,228.01
2025-03-08,FR-IDF,basil-seeds,39,88.49
2025-03-08,FR-IDF,mint-oil,18,197.01
2025-03-08,FR-IDF,dried-sage,33,220.69
2025-03-08,FR-ARA,herbal-tea,41,192.47
2025-03-08,FR-ARA,basil-seeds,26,55.81
2025-03-08,FR-ARA,mint-oil,23,262.29
2025-03-08,FR-ARA,dried-sage,21,149.41
2025-03-08,NL-NH,herbal-tea,22,100.48
2025-03-08,NL-NH,basil-seeds,10,21.28
2025-03-08,NL-NH,mint-oil,7,78.33
2025-03-08,NL-NH,dried-sage,5,33.96
2025-03-08,ES-MD,herbal-tea,44,195.65
2025-03-08,ES-MD,basil-seeds,6,12.92
2025-03-08,ES-MD,mint-oil,15,159.51
2025-03-08,ES-MD,dried-sage,15,105.14
2025-03-08,IT-LOM,herbal-tea,53,240.21
2025-03-08,IT-LOM,basil-seeds,34,77.41
2025-03-08,IT-LOM,mint-oil,29,310.33
2025-03-08,IT-LOM,dried-sage,27,180.24
2025-03-09,DE-BE,herbal-tea,24,109.56
2025-03-09,DE-BE,basil-seeds,12,25.8
2025-03-09,DE-BE,mint-oil,4,43.4
2025-03-09,DE-BE,dried-sage,11,75.45
2025-03-09,DE-BY,herbal-tea,117,509.86
2025-03-09,DE-BY,basil-seeds,31,64.95
2025-03-09,DE-BY,mint-oil,32,367.5
2025-03-09,DE-BY,dried-sage,19,131.79
2025-03-09,DE-HH,herbal-tea,14,60.5
2025-03-09,DE-HH,basil-seeds,5,10.52
2025-03-09,DE-HH,mint-oil,6,62.87
2025-03-09,DE-HH,dried-sage,3,20.19
2025-03-09,FR-IDF,herbal-tea,84,369.02
2025-03-09,FR-IDF,basil-seeds,27,57.35
2025-03-09,FR-IDF,mint-oil,20,215.81
2025-03-09,FR-IDF,dried-sage,15,99.42
2025-03-09,FR-ARA,herbal-tea,50,216.7
2025-03-09,FR-ARA,basil-seeds,29,65.96
2025-03-09,FR-ARA,mint-oil,29,330.5
2025-03-09,FR-ARA,dried-sage,22,146.99
2025-03-09,NL-NH,herbal-tea,4,18.07
2025-03-09,NL-NH,basil-seeds,8,17.2
2025-03-09,NL-NH,mint-oil,2,22.43
2025-03-09,NL-NH,dried-sage,9,59.22
2025-03-09,ES-MD,herbal-tea,30,136.83
2025-03-09,ES-MD,basil-seeds,13,28.78
2025-03-09,ES-MD,mint-oil,10,107.91
2025-03-09,ES-MD,dried-sage,16,107.14
2025-03-09,IT-LOM,herbal-tea,33,147.64
2025-03-09,IT-LOM,basil-seeds,22,47.75
2025-03-09,IT-LOM,mint-oil,25,261.25
2025-03-09,IT-LOM,dried-sage,31,217.45
2025-03-10,DE-BE,herbal-tea,35,157.01
2025-03-10,DE-BE,basil-seeds,9,18.83
2025-03-10,DE-BE,mint-oil,17,186.57
2025-03-10,DE-BE,dried-sage,8,51.73
2025-03-10,DE-BY,herbal-tea,86,376.6
2025-03-10,DE-BY,basil-seeds,43,89.94
2025-03-10,DE-BY,mint-oil,32,354.13
2025-03-10,DE-BY,dried-sage,47,316.24
2025-03-10,DE-HH,herbal-tea,18,80.11
2025-03-10,DE-HH,basil-seeds,7,15.21
2025-03-10,DE-HH,mint-oil,5,53.57
2025-03-10,DE-HH,dried-sage,7,48.86
2025-03-10,FR-IDF,herbal-tea,135,618.72
2025-03-10,FR-IDF,basil-seeds,27,58.12
2025-03-10,FR-IDF,mint-oil,36,392.55
2025-03-10,FR-IDF,dried-sage,20,140.81
2025-03-10,FR-ARA,herbal-tea,70,319.31
2025-03-10,FR-ARA,basil-seeds,28,62.33
2025-03-10,FR-ARA,mint-oil,23,245.1
2025-03-10,FR-ARA,dried-sage,32,207.14
2025-03-10,NL-NH,herbal-tea,30,130.76
2025-03-10,NL-NH,basil-seeds,9,19.01
2025-03-10,NL-NH,mint-oil,8,90.0
2025-03-10,NL-NH,dried-sage,12,79.42
2025-03-10,ES-MD,herbal-tea,64,283.45
2025-03-10,ES-MD,basil-seeds,25,53.96
2025-03-10,ES-MD,mint-oil,26,284.96
2025-03-10,ES-MD,dried-sage,3,20.99
2025-03-10,IT-LOM,herbal-tea,61,286.9
2025-03-10,IT-LOM,basil-seeds,42,88.3
2025-03-10,IT-LOM,mint-oil,30,329.01
2025-03-10,IT-LOM,dried-sage,27,177.95
2025-03-11,DE-BE,herbal-tea,38,176.61
2025-03-11,DE-BE,basil-seeds,7,14.82
2025-03-11,DE-BE,mint-oil,11,124.28
2025-03-11,DE-BE,dried-sage,9,60.85
2025-03-11,DE-BY,herbal-tea,106,475.13
2025-03-11,DE-BY,basil-seeds,37,83.61
2025-03-11,DE-BY,mint-oil,11,120.67
2025-03-11,DE-BY,dried-sage,36,249.24
2025-03-11,DE-HH,herbal-tea,13,59.26
2025-03-11,DE-HH,basil-seeds,6,12.6
2025-03-11,DE-HH,mint-oil,7,75.1
2025-03-11,DE-HH,dried-sage,5,34.47
2025-03-11,FR-IDF,herbal-tea,114,531.66
2025-03-11,FR-IDF,basil-seeds,55,117.59
2025-03-11,FR-IDF,mint-oil,46,497.12
2025-03-11,FR-IDF,dried-sage,45,295.82
2025-03-11,FR-ARA,herbal-tea,63,291.7
2025-03-11,FR-ARA,basil-seeds,27,56.48
2025-03-11,FR-ARA,mint-oil,34,373.08
2025-03-11,FR-ARA,dried-sage,27,185.37
2025-03-11,NL-NH,herbal-tea,21,91.27
2025-03-11,NL-NH,basil-seeds,9,18.99
2025-03-11,NL-NH,mint-oil,5,57.73
2025-03-11,NL-NH,dried-sage,5,34.43
2025-03-11,ES-MD,herbal-tea,73,335.11
2025-03-11,ES-MD,basil-seeds,23,52.07
2025-03-11,ES-MD,mint-oil,23,265.19
2025-03-11,ES-MD,dried-sage,23,160.91
2025-03-11,IT-LOM,herbal-tea,81,362.27
2025-03-11,IT-LOM,basil-seeds,16,34.12
2025-03-11,IT-LOM,mint-oil,27,286.15
2025-03-11,IT-LOM,dried-sage,23,162.64
2025-03-12,DE-BE,herbal-tea,22,96.97
2025-03-12,DE-BE,basil-seeds,11,24.68
2025-03-12,DE-BE,mint-oil,12,129.99
2025-03-12,DE-BE,dried-sage,13,90.45
2025-03-12,DE-BY,herbal-tea,98,459.28
2025-03-12,DE-BY,basil-seeds,58,128.3
2025-03-12,DE-BY,mint-oil,45,484.89
2025-03-12,DE-BY,dried-sage,42,278.84
2025-03-12,DE-HH,herbal-tea,15,68.43
2025-03-12,DE-HH,basil-seeds,5,10.87
2025-03-12,DE-HH,mint-oil,5,56.96
2025-03-12,DE-HH,dried-sage,5,34.94
2025-03-12,FR-IDF,herbal-tea,100,457.12
2025-03-12,FR-IDF,basil-seeds,51,112.64
2025-03-12,FR-IDF,mint-oil,28,307.92
2025-03-12,FR-IDF,dried-sage,44,300.74
2025-03-12,FR-ARA,herbal-tea,54,246.42
2025-03-12,FR-ARA,basil-seeds,20,42.29
2025-03-12,FR-ARA,mint-oil,22,250.11
2025-03-12,FR-ARA,dried-sage,24,157.16
2025-03-12,NL-NH,herbal-tea,26,116.83
2025-03-12,NL-NH,basil-seeds,7,14.78
2025-03-12,NL-NH,mint-oil,5,55.87
2025-03-12,NL-NH,dried-sage,7,47.72
2025-03-12,ES-MD,herbal-tea,51,226.43
2025-03-12,ES-MD,basil-seeds,16,35.57
2025-03-12,ES-MD,mint-oil,31,331.07
2025-03-12,ES-MD,dried-sage,25,169.85
2025-03-12,IT-LOM,herbal-tea,86,398.65
2025-03-12,IT-LOM,basil-seeds,28,58.89
2025-03-12,IT-LOM,mint-oil,13,141.8
2025-03-12,IT-LOM,dried-sage,23,154.35
2025-03-13,DE-BE,herbal-tea,27,118.65
2025-03-13,DE-BE,basil-seeds,6,12.59
2025-03-13,DE-BE,mint-oil,13,149.36
2025-03-13,DE-BE,dried-sage,12,85.36
2025-03-13,DE-BY,herbal-tea,142,641.02
2025-03-13,DE-BY,basil-seeds,49,104.45
2025-03-13,DE-BY,mint-oil,32,356.41
2025-03-13,DE-BY,dried-sage,38,250.1
2025-03-13,DE-HH,herbal-tea,15,64.84
2025-03-13,DE-HH,basil-seeds,4,8.92
2025-03-13,DE-HH,mint-oil,4,44.73
2025-03-13,DE-HH,dried-sage,6,42.36
2025-03-13,FR-IDF,herbal-tea,105,467.85
2025-03-13,FR-IDF,basil-seeds,41,88.73
2025-03-13,FR-IDF,mint-oil,54,590.61
2025-03-13,FR-IDF,dried-sage,64,428.77
2025-03-13,FR-ARA,herbal-tea,44,194.53
2025-03-13,FR-ARA,basil-seeds,41,89.04
2025-03-13,FR-ARA,mint-oil,24,269.96
2025-03-13,FR-ARA,dried-sage,17,116.85
2025-03-13,NL-NH,herbal-tea,19,87.77
2025-03-13,NL-NH,basil-seeds,8,18.35
2025-03-13,NL-NH,mint-oil,8,87.54
2025-03-13,NL-NH,dried-sage,14,94.22
2025-03-13,ES-MD,herbal-tea,49,222.61
2025-03-13,ES-MD,basil-seeds,6,13.22
2025-03-13,ES-MD,mint-oil,24,258.73
2025-03-13,ES-MD,dried-sage,20,132.22
2025-03-13,IT-LOM,herbal-tea,82,380.88
2025-03-13,IT-LOM,basil-seeds,28,62.77
2025-03-13,IT-LOM,mint-oil,28,309.73
2025-03-13,IT-LOM,dried-sage,39,276.5
2025-03-14,DE-BE,herbal-tea,32,141.92
2025-03-14,DE-BE,basil-seeds,12,25.45
2025-03-14,DE-BE,mint-oil,9,96.36
2025-03-14,DE-BE,dried-sage,14,98.16
2025-03-14,DE-BY,herbal-tea,129,604.76
2025-03-14,DE-BY,basil-seeds,45,101.32
2025-03-14,DE-BY,mint-oil,37,393.69
2025-03-14,DE-BY,dried-sage,22,154.47
2025-03-14,DE-HH,herbal-tea,13,60.88
2025-03-14,DE-HH,basil-seeds,3,6.66
2025-03-14,DE-HH,mint-oil,4,44.34
2025-03-14,DE-HH,dried-sage,7,45.59
2025-03-14,FR-IDF,herbal-tea,137,607.12
2025-03-14,FR-IDF,basil-seeds,42,95.33
2025-03-14,FR-IDF,mint-oil,20,228.14
2025-03-14,FR-IDF,dried-sage,46,304.25
2025-03-14,FR-ARA,herbal-tea,52,222.57
2025-03-14,FR-ARA,basil-seeds,17,38.44
2025-03-14,FR-ARA,mint-oil,20,209.91
2025-03-14,FR-ARA,dried-sage,27,184.33
2025-03-14,NL-NH,herbal-tea,27,118.11
2025-03-14,NL-NH,basil-seeds,10,21.01
2025-03-14,NL-NH,mint-oil,8,87.52
2025-03-14,NL-NH,dried-sage,6,41.19
2025-03-14,ES-MD,herbal-tea,45,198.24
2025-03-14,ES-MD,basil-seeds,20,43.54
2025-03-14,ES-MD,mint-oil,22,243.73
2025-03-14,ES-MD,dried-sage,22,142.86
2025-03-14,IT-LOM,herbal-tea,73,328.56
2025-03-14,IT-LOM,basil-seeds,31,70.07
2025-03-14,IT-LOM,mint-oil,32,354.09
2025-03-14,IT-LOM,dried-sage,33,224.13
2025-03-15,DE-BE,herbal-tea,23,104.7
2025-03-15,DE-BE,basil-seeds,8,18.01
2025-03-15,DE-BE,mint-oil,9,101.74
2025-03-15,DE-BE,dried-sage,11,73.48
2025-03-15,DE-BY,herbal-tea,101,462.31
2025-03-15,DE-BY,basil-seeds,32,69.86
2025-03-15,DE-BY,mint-oil,28,310.89
2025-03-15,DE-BY,dried-sage,41,265.53
2025-03-15,DE-HH,herbal-tea,9,40.97
2025-03-15,DE-HH,basil-seeds,8,18.46
2025-03-15,DE-HH,mint-oil,4,42.0
2025-03-15,DE-HH,dried-sage,5,35.08
2025-03-15,FR-IDF,herbal-tea,90,415.44
2025-03-15,FR-IDF,basil-seeds,39,88.83
2025-03-15,FR-IDF,mint-oil,33,379.3
2025-03-15,FR-IDF,dried-sage,33,233.98
2025-03-15,FR-ARA,herbal-tea,75,321.09
2025-03-15,FR-ARA,basil-seeds,12,26.91
2025-03-15,FR-ARA,mint-oil,25,261.88
2025-03-15,FR-ARA,dried-sage,24,158.45
2025-03-15,NL-NH,herbal-tea,16,72.17
2025-03-15,NL-NH,basil-seeds,7,15.03
2025-03-15,NL-NH,mint-oil,3,31.82
2025-03-15,NL-NH,dried-sage,7,48.55
2025-03-15,ES-MD,herbal-tea,64,292.71
2025-03-15,ES-MD,basil-seeds,18,37.79
2025-03-15,ES-MD,mint-oil,19,215.04
2025-03-15,ES-MD,dried-sage,21,144.48
2025-03-15,IT-LOM,herbal-tea,95,406.48
2025-03-15,IT-LOM,basil-seeds,29,63.09
2025-03-15,IT-LOM,mint-oil,23,257.05
2025-03-15,IT-LOM,dried-sage,40,281.91
2025-03-16,DE-BE,herbal-tea,41,187.26
2025-03-16,DE-BE,basil-seeds,10,21.41
2025-03-16,DE-BE,mint-oil,4,42.24
2025-03-16,DE-BE,dried-sage,15,100.12
2025-03-16,DE-BY,herbal-tea,112,488.2
2025-03-16,DE-BY,basil-seeds,24,52.8
2025-03-16,DE-BY,mint-oil,11,115.21
2025-03-16,DE-BY,dried-sage,40,265.13
2025-03-16,DE-HH,herbal-tea,9,40.07
2025-03-16,DE-HH,basil-seeds,4,8.5
2025-03-16,DE-HH,mint-oil,4,44.55
2025-03-16,DE-HH,dried-sage,5,33.1
2025-03-16,FR-IDF,herbal-tea,112,519.72
2025-03-16,FR-IDF,basil-seeds,29,64.6
2025-03-16,FR-IDF,mint-oil,45,510.59
2025-03-16,FR-IDF,dried-sage,17,110.16
2025-03-16,FR-ARA,herbal-tea,42,182.42
2025-03-16,FR-ARA,basil-seeds,19,43.46
2025-03-16,FR-ARA,mint-oil,19,206.54
2025-03-16,FR-ARA,dried-sage,18,128.04
2025-03-16,NL-NH,herbal-tea,13,56.91
2025-03-16,NL-NH,basil-seeds,5,10.71
2025-03-16,NL-NH,mint-oil,10,114.51
2025-03-16,NL-NH,dried-sage,12,80.21
2025-03-16,ES-MD,herbal-tea,37,160.48
2025-03-16,ES-MD,basil-seeds,16,35.35
2025-03-16,ES-MD,mint-oil,20,215.8
2025-03-16,ES-MD,dried-sage,7,48.58
2025-03-16,IT-LOM,herbal-tea,57,269.21
2025-03-16,IT-LOM,basil-seeds,24,55.31
2025-03-16,IT-LOM,mint-oil,36,412.52
2025-03-16,IT-LOM,dried-sage,39,260.36
2025-03-17,DE-BE,herbal-tea,13,56.27
2025-03-17,DE-BE,basil-seeds,9,19.44
2025-03-17,DE-BE,mint-oil,15,169.38
2025-03-17,DE-BE,dried-sage,8,56.47
2025-03-17,DE-BY,herbal-tea,83,371.37
2025-03-17,DE-BY,basil-seeds,45,103.29
2025-03-17,DE-BY,mint-oil,58,623.57
2025-03-17,DE-BY,dried-sage,25,174.74
2025-03-17,DE-HH,herbal-tea,17,78.51
2025-03-17,DE-HH,basil-seeds,6,13.35
2025-03-17,DE-HH,mint-oil,5,53.52
2025-03-17,DE-HH,dried-sage,7,46.33
2025-03-17,FR-IDF,herbal-tea,89,408.04
2025-03-17,FR-IDF,basil-seeds,28,61.46
2025-03-17,FR-IDF,mint-oil,24,269.6
2025-03-17,FR-IDF,dried-sage,36,241.71
2025-03-17,FR-ARA,herbal-tea,76,329.6
2025-03-17,FR-ARA,basil-seeds,18,38.39
2025-03-17,FR-ARA,mint-oil,34,355.86
2025-03-17,FR-ARA,dried-sage,26,172.73
2025-03-17,NL-NH,herbal-tea,15,70.8
2025-03-17,NL-NH,basil-seeds,10,22.57
2025-03-17,NL-NH,mint-oil,13,149.94
2025-03-17,NL-NH,dried-sage,10,70.5
2025-03-17,ES-MD,herbal-tea,42,188.2
2025-03-17,ES-MD,basil-seeds,20,42.89
2025-03-17,ES-MD,mint-oil,19,213.92
2025-03-17,ES-MD,dried-sage,21,141.09
2025-03-17,IT-LOM,herbal-tea,69,318.03
2025-03-17,IT-LOM,basil-seeds,39,86.6
2025-03-17,IT-LOM,mint-oil,14,158.42
2025-03-17,IT-LOM,dried-sage,27,183.98
2025-03-18,DE-BE,herbal-tea,17,73.0
2025-03-18,DE-BE,basil-seeds,13,30.02
2025-03-18,DE-BE,mint-oil,8,90.07
2025-03-18,DE-BE,dried-sage,11,75.23
2025-03-18,DE-BY,herbal-tea,69,296.51
2025-03-18,DE-BY,basil-seeds,38,81.85
2025-03-18,DE-BY,mint-oil,33,374.89
2025-03-18,DE-BY,dried-sage,45,304.82
2025-03-18,DE-HH,herbal-tea,10,43.0
2025-03-18,DE-HH,basil-seeds,6,13.22
2025-03-18,DE-HH,mint-oil,7,76.63
2025-03-18,DE-HH,dried-sage,7,48.66
2025-03-18,FR-IDF,herbal-tea,130,610.61
2025-03-18,FR-IDF,basil-seeds,47,105.43
2025-03-18,FR-IDF,mint-oil,43,470.68
2025-03-18,FR-IDF,dried-sage,43,283.01
2025-03-18,FR-ARA,herbal-tea,43,187.73
2025-03-18,FR-ARA,basil-seeds,19,41.61
2025-03-18,FR-ARA,mint-oil,24,274.75
2025-03-18,FR-ARA,dried-sage,33,231.05
2025-03-18,NL-NH,herbal-tea,23,99.51
2025-03-18,NL-NH,basil-seeds,7,15.32
2025-03-18,NL-NH,mint-oil,7,76.11
2025-03-18,NL-NH,dried-sage,10,69.98
2025-03-18,ES-MD,herbal-tea,21,93.35
2025-03-18,ES-MD,basil-seeds,19,41.3
2025-03-18,ES-MD,mint-oil,21,232.51
2025-03-18,ES-MD,dried-sage,9,62.18
2025-03-18,IT-LOM,herbal-tea,103,448.62
2025-03-18,IT-LOM,basil-seeds,42,94.36
2025-03-18,IT-LOM,mint-oil,24,271.09
2025-03-18,IT-LOM,dried-sage,33,223.19
2025-03-19,DE-BE,herbal-tea,28,121.36
2025-03-19,DE-BE,basil-seeds,10,21.35
2025-03-19,DE-BE,mint-oil,10,109.55
2025-03-19,DE-BE,dried-sage,10,70.42
2025-03-19,DE-BY,herbal-tea,104,485.91
2025-03-19,DE-BY,basil-seeds,39,83.55
2025-03-19,DE-BY,mint-oil,30,327.03
2025-03-19,DE-BY,dried-sage,34,221.48
2025-03-19,DE-HH,herbal-tea,12,54.26
2025-03-19,DE-HH,basil-seeds,5,11.13
2025-03-19,DE-HH,mint-oil,3,31.51
2025-03-19,DE-HH,dried-sage,4,26.24
2025-03-19,FR-IDF,herbal-tea,94,437.97
2025-03-19,FR-IDF,basil-seeds,34,76.05
2025-03-19,FR-IDF,mint-oil,40,458.5
2025-03-19,FR-IDF,dried-sage,30,194.8
2025-03-19,FR-ARA,herbal-tea,56,256.34
2025-03-19,FR-ARA,basil-seeds,26,57.84
2025-03-19,FR-ARA,mint-oil,21,237.64
2025-03-19,FR-ARA,dried-sage,16,105.29
2025-03-19,NL-NH,herbal-tea,16,75.11
2025-03-19,NL-NH,basil-seeds,9,18.99
2025-03-19,NL-NH,mint-oil,8,86.93
2025-03-19,NL-NH,dried-sage,10,65.06
2025-03-19,ES-MD,herbal-tea,39,171.86
2025-03-19,ES-MD,basil-seeds,23,48.75
2025-03-19,ES-MD,mint-oil,19,209.57
2025-03-19,ES-MD,dried-sage,16,109.07
2025-03-19,IT-LOM,herbal-tea,70,302.69
2025-03-19,IT-LOM,basil-seeds,20,45.01
2025-03-19,IT-LOM,mint-oil,14,153.75
2025-03-19,IT-LOM,dried-sage,13,90.07
2025-03-20,DE-BE,herbal-tea,51,224.62
2025-03-20,DE-BE,basil-seeds,8,17.79
2025-03-20,DE-BE,mint-oil,10,115.45
2025-03-20,DE-BE,dried-sage,14,93.81
2025-03-20,DE-BY,herbal-tea,130,586.15
2025-03-20,DE-BY,basil-seeds,49,109.22
2025-03-20,DE-BY,mint-oil,33,366.97
2025-03-20,DE-BY,dried-sage,40,277.67
2025-03-20,DE-HH,herbal-tea,15,64.29
2025-03-20,DE-HH,basil-seeds,5,11.14
2025-03-20,DE-HH,mint-oil,7,79.31
2025-03-20,DE-HH,dried-sage,7,49.98
2025-03-20,FR-IDF,herbal-tea,79,357.65
2025-03-20,FR-IDF,basil-seeds,41,91.44
2025-03-20,FR-IDF,mint-oil,42,451.91
2025-03-20,FR-IDF,dried-sage,37,258.9
2025-03-20,FR-ARA,herbal-tea,58,256.4
2025-03-20,FR-ARA,basil-seeds,31,64.83
2025-03-20,FR-ARA,mint-oil,22,247.43
2025-03-20,FR-ARA,dried-sage,19,130.7
2025-03-20,NL-NH,herbal-tea,27,119.44
2025-03-20,NL-NH,basil-seeds,9,19.48
2025-03-20,NL-NH,mint-oil,6,67.96
2025-03-20,NL-NH,dried-sage,4,27.6
2025-03-20,ES-MD,herbal-tea,35,163.67
2025-03-20,ES-MD,basil-seeds,21,46.37
2025-03-20,ES-MD,mint-oil,16,174.49
2025-03-20,ES-MD,dried-sage,28,195.02
2025-03-20,IT-LOM,herbal-tea,88,404.91
2025-03-20,IT-LOM,basil-seeds,24,51.83
2025-03-20,IT-LOM,mint-oil,25,280.1
2025-03-20,IT-LOM,dried-sage,28,196.1
2025-03-21,DE-BE,herbal-tea,36,169.61
2025-03-21,DE-BE,basil-seeds,9,19.37
2025-03-21,DE-BE,mint-oil,19,211.64
2025-03-21,DE-BE,dried-sage,13,91.43
2025-03-21,DE-BY,herbal-tea,82,372.51
2025-03-21,DE-BY,basil-seeds,35,79.81
2025-03-21,DE-BY,mint-oil,40,431.84
2025-03-21,DE-BY,dried-sage,24,155.56
2025-03-21,DE-HH,herbal-tea,11,48.2
2025-03-21,DE-HH,basil-seeds,6,13.14
2025-03-21,DE-HH,mint-oil,6,64.7
2025-03-21,DE-HH,dried-sage,5,32.68
2025-03-21,FR-IDF,herbal-tea,107,501.4
2025-03-21,FR-IDF,basil-seeds,21,45.94
2025-03-21,FR-IDF,mint-oil,47,517.0
2025-03-21,FR-IDF,dried-sage,38,250.4
2025-03-21,FR-ARA,herbal-tea,88,396.94
2025-03-21,FR-ARA,basil-seeds,19,42.95
2025-03-21,FR-ARA,mint-oil,32,363.34
2025-03-21,FR-ARA,dried-sage,34,241.33
2025-03-21,NL-NH,herbal-tea,22,101.22
2025-03-21,NL-NH,basil-seeds,7,15.34
2025-03-21,NL-NH,mint-oil,8,83.64
2025-03-21,NL-NH,dried-sage,6,42.56
2025-03-21,ES-MD,herbal-tea,47,202.77
2025-03-21,ES-MD,basil-seeds,14,30.7
2025-03-21,ES-MD,mint-oil,26,290.55
2025-03-21,ES-MD,dried-sage,22,146.79
2025-03-21,IT-LOM,herbal-tea,64,299.29
2025-03-21,IT-LOM,basil-seeds,27,58.34
2025-03-21,IT-LOM,mint-oil,32,345.63
2025-03-21,IT-LOM,dried-sage,35,236.6
2025-03-22,DE-BE,herbal-tea,29,127.55
2025-03-22,DE-BE,basil-seeds,11,23.03
2025-03-22,DE-BE,mint-oil,7,74.74
2025-03-22,DE-BE,dried-sage,7,46.89
2025-03-22,DE-BY,herbal-tea,84,385.72
2025-03-22,DE-BY,basil-seeds,39,83.94
2025-03-22,DE-BY,mint-oil,34,378.24
2025-03-22,DE-BY,dried-sage,37,247.54
2025-03-22,DE-HH,herbal-tea,10,44.87
2025-03-22,DE-HH,basil-seeds,5,11.19
2025-03-22,DE-HH,mint-oil,5,54.6
2025-03-22,DE-HH,dried-sage,5,32.91
2025-03-22,FR-IDF,herbal-tea,56,260.47
2025-03-22,FR-IDF,basil-seeds,24,53.85
2025-03-22,FR-IDF,mint-oil,25,283.73
2025-03-22,FR-IDF,dried-sage,25,173.62
2025-03-22,FR-ARA,herbal-tea,45,212.09
2025-03-22,FR-ARA,basil-seeds,14,31.59
2025-03-22,FR-ARA,mint-oil,17,192.85
2025-03-22,FR-ARA,dried-sage,21,148.79
2025-03-22,NL-NH,herbal-tea,13,59.58
2025-03-22,NL-NH,basil-seeds,8,17.97
2025-03-22,NL-NH,mint-oil,5,53.48
2025-03-22,NL-NH,dried-sage,7,49.32
2025-03-22,ES-MD,herbal-tea,24,106.83
2025-03-22,ES-MD,basil-seeds,9,20.2
2025-03-22,ES-MD,mint-oil,12,137.05
2025-03-22,ES-MD,dried-sage,9,60.91
2025-03-22,IT-LOM,herbal-tea,90,398.98
2025-03-22,IT-LOM,basil-seeds,27,59.17
2025-03-22,IT-LOM,mint-oil,31,344.56
2025-03-22,IT-LOM,dried-sage,36,235.68
2025-03-23,DE-BE,herbal-tea,37,171.44
2025-03-23,DE-BE,basil-seeds,13,28.1
2025-03-23,DE-BE,mint-oil,6,66.22
2025-03-23,DE-BE,dried-sage,5,33.66
2025-03-23,DE-BY,herbal-tea,59,266.77
2025-03-23,DE-BY,basil-seeds,41,94.47
2025-03-23,DE-BY,mint-oil,27,306.32
2025-03-23,DE-BY,dried-sage,40,274.47
2025-03-23,DE-HH,herbal-tea,13,60.18
2025-03-23,DE-HH,basil-seeds,3,6.63
2025-03-23,DE-HH,mint-oil,5,52.68
2025-03-23,DE-HH,dried-sage,6,42.56
2025-03-23,FR-IDF,herbal-tea,58,263.41
2025-03-23,FR-IDF,basil-seeds,26,56.99
2025-03-23,FR-IDF,mint-oil,15,159.66
2025-03-23,FR-IDF,dried-sage,25,177.75
2025-03-23,FR-ARA,herbal-tea,62,287.76
2025-03-23,FR-ARA,basil-seeds,21,47.45
2025-03-23,FR-ARA,mint-oil,15,167.64
2025-03-23,FR-ARA,dried-sage,25,163.04
2025-03-23,NL-NH,herbal-tea,25,117.04
2025-03-23,NL-NH,basil-seeds,3,6.69
2025-03-23,NL-NH,mint-oil,8,84.91
2025-03-23,NL-NH,dried-sage,7,47.75
2025-03-23,ES-MD,herbal-tea,32,139.62
2025-03-23,ES-MD,basil-seeds,21,47.04
2025-03-23,ES-MD,mint-oil,14,160.36
2025-03-23,ES-MD,dried-sage,23,153.34
2025-03-23,IT-LOM,herbal-tea,88,415.11
2025-03-23,IT-LOM,basil-seeds,22,47.65
2025-03-23,IT-LOM,mint-oil,26,299.91
2025-03-23,IT-LOM,dried-sage,26,175.11
2025-03-24,DE-BE,herbal-tea,35,155.44
2025-03-24,DE-BE,basil-seeds,13,28.74
2025-03-24,DE-BE,mint-oil,15,170.29
2025-03-24,DE-BE,dried-sage,13,87.16
2025-03-24,DE-BY,herbal-tea,141,617.7
2025-03-24,DE-BY,basil-seeds,24,53.87
2025-03-24,DE-BY,mint-oil,33,358.75
2025-03-24,DE-BY,dried-sage,45,302.38
2025-03-24,DE-HH,herbal-tea,9,40.4
2025-03-24,DE-HH,basil-seeds,5,10.66
2025-03-24,DE-HH,mint-oil,3,34.12
2025-03-24,DE-HH,dried-sage,7,45.95
2025-03-24,FR-IDF,herbal-tea,134,580.95
2025-03-24,FR-IDF,basil-seeds,36,75.81
2025-03-24,FR-IDF,mint-oil,51,560.25
2025-03-24,FR-IDF,dried-sage,38,256.77
2025-03-24,FR-ARA,herbal-tea,71,324.04
2025-03-24,FR-ARA,basil-seeds,24,52.36
2025-03-24,FR-ARA,mint-oil,14,155.61
2025-03-24,FR-ARA,dried-sage,27,182.24
2025-03-24,NL-NH,herbal-tea,26,117.61
2025-03-24,NL-NH,basil-seeds,11,24.08
2025-03-24,NL-NH,mint-oil,7,77.81
2025-03-24,NL-NH,dried-sage,9,61.68
2025-03-24,ES-MD,herbal-tea,60,270.05
2025-03-24,ES-MD,basil-seeds,17,37.07
2025-03-24,ES-MD,mint-oil,15,172.89
2025-03-24,ES-MD,dried-sage,19,130.08
2025-03-24,IT-LOM,herbal-tea,77,345.86
2025-03-24,IT-LOM,basil-seeds,26,58.29
2025-03-24,IT-LOM,mint-oil,37,426.68
2025-03-24,IT-LOM,dried-sage,39,278.03
2025-03-25,DE-BE,herbal-tea,32,137.93
2025-03-25,DE-BE,basil-seeds,8,18.29
2025-03-25,DE-BE,mint-oil,14,157.72
2025-03-25,DE-BE,dried-sage,13,92.47
2025-03-25,DE-BY,herbal-tea,140,648.78
2025-03-25,DE-BY,basil-seeds,46,99.3
2025-03-25,DE-BY,mint-oil,48,542.71
2025-03-25,DE-BY,dried-sage,43,291.49
2025-03-25,DE-HH,herbal-tea,10,46.05
2025-03-25,DE-HH,basil-seeds,5,10.91
2025-03-25,DE-HH,mint-oil,8,86.15
2025-03-25,DE-HH,dried-sage,5,32.42
2025-03-25,FR-IDF,herbal-tea,134,616.69
2025-03-25,FR-IDF,basil-seeds,29,64.21
2025-03-25,FR-IDF,mint-oil,46,489.26
2025-03-25,FR-IDF,dried-sage,40,259.8
2025-03-25,FR-ARA,herbal-tea,94,428.26
2025-03-25,FR-ARA,basil-seeds,23,49.52
2025-03-25,FR-ARA,mint-oil,30,341.6
2025-03-25,FR-ARA,dried-sage,27,179.52
2025-03-25,NL-NH,herbal-tea,26,121.19
2025-03-25,NL-NH,basil-seeds,10,20.93
2025-03-25,NL-NH,mint-oil,9,99.91
2025-03-25,NL-NH,dried-sage,9,59.06
2025-03-25,ES-MD,herbal-tea,31,136.17
2025-03-25,ES-MD,basil-seeds,23,51.62
2025-03-25,ES-MD,mint-oil,11,125.38
2025-03-25,ES-MD,dried-sage,21,140.56
2025-03-25,IT-LOM,herbal-tea,89,417.88
2025-03-25,IT-LOM,basil-seeds,32,67.97
2025-03-25,IT-LOM,mint-oil,6,67.78
2025-03-25,IT-LOM,dried-sage,30,198.65
2025-03-26,DE-BE,herbal-tea,20,87.4
2025-03-26,DE-BE,basil-seeds,13,29.27
2025-03-26,DE-BE,mint-oil,9,101.53
2025-03-26,DE-BE,dried-sage,15,98.08
2025-03-26,DE-BY,herbal-tea,120,529.27
2025-03-26,DE-BY,basil-seeds,48,108.2
2025-03-26,DE-BY,mint-oil,40,434.71
2025-03-26,DE-BY,dried-sage,27,187.37
2025-03-26,DE-HH,herbal-tea,13,60.67
2025-03-26,DE-HH,basil-seeds,5,10.46
2025-03-26,DE-HH,mint-oil,7,78.37
2025-03-26,DE-HH,dried-sage,4,28.46
2025-03-26,FR-IDF,herbal-tea,95,445.36
2025-03-26,FR-IDF,basil-seeds,34,75.83
2025-03-26,FR-IDF,mint-oil,46,527.15
2025-03-26,FR-IDF,dried-sage,34,239.49
2025-03-26,FR-ARA,herbal-tea,58,250.52
2025-03-26,FR-ARA,basil-seeds,28,62.55
2025-03-26,FR-ARA,mint-oil,16,180.38
2025-03-26,FR-ARA,dried-sage,30,208.78
2025-03-26,NL-NH,herbal-tea,20,88.54
2025-03-26,NL-NH,basil-seeds,8,17.93
2025-03-26,NL-NH,mint-oil,10,111.9
2025-03-26,NL-NH,dried-sage,11,77.28
2025-03-26,ES-MD,herbal-tea,61,263.63
2025-03-26,ES-MD,basil-seeds,20,43.76
2025-03-26,ES-MD,mint-oil,21,223.91
2025-03-26,ES-MD,dried-sage,24,155.43
2025-03-26,IT-LOM,herbal-tea,119,543.89
2025-03-26,IT-LOM,basil-seeds,39,88.68
2025-03-26,IT-LOM,mint-oil,40,449.16
2025-03-26,IT-LOM,dried-sage,26,170.08
2025-03-27,DE-BE,herbal-tea,33,150.82
2025-03-27,DE-BE,basil-seeds,10,22.88
2025-03-27,DE-BE,mint-oil,4,45.74
2025-03-27,DE-BE,dried-sage,8,55.46
2025-03-27,DE-BY,herbal-tea,106,497.81
2025-03-27,DE-BY,basil-seeds,51,113.76
2025-03-27,DE-BY,mint-oil,47,513.23
2025-03-27,DE-BY,dried-sage,36,254.68
2025-03-27,DE-HH,herbal-tea,15,65.22
2025-03-27,DE-HH,basil-seeds,4,8.43
2025-03-27,DE-HH,mint-oil,5,54.08
2025-03-27,DE-HH,dried-sage,4,26.0
2025-03-27,FR-IDF,herbal-tea,116,518.9
2025-03-27,FR-IDF,basil-seeds,34,74.74
2025-03-27,FR-IDF,mint-oil,48,511.02
2025-03-27,FR-IDF,dried-sage,31,210.63
2025-03-27,FR-ARA,herbal-tea,82,358.61
2025-03-27,FR-ARA,basil-seeds,32,71.41
2025-03-27,FR-ARA,mint-oil,32,338.04
2025-03-27,FR-ARA,dried-sage,19,123.68
2025-03-27,NL-NH,herbal-tea,19,85.04
2025-03-27,NL-NH,basil-seeds,8,18.3
2025-03-27,NL-NH,mint-oil,10,114.76
2025-03-27,NL-NH,dried-sage,11,76.03
2025-03-27,ES-MD,herbal-tea,52,243.47
2025-03-27,ES-MD,basil-seeds,28,62.06
2025-03-27,ES-MD,mint-oil,8,87.92
2025-03-27,ES-MD,dried-sage,19,128.37
2025-03-27,IT-LOM,herbal-tea,99,458.21
2025-03-27,IT-LOM,basil-seeds,19,41.97
2025-03-27,IT-LOM,mint-oil,48,544.79
2025-03-27,IT-LOM,dried-sage,30,203.63
2025-03-28,DE-BE,herbal-tea,14,62.11
2025-03-28,DE-BE,basil-seeds,8,17.92
2025-03-28,DE-BE,mint-oil,8,92.04
2025-03-28,DE-BE,dried-sage,14,91.3
2025-03-28,DE-BY,herbal-tea,40,172.45
2025-03-28,DE-BY,basil-seeds,34,74.5
2025-03-28,DE-BY,mint-oil,41,436.42
2025-03-28,DE-BY,dried-sage,25,162.17
2025-03-28,DE-HH,herbal-tea,13,59.65
2025-03-28,DE-HH,basil-seeds,6,13.72
2025-03-28,DE-HH,mint-oil,4,42.17
2025-03-28,DE-HH,dried-sage,4,27.56
2025-03-28,FR-IDF,herbal-tea,96,418.74
2025-03-28,FR-IDF,basil-seeds,31,69.7
2025-03-28,FR-IDF,mint-oil,27,284.02
2025-03-28,FR-IDF,dried-sage,30,204.83
2025-03-28,FR-ARA,herbal-tea,57,265.07
2025-03-28,FR-ARA,basil-seeds,31,67.85
2025-03-28,FR-ARA,mint-oil,26,273.3
2025-03-28,FR-ARA,dried-sage,24,167.9
2025-03-28,NL-NH,herbal-tea,26,120.59
2025-03-28,NL-NH,basil-seeds,9,20.13
2025-03-28,NL-NH,mint-oil,5,57.06
2025-03-28,NL-NH,dried-sage,9,59.05
2025-03-28,ES-MD,herbal-tea,27,115.87
2025-03-28,ES-MD,basil-seeds,15,31.82
2025-03-28,ES-MD,mint-oil,17,194.82
2025-03-28,ES-MD,dried-sage,15,97.37
2025-03-28,IT-LOM,herbal-tea,76,330.79
2025-03-28,IT-LOM,basil-seeds,26,54.63
2025-03-28,IT-LOM,mint-oil,25,273.8
2025-03-28,IT-LOM,dried-sage,42,276.19
2025-03-29,DE-BE,herbal-tea,14,60.52
2025-03-29,DE-BE,basil-seeds,6,13.2
2025-03-29,DE-BE,mint-oil,10,113.35
2025-03-29,DE-BE,dried-sage,7,47.25
2025-03-29,DE-BY,herbal-tea,119,545.05
2025-03-29,DE-BY,basil-seeds,7,15.13
2025-03-29,DE-BY,mint-oil,47,498.25
2025-03-29,DE-BY,dried-sage,32,224.92
2025-03-29,DE-HH,herbal-tea,14,63.59
2025-03-29,DE-HH,basil-seeds,2,4.33
2025-03-29,DE-HH,mint-oil,5,54.53
2025-03-29,DE-HH,dried-sage,5,34.67
2025-03-29,FR-IDF,herbal-tea,58,272.11
2025-03-29,FR-IDF,basil-seeds,28,58.77
2025-03-29,FR-IDF,mint-oil,45,500.57
2025-03-29,FR-IDF,dried-sage,41,286.54
2025-03-29,FR-ARA,herbal-tea,73,312.28
2025-03-29,FR-ARA,basil-seeds,21,44.72
2025-03-29,FR-ARA,mint-oil,28,319.92
2025-03-29,FR-ARA,dried-sage,25,168.58
2025-03-29,NL-NH,herbal-tea,23,105.49
2025-03-29,NL-NH,basil-seeds,3,6.41
2025-03-29,NL-NH,mint-oil,5,54.52
2025-03-29,NL-NH,dried-sage,5,35.49
2025-03-29,ES-MD,herbal-tea,43,187.31
2025-03-29,ES-MD,basil-seeds,16,35.2
2025-03-29,ES-MD,mint-oil,24,271.46
2025-03-29,ES-MD,dried-sage,15,100.45
2025-03-29,IT-LOM,herbal-tea,82,354.89
2025-03-29,IT-LOM,basil-seeds,25,55.17
2025-03-29,IT-LOM,mint-oil,31,349.9
2025-03-29,IT-LOM,dried-sage,29,197.98
2025-03-30,DE-BE,herbal-tea,28,128.01
2025-03-30,DE-BE,basil-seeds,14,30.11
2025-03-30,DE-BE,mint-oil,11,123.24
2025-03-30,DE-BE,dried-sage,14,99.66
2025-03-30,DE-BY,herbal-tea,74,338.67
2025-03-30,DE-BY,basil-seeds,35,73.48
2025-03-30,DE-BY,mint-oil,29,316.92
2025-03-30,DE-BY,dried-sage,27,180.56
2025-03-30,DE-HH,herbal-tea,15,64.42
2025-03-30,DE-HH,basil-seeds,2,4.51
2025-03-30,DE-HH,mint-oil,5,56.57
2025-03-30,DE-HH,dried-sage,4,27.16
2025-03-30,FR-IDF,herbal-tea,122,561.16
2025-03-30,FR-IDF,basil-seeds,44,97.7
2025-03-30,FR-IDF,mint-oil,28,313.45
2025-03-30,FR-IDF,dried-sage,36,240.53
2025-03-30,FR-ARA,herbal-tea,57,246.19
2025-03-30,FR-ARA,basil-seeds,15,33.78
2025-03-30,FR-ARA,mint-oil,24,256.63
2025-03-30,FR-ARA,dried-sage,16,108.48
2025-03-30,NL-NH,herbal-tea,7,30.38
2025-03-30,NL-NH,basil-seeds,7,16.06
2025-03-30,NL-NH,mint-oil,5,53.0
2025-03-30,NL-NH,dried-sage,8,55.6
2025-03-30,ES-MD,herbal-tea,21,91.69
2025-03-30,ES-MD,basil-seeds,7,14.83
2025-03-30,ES-MD,mint-oil,16,169.6
2025-03-30,ES-MD,dried-sage,15,105.59
2025-03-30,IT-LOM,herbal-tea,56,248.06
2025-03-30,IT-LOM,basil-seeds,26,59.41
2025-03-30,IT-LOM,mint-oil,14,156.13
2025-03-30,IT-LOM,dried-sage,17,116.89
2025-03-31,DE-BE,herbal-tea,40,186.39
2025-03-31,DE-BE,basil-seeds,18,37.96
2025-03-31,DE-BE,mint-oil,13,150.09
2025-03-31,DE-BE,dried-sage,8,54.9
2025-03-31,DE-BY,herbal-tea,118,543.21
2025-03-31,DE-BY,basil-seeds,33,74.31
2025-03-31,DE-BY,mint-oil,40,443.5
2025-03-31,DE-BY,dried-sage,49,346.26
2025-03-31,DE-HH,herbal-tea,13,58.93
2025-03-31,DE-HH,basil-seeds,5,10.46
2025-03-31,DE-HH,mint-oil,6,65.81
2025-03-31,DE-HH,dried-sage,5,34.91
2025-03-31,FR-IDF,herbal-tea,127,570.32
2025-03-31,FR-IDF,basil-seeds,39,88.36
2025-03-31,FR-IDF,mint-oil,41,439.3
2025-03-31,FR-IDF,dried-sage,27,184.67
2025-03-31,FR-ARA,herbal-tea,91,427.92
2025-03-31,FR-ARA,basil-seeds,25,52.98
2025-03-31,FR-ARA,mint-oil,21,221.55
2025-03-31,FR-ARA,dried-sage,32,217.16
2025-03-31,NL-NH,herbal-tea,20,93.22
2025-03-31,NL-NH,basil-seeds,12,27.05
2025-03-31,NL-NH,mint-oil,11,124.29
2025-03-31,NL-NH,dried-sage,9,63.49
2025-03-31,ES-MD,herbal-tea,34,151.02
2025-03-31,ES-MD,basil-seeds,25,54.8
2025-03-31,ES-MD,mint-oil,13,136.86
2025-03-31,ES-MD,dried-sage,13,91.88
2025-03-31,IT-LOM,herbal-tea,77,343.93
2025-03-31,IT-LOM,basil-seeds,31,66.63
2025-03-31,IT-LOM,mint-oil,38,430.31
2025-03-31,IT-LOM,dried-sage,26,181.89
2025-04-01,DE-BE,herbal-tea,44,202.67
2025-04-01,DE-BE,basil-seeds,14,29.43
2025-04-01,DE-BE,mint-oil,15,171.4
2025-04-01,DE-BE,dried-sage,10,65.35
2025-04-01,DE-BY,herbal-tea,82,364.04
2025-04-01,DE-BY,basil-seeds,50,106.43
2025-04-01,DE-BY,mint-oil,36,404.29
2025-04-01,DE-BY,dried-sage,38,250.77
2025-04-01,DE-HH,herbal-tea,17,73.54
2025-04-01,DE-HH,basil-seeds,5,10.98
2025-04-01,DE-HH,mint-oil,7,80.54
2025-04-01,DE-HH,dried-sage,4,26.41
2025-04-01,FR-IDF,herbal-tea,97,430.07
2025-04-01,FR-IDF,basil-seeds,30,64.46
2025-04-01,FR-IDF,mint-oil,33,347.15
2025-04-01,FR-IDF,dried-sage,30,200.84
2025-04-01,FR-ARA,herbal-tea,45,194.86
2025-04-01,FR-ARA,basil-seeds,24,53.91
2025-04-01,FR-ARA,mint-oil,21,226.2
2025-04-01,FR-ARA,dried-sage,17,117.0
2025-04-01,NL-NH,herbal-tea,28,129.89
2025-04-01,NL-NH,basil-seeds,3,6.89
2025-04-01,NL-NH,mint-oil,13,142.4
2025-04-01,NL-NH,dried-sage,10,65.15
2025-04-01,ES-MD,herbal-tea,64,301.15
2025-04-01,ES-MD,basil-seeds,18,38.05
2025-04-01,ES-MD,mint-oil,19,208.92
2025-04-01,ES-MD,dried-sage,28,197.54
2025-04-01,IT-LOM,herbal-tea,52,229.16
2025-04-01,IT-LOM,basil-seeds,28,64.49
2025-04-01,IT-LOM,mint-oil,26,281.62
2025-04-01,IT-LOM,dried-sage,29,196.09
2025-04-02,DE-BE,herbal-tea,27,116.19
2025-04-02,DE-BE,basil-seeds,9,20.54
2025-04-02,DE-BE,mint-oil,12,133.91
2025-04-02,DE-BE,dried-sage,18,121.32
2025-04-02,DE-BY,herbal-tea,85,375.86
2025-04-02,DE-BY,basil-seeds,52,115.47
2025-04-02,DE-BY,mint-oil,33,361.01
2025-04-02,DE-BY,dried-sage,21,140.0
2025-04-02,DE-HH,herbal-tea,19,82.69
2025-04-02,DE-HH,basil-seeds,7,15.03
2025-04-02,DE-HH,mint-oil,1,11.3
2025-04-02,DE-HH,dried-sage,6,38.95
2025-04-02,FR-IDF,herbal-tea,81,352.34
2025-04-02,FR-IDF,basil-seeds,44,100.91
2025-04-02,FR-IDF,mint-oil,35,403.22
2025-04-02,FR-IDF,dried-sage,29,203.89
2025-04-02,FR-ARA,herbal-tea,56,243.27
2025-04-02,FR-ARA,basil-seeds,15,32.14
2025-04-02,FR-ARA,mint-oil,29,307.08
2025-04-02,FR-ARA,dried-sage,25,165.93
2025-04-02,NL-NH,herbal-tea,26,111.56
2025-04-02,NL-NH,basil-seeds,11,23.76
2025-04-02,NL-NH,mint-oil,7,77.31
2025-04-02,NL-NH,dried-sage,10,65.71
2025-04-02,ES-MD,herbal-tea,45,200.57
2025-04-02,ES-MD,basil-seeds,31,68.2
2025-04-02,ES-MD,mint-oil,24,259.25
2025-04-02,ES-MD,dried-sage,25,161.57
2025-04-02,IT-LOM,herbal-tea,76,336.23
2025-04-02,IT-LOM,basil-seeds,9,20.21
2025-04-02,IT-LOM,mint-oil,23,264.23
2025-04-02,IT-LOM,dried-sage,31,220.93
2025-04-03,DE-BE,herbal-tea,27,122.29
2025-04-03,DE-BE,basil-seeds,10,22.9
2025-04-03,DE-BE,mint-oil,7,78.78
2025-04-03,DE-BE,dried-sage,13,91.94
2025-04-03,DE-BY,herbal-tea,128,564.95
2025-04-03,DE-BY,basil-seeds,49,106.74
2025-04-03,DE-BY,mint-oil,45,474.83
2025-04-03,DE-BY,dried-sage,30,194.92
2025-04-03,DE-HH,herbal-tea,11,48.12
2025-04-03,DE-HH,basil-seeds,4,9.18
2025-04-03,DE-HH,mint-oil,5,55.21
2025-04-03,DE-HH,dried-sage,5,33.81
2025-04-03,FR-IDF,herbal-tea,93,418.99
2025-04-03,FR-IDF,basil-seeds,33,70.38
2025-04-03,FR-IDF,mint-oil,31,356.12
2025-04-03,FR-IDF,dried-sage,48,339.73
2025-04-03,FR-ARA,herbal-tea,59,274.89
2025-04-03,FR-ARA,basil-seeds,26,56.45
2025-04-03,FR-ARA,mint-oil,20,216.73
2025-04-03,FR-ARA,dried-sage,27,192.37
2025-04-03,NL-NH,herbal-tea,25,115.06
2025-04-03,NL-NH,basil-seeds,8,17.5
2025-04-03,NL-NH,mint-oil,12,129.21
2025-04-03,NL-NH,dried-sage,8,56.06
2025-04-03,ES-MD,herbal-tea,69,322.81
2025-04-03,ES-MD,basil-seeds,19,40.29
2025-04-03,ES-MD,mint-oil,18,192.21
2025-04-03,ES-MD,dried-sage,19,128.87
2025-04-03,IT-LOM,herbal-tea,119,512.27
2025-04-03,IT-LOM,basil-seeds,13,29.92
2025-04-03,IT-LOM,mint-oil,30,327.01
2025-04-03,IT-LOM,dried-sage,26,184.13
2025-04-04,DE-BE,herbal-tea,22,101.08
2025-04-04,DE-BE,basil-seeds,13,29.33
2025-04-04,DE-BE,mint-oil,12,130.44
2025-04-04,DE-BE,dried-sage,13,88.88
2025-04-04,DE-BY,herbal-tea,155,720.84
2025-04-04,DE-BY,basil-seeds,45,97.06
2025-04-04,DE-BY,mint-oil,29,303.91
2025-04-04,DE-BY,dried-sage,36,232.62
2025-04-04,DE-HH,herbal-tea,14,65.11
2025-04-04,DE-HH,basil-seeds,9,19.75
2025-04-04,DE-HH,mint-oil,3,32.73
2025-04-04,DE-HH,dried-sage,3,20.38
2025-04-04,FR-IDF,herbal-tea,91,393.91
2025-04-04,FR-IDF,basil-seeds,30,64.53
2025-04-04,FR-IDF,mint-oil,40,450.8
2025-04-04,FR-IDF,dried-sage,36,246.78
2025-04-04,FR-ARA,herbal-tea,34,154.96
2025-04-04,FR-ARA,basil-seeds,19,41.7
2025-04-04,FR-ARA,mint-oil,23,253.32
2025-04-04,FR-ARA,dried-sage,21,143.87
2025-04-04,NL-NH,herbal-tea,25,107.53
2025-04-04,NL-NH,basil-seeds,7,15.12
2025-04-04,NL-NH,mint-oil,9,95.67
2025-04-04,NL-NH,dried-sage,8,53.16
2025-04-04,ES-MD,herbal-tea,28,124.19
2025-04-04,ES-MD,basil-seeds,26,56.0
2025-04-04,ES-MD,mint-oil,8,88.12
2025-04-04,ES-MD,dried-sage,18,125.66
2025-04-04,IT-LOM,herbal-tea,83,382.94
2025-04-04,IT-LOM,basil-seeds,33,72.92
2025-04-04,IT-LOM,mint-oil,39,436.94
2025-04-04,IT-LOM,dried-sage,19,126.63
2025-04-05,DE-BE,herbal-tea,21,90.68
2025-04-05,DE-BE,basil-seeds,5,11.09
2025-04-05,DE-BE,mint-oil,10,110.2
2025-04-05,DE-BE,dried-sage,9,60.42
2025-04-05,DE-BY,herbal-tea,66,309.2
2025-04-05,DE-BY,basil-seeds,34,71.83
2025-04-05,DE-BY,mint-oil,38,404.98
2025-04-05,DE-BY,dried-sage,39,275.73
2025-04-05,DE-HH,herbal-tea,7,31.58
2025-04-05,DE-HH,basil-seeds,3,6.62
2025-04-05,DE-HH,mint-oil,2,21.15
2025-04-05,DE-HH,dried-sage,4,27.09
2025-04-05,FR-IDF,herbal-tea,123,576.94
2025-04-05,FR-IDF,basil-seeds,39,85.62
2025-04-05,FR-IDF,mint-oil,27,306.42
2025-04-05,FR-IDF,dried-sage,39,275.54
2025-04-05,FR-ARA,herbal-tea,32,141.73
2025-04-05,FR-ARA,basil-seeds,14,31.45
2025-04-05,FR-ARA,mint-oil,31,331.53
2025-04-05,FR-ARA,dried-sage,22,154.94
2025-04-05,NL-NH,herbal-tea,22,95.29
2025-04-05,NL-NH,basil-seeds,8,16.95
2025-04-05,NL-NH,mint-oil,10,113.12
2025-04-05,NL-NH,dried-sage,9,58.62
2025-04-05,ES-MD,herbal-tea,50,214.71
2025-04-05,ES-MD,basil-seeds,8,16.91
2025-04-05,ES-MD,mint-oil,19,199.79
2025-04-05,ES-MD,dried-sage,11,71.95
2025-04-05,IT-LOM,herbal-tea,67,306.55
2025-04-05,IT-LOM,basil-seeds,28,63.17
2025-04-05,IT-LOM,mint-oil,28,298.93
2025-04-05,IT-LOM,dried-sage,9,63.66
2025-04-06,DE-BE,herbal-tea,29,125.16
2025-04-06,DE-BE,basil-seeds,12,27.31
2025-04-06,DE-BE,mint-oil,16,173.32
2025-04-06,DE-BE,dried-sage,7,45.98
2025-04-06,DE-BY,herbal-tea,47,206.04
2025-04-06,DE-BY,basil-seeds,34,75.33
2025-04-06,DE-BY,mint-oil,44,460.48
2025-04-06,DE-BY,dried-sage,41,270.91
2025-04-06,DE-HH,herbal-tea,13,60.85
2025-04-06,DE-HH,basil-seeds,5,11.04
2025-04-06,DE-HH,mint-oil,5,53.43
2025-04-06,DE-HH,dried-sage,4,27.21
2025-04-06,FR-IDF,herbal-tea,77,349.6
2025-04-06,FR-IDF,basil-seeds,22,48.11
2025-04-06,FR-IDF,mint-oil,36,390.25
2025-04-06,FR-IDF,dried-sage,29,194.83
2025-04-06,FR-ARA,herbal-tea,57,246.57
2025-04-06,FR-ARA,basil-seeds,24,55.36
2025-04-06,FR-ARA,mint-oil,22,233.19
2025-04-06,FR-ARA,dried-sage,22,153.52
2025-04-06,NL-NH,herbal-tea,17,72.99
2025-04-06,NL-NH,basil-seeds,4,8.65
2025-04-06,NL-NH,mint-oil,8,88.88
2025-04-06,NL-NH,dried-sage,8,53.38
2025-04-06,ES-MD,herbal-tea,61,275.98
2025-04-06,ES-MD,basil-seeds,16,34.46
2025-04-06,ES-MD,mint-oil,19,200.0
2025-04-06,ES-MD,dried-sage,14,98.45
2025-04-06,IT-LOM,herbal-tea,38,165.52
2025-04-06,IT-LOM,basil-seeds,27,62.36
2025-04-06,IT-LOM,mint-oil,22,240.5
2025-04-06,IT-LOM,dried-sage,25,172.7
2025-04-07,DE-BE,herbal-tea,34,151.48
2025-04-07,DE-BE,basil-seeds,12,26.64
2025-04-07,DE-BE,mint-oil,16,184.41
2025-04-07,DE-BE,dried-sage,15,97.56
2025-04-07,DE-BY,herbal-tea,130,590.56
2025-04-07,DE-BY,basil-seeds,38,87.7
2025-04-07,DE-BY,mint-oil,53,596.13
2025-04-07,DE-BY,dried-sage,53,352.42
2025-04-07,DE-HH,herbal-tea,13,57.17
2025-04-07,DE-HH,basil-seeds,3,6.79
2025-04-07,DE-HH,mint-oil,4,43.89
2025-04-07,DE-HH,dried-sage,4,27.48
2025-04-07,FR-IDF,herbal-tea,74,325.64
2025-04-07,FR-IDF,basil-seeds,42,94.88
2025-04-07,FR-IDF,mint-oil,42,461.87
2025-04-07,FR-IDF,dried-sage,41,282.38
2025-04-07,FR-ARA,herbal-tea,69,296.62
2025-04-07,FR-ARA,basil-seeds,26,54.73
2025-04-07,FR-ARA,mint-oil,17,184.81
2025-04-07,FR-ARA,dried-sage,9,62.3
2025-04-07,NL-NH,herbal-tea,28,120.91
2025-04-07,NL-NH,basil-seeds,11,23.18
2025-04-07,NL-NH,mint-oil,8,90.58
2025-04-07,NL-NH,dried-sage,5,32.99
2025-04-07,ES-MD,herbal-tea,46,202.07
2025-04-07,ES-MD,basil-seeds,15,32.48
2025-04-07,ES-MD,mint-oil,24,275.95
2025-04-07,ES-MD,dried-sage,15,97.22
2025-04-07,IT-LOM,herbal-tea,39,173.46
2025-04-07,IT-LOM,basil-seeds,37,79.89
2025-04-07,IT-LOM,mint-oil,24,251.67
2025-04-07,IT-LOM,dried-sage,35,239.35
2025-04-08,DE-BE,herbal-tea,35,160.75
2025-04-08,DE-BE,basil-seeds,9,19.78
2025-04-08,DE-BE,mint-oil,14,153.81
2025-04-08,DE-BE,dried-sage,15,98.02
2025-04-08,DE-BY,herbal-tea,89,407.92
2025-04-08,DE-BY,basil-seeds,26,57.61
2025-04-08,DE-BY,mint-oil,20,220.15
2025-04-08,DE-BY,dried-sage,43,289.22
2025-04-08,DE-HH,herbal-tea,5,22.76
2025-04-08,DE-HH,basil-seeds,5,10.84
2025-04-08,DE-HH,mint-oil,6,62.89
2025-04-08,DE-HH,dried-sage,5,32.45
2025-04-08,FR-IDF,herbal-tea,109,502.37
2025-04-08,FR-IDF,basil-seeds,29,60.78
2025-04-08,FR-IDF,mint-oil,43,453.95
2025-04-08,FR-IDF,dried-sage,31,207.54
2025-04-08,FR-ARA,herbal-tea,55,251.49
2025-04-08,FR-ARA,basil-seeds,28,60.05
2025-04-08,FR-ARA,mint-oil,19,217.58
2025-04-08,FR-ARA,dried-sage,17,110.58
2025-04-08,NL-NH,herbal-tea,21,89.96
2025-04-08,NL-NH,basil-seeds,10,21.62
2025-04-08,NL-NH,mint-oil,4,44.3
2025-04-08,NL-NH,dried-sage,9,63.66
2025-04-08,ES-MD,herbal-tea,52,236.06
2025-04-08,ES-MD,basil-seeds,28,64.59
2025-04-08,ES-MD,mint-oil,16,177.28
2025-04-08,ES-MD,dried-sage,24,168.23
2025-04-08,IT-LOM,herbal-tea,104,460.32
2025-04-08,IT-LOM,basil-seeds,36,79.22
2025-04-08,IT-LOM,mint-oil,30,333.79
2025-04-08,IT-LOM,dried-sage,23,154.26
2025-04-09,DE-BE,herbal-tea,22,102.44
2025-04-09,DE-BE,basil-seeds,12,27.16
2025-04-09,DE-BE,mint-oil,13,139.96
2025-04-09,DE-BE,dried-sage,8,51.94
2025-04-09,DE-BY,herbal-tea,134,586.47
2025-04-09,DE-BY,basil-seeds,39,87.88
2025-04-09,DE-BY,mint-oil,56,591.04
2025-04-09,DE-BY,dried-sage,50,334.45
2025-04-09,DE-HH,herbal-tea,21,94.27
2025-04-09,DE-HH,basil-seeds,6,12.82
2025-04-09,DE-HH,mint-oil,6,64.69
2025-04-09,DE-HH,dried-sage,3,21.02
2025-04-09,FR-IDF,herbal-tea,70,305.55
2025-04-09,FR-IDF,basil-seeds,41,89.32
2025-04-09,FR-IDF,mint-oil,29,327.4
2025-04-09,FR-IDF,dried-sage,29,190.9
2025-04-09,FR-ARA,herbal-tea,90,419.69
2025-04-09,FR-ARA,basil-seeds,25,55.42
2025-04-09,FR-ARA,mint-oil,27,304.19
2025-04-09,FR-ARA,dried-sage,39,264.33
2025-04-09,NL-NH,herbal-tea,30,136.54
2025-04-09,NL-NH,basil-seeds,7,15.81
2025-04-09,NL-NH,mint-oil,6,66.84
2025-04-09,NL-NH,dried-sage,10,68.15
2025-04-09,ES-MD,herbal-tea,49,212.79
2025-04-09,ES-MD,basil-seeds,22,49.3
2025-04-09,ES-MD,mint-oil,18,194.41
2025-04-09,ES-MD,dried-sage,25,175.61
2025-04-09,IT-LOM,herbal-tea,92,410.37
2025-04-09,IT-LOM,basil-seeds,32,72.68
2025-04-09,IT-LOM,mint-oil,26,288.9
2025-04-09,IT-LOM,dried-sage,25,168.4
2025-04-10,DE-BE,herbal-tea,34,149.11
2025-04-10,DE-BE,basil-seeds,12,27.26
2025-04-10,DE-BE,mint-oil,8,87.44
2025-04-10,DE-BE,dried-sage,12,82.8
2025-04-10,DE-BY,herbal-tea,122,529.04
2025-04-10,DE-BY,basil-seeds,41,88.02
2025-04-10,DE-BY,mint-oil,44,468.32
2025-04-10,DE-BY,dried-sage,26,183.03
2025-04-10,DE-HH,herbal-tea,19,81.4
2025-04-10,DE-HH,basil-seeds,5,11.4
2025-04-10,DE-HH,mint-oil,7,79.83
2025-04-10,DE-HH,dried-sage,6,42.43
2025-04-10,FR-IDF,herbal-tea,78,356.53
2025-04-10,FR-IDF,basil-seeds,41,86.5
2025-04-10,FR-IDF,mint-oil,50,530.23
2025-04-10,FR-IDF,dried-sage,31,202.62
2025-04-10,FR-ARA,herbal-tea,61,275.1
2025-04-10,FR-ARA,basil-seeds,10,22.72
2025-04-10,FR-ARA,mint-oil,37,396.9
2025-04-10,FR-ARA,dried-sage,19,134.17
2025-04-10,NL-NH,herbal-tea,23,106.67
2025-04-10,NL-NH,basil-seeds,9,19.46
2025-04-10,NL-NH,mint-oil,6,67.64
2025-04-10,NL-NH,dried-sage,7,46.34
2025-04-10,ES-MD,herbal-tea,48,208.98
2025-04-10,ES-MD,basil-seeds,21,48.37
2025-04-10,ES-MD,mint-oil,16,177.57
2025-04-10,ES-MD,dried-sage,22,149.46
2025-04-10,IT-LOM,herbal-tea,45,198.78
2025-04-10,IT-LOM,basil-seeds,43,93.88
2025-04-10,IT-LOM,mint-oil,22,251.18
2025-04-10,IT-LOM,dried-sage,12,85.17
2025-04-11,DE-BE,herbal-tea,23,106.83
2025-04-11,DE-BE,basil-seeds,15,31.42
2025-04-11,DE-BE,mint-oil,15,170.63
2025-04-11,DE-BE,dried-sage,10,69.1
2025-04-11,DE-BY,herbal-tea,145,671.34
2025-04-11,DE-BY,basil-seeds,34,72.85
2025-04-11,DE-BY,mint-oil,31,356.63
2025-04-11,DE-BY,dried-sage,37,248.15
2025-04-11,DE-HH,herbal-tea,15,69.98
2025-04-11,DE-HH,basil-seeds,5,11.39
2025-04-11,DE-HH,mint-oil,3,32.65
2025-04-11,DE-HH,dried-sage,7,49.88
2025-04-11,FR-IDF,herbal-tea,97,450.59
2025-04-11,FR-IDF,basil-seeds,40,85.67
2025-04-11,FR-IDF,mint-oil,41,469.76
2025-04-11,FR-IDF,dried-sage,55,378.91
2025-04-11,FR-ARA,herbal-tea,85,378.92
2025-04-11,FR-ARA,basil-seeds,17,35.66
2025-04-11,FR-ARA,mint-oil,31,356.02
2025-04-11,FR-ARA,dried-sage,15,101.71
2025-04-11,NL-NH,herbal-tea,13,59.77
2025-04-11,NL-NH,basil-seeds,11,25.11
2025-04-11,NL-NH,mint-oil,10,112.18
2025-04-11,NL-NH,dried-sage,5,34.02
2025-04-11,ES-MD,herbal-tea,43,199.56
2025-04-11,ES-MD,basil-seeds,26,58.56
2025-04-11,ES-MD,mint-oil,19,199.64
2025-04-11,ES-MD,dried-sage,20,137.93
2025-04-11,IT-LOM,herbal-tea,55,238.49
2025-04-11,IT-LOM,basil-seeds,20,43.56
2025-04-11,IT-LOM,mint-oil,25,263.51
2025-04-11,IT-LOM,dried-sage,25,164.18
2025-04-12,DE-BE,herbal-tea,5,23.24
2025-04-12,DE-BE,basil-seeds,9,20.32
2025-04-12,DE-BE,mint-oil,12,135.86
2025-04-12,DE-BE,dried-sage,6,40.06
2025-04-12,DE-BY,herbal-tea,47,206.44
2025-04-12,DE-BY,basil-seeds,36,80.68
2025-04-12,DE-BY,mint-oil,42,448.08
2025-04-12,DE-BY,dried-sage,18,121.35
2025-04-12,DE-HH,herbal-tea,16,75.2
2025-04-12,DE-HH,basil-seeds,7,15.99
2025-04-12,DE-HH,mint-oil,5,57.33
2025-04-12,DE-HH,dried-sage,8,55.2
2025-04-12,FR-IDF,herbal-tea,46,216.81
2025-04-12,FR-IDF,basil-seeds,16,34.14
2025-04-12,FR-IDF,mint-oil,29,315.84
2025-04-12,FR-IDF,dried-sage,25,168.79
2025-04-12,FR-ARA,herbal-tea,54,239.79
2025-04-12,FR-ARA,basil-seeds,23,52.86
2025-04-12,FR-ARA,mint-oil,27,295.07
2025-04-12,FR-ARA,dried-sage,27,191.31
2025-04-12,NL-NH,herbal-tea,11,47.61
2025-04-12,NL-NH,basil-seeds,8,17.98
2025-04-12,NL-NH,mint-oil,9,101.79
2025-04-12,NL-NH,dried-sage,11,73.21
2025-04-12,ES-MD,herbal-tea,39,181.75
2025-04-12,ES-MD,basil-seeds,17,37.77
2025-04-12,ES-MD,mint-oil,21,235.09
2025-04-12,ES-MD,dried-sage,17,114.66
2025-04-12,IT-LOM,herbal-tea,58,255.52
2025-04-12,IT-LOM,basil-seeds,27,57.99
2025-04-12,IT-LOM,mint-oil,13,141.14
2025-04-12,IT-LOM,dried-sage,14,96.95
2025-04-13,DE-BE,herbal-tea,25,108.37
2025-04-13,DE-BE,basil-seeds,9,19.45
2025-04-13,DE-BE,mint-oil,8,89.88
2025-04-13,DE-BE,dried-sage,5,34.71
2025-04-13,DE-BY,herbal-tea,89,384.29
2025-04-13,DE-BY,basil-seeds,26,54.68
2025-04-13,DE-BY,mint-oil,30,343.47
2025-04-13,DE-BY,dried-sage,40,285.51
2025-04-13,DE-HH,herbal-tea,22,99.97
2025-04-13,DE-HH,basil-seeds,3,6.76
2025-04-13,DE-HH,mint-oil,5,55.66
2025-04-13,DE-HH,dried-sage,5,33.33
2025-04-13,FR-IDF,herbal-tea,64,301.48
2025-04-13,FR-IDF,basil-seeds,36,79.67
2025-04-13,FR-IDF,mint-oil,25,275.1
2025-04-13,FR-IDF,dried-sage,27,191.5
2025-04-13,FR-ARA,herbal-tea,61,269.49
2025-04-13,FR-ARA,basil-seeds,18,39.72
2025-04-13,FR-ARA,mint-oil,22,230.97
2025-04-13,FR-ARA,dried-sage,23,150.58
2025-04-13,NL-NH,herbal-tea,27,124.51
2025-04-13,NL-NH,basil-seeds,4,9.18
2025-04-13,NL-NH,mint-oil,6,66.75
2025-04-13,NL-NH,dried-sage,11,76.76
2025-04-13,ES-MD,herbal-tea,45,210.45
2025-04-13,ES-MD,basil-seeds,21,45.35
2025-04-13,ES-MD,mint-oil,26,276.03
2025-04-13,ES-MD,dried-sage,17,119.68
2025-04-13,IT-LOM,herbal-tea,48,206.35
2025-04-13,IT-LOM,basil-seeds,14,29.72
2025-04-13,IT-LOM,mint-oil,25,268.41
2025-04-13,IT-LOM,dried-sage,27,187.38
2025-04-14,DE-BE,herbal-tea,7,32.85
2025-04-14,DE-BE,basil-seeds,15,31.48
2025-04-14,DE-BE,mint-oil,8,87.87
2025-04-14,DE-BE,dried-sage,15,101.93
2025-04-14,DE-BY,herbal-tea,137,593.3
2025-04-14,DE-BY,basil-seeds,23,48.54
2025-04-14,DE-BY,mint-oil,44,467.95
2025-04-14,DE-BY,dried-sage,35,238.21
2025-04-14,DE-HH,herbal-tea,13,59.0
2025-04-14,DE-HH,basil-seeds,8,17.75
2025-04-14,DE-HH,mint-oil,7,77.55
2025-04-14,DE-HH,dried-sage,5,33.72
2025-04-14,FR-IDF,herbal-tea,135,618.25
2025-04-14,FR-IDF,basil-seeds,44,100.55
2025-04-14,FR-IDF,mint-oil,50,559.94
2025-04-14,FR-IDF,dried-sage,39,262.39
2025-04-14,FR-ARA,herbal-tea,31,144.2
2025-04-14,FR-ARA,basil-seeds,16,33.98
2025-04-14,FR-ARA,mint-oil,34,379.97
2025-04-14,FR-ARA,dried-sage,29,196.29
2025-04-14,NL-NH,herbal-tea,31,132.61
2025-04-14,NL-NH,basil-seeds,8,18.43
2025-04-14,NL-NH,mint-oil,5,54.04
2025-04-14,NL-NH,dried-sage,4,27.83
2025-04-14,ES-MD,herbal-tea,51,231.09
2025-04-14,ES-MD,basil-seeds,7,14.96
2025-04-14,ES-MD,mint-oil,27,291.75
2025-04-14,ES-MD,dried-sage,22,142.95
2025-04-14,IT-LOM,herbal-tea,124,551.38
2025-04-14,IT-LOM,basil-seeds,38,82.75
2025-04-14,IT-LOM,mint-oil,38,433.28
2025-04-14,IT-LOM,dried-sage,47,306.47
2025-04-15,DE-BE,herbal-tea,33,152.65
2025-04-15,DE-BE,basil-seeds,10,21.53
2025-04-15,DE-BE,mint-oil,11,116.41
2025-04-15,DE-BE,dried-sage,7,47.56
2025-04-15,DE-BY,herbal-tea,62,273.7
2025-04-15,DE-BY,basil-seeds,47,105.31
2025-04-15,DE-BY,mint-oil,50,568.26
2025-04-15,DE-BY,dried-sage,51,347.24
2025-04-15,DE-HH,herbal-tea,7,31.43
2025-04-15,DE-HH,basil-seeds,5,11.07
2025-04-15,DE-HH,mint-oil,3,34.03
2025-04-15,DE-HH,dried-sage,6,41.26
2025-04-15,FR-IDF,herbal-tea,74,317.7
2025-04-15,FR-IDF,basil-seeds,40,86.61
2025-04-15,FR-IDF,mint-oil,30,336.15
2025-04-15,FR-IDF,dried-sage,38,249.49
2025-04-15,FR-ARA,herbal-tea,42,189.47
2025-04-15,FR-ARA,basil-seeds,24,51.69
2025-04-15,FR-ARA,mint-oil,12,131.7
2025-04-15,FR-ARA,dried-sage,29,190.27
2025-04-15,NL-NH,herbal-tea,32,148.92
2025-04-15,NL-NH,basil-seeds,12,26.46
2025-04-15,NL-NH,mint-oil,8,84.27
2025-04-15,NL-NH,dried-sage,9,58.42
2025-04-15,ES-MD,herbal-tea,66,284.96
2025-04-15,ES-MD,basil-seeds,24,53.65
2025-04-15,ES-MD,mint-oil,17,182.42
2025-04-15,ES-MD,dried-sage,18,117.28
2025-04-15,IT-LOM,herbal-tea,70,320.09
2025-04-15,IT-LOM,basil-seeds,29,61.76
2025-04-15,IT-LOM,mint-oil,33,347.87
2025-04-15,IT-LOM,dried-sage,36,254.02
2025-04-16,DE-BE,herbal-tea,27,120.95
2025-04-16,DE-BE,basil-seeds,15,33.56
2025-04-16,DE-BE,mint-oil,10,115.13
2025-04-16,DE-BE,dried-sage,10,70.53
2025-04-16,DE-BY,herbal-tea,113,521.06
2025-04-16,DE-BY,basil-seeds,46,102.25
2025-04-16,DE-BY,mint-oil,43,474.63
2025-04-16,DE-BY,dried-sage,36,232.7
2025-04-16,DE-HH,herbal-tea,16,71.84
2025-04-16,DE-HH,basil-seeds,6,13.45
2025-04-16,DE-HH,mint-oil,8,88.9
2025-04-16,DE-HH,dried-sage,2,13.58
2025-04-16,FR-IDF,herbal-tea,49,217.43
2025-04-16,FR-IDF,basil-seeds,19,42.53
2025-04-16,FR-IDF,mint-oil,33,355.84
2025-04-16,FR-IDF,dried-sage,28,183.26
2025-04-16,FR-ARA,herbal-tea,72,308.31
2025-04-16,FR-ARA,basil-seeds,24,55.28
2025-04-16,FR-ARA,mint-oil,26,290.25
2025-04-16,FR-ARA,dried-sage,21,144.94
2025-04-16,NL-NH,herbal-tea,15,69.46
2025-04-16,NL-NH,basil-seeds,10,21.32
2025-04-16,NL-NH,mint-oil,8,87.77
2025-04-16,NL-NH,dried-sage,11,71.22
2025-04-16,ES-MD,herbal-tea,58,266.29
2025-04-16,ES-MD,basil-seeds,23,52.95
2025-04-16,ES-MD,mint-oil,10,110.94
2025-04-16,ES-MD,dried-sage,22,145.13
2025-04-16,IT-LOM,herbal-tea,45,193.41
2025-04-16,IT-LOM,basil-seeds,24,50.2
2025-04-16,IT-LOM,mint-oil,21,242.08
2025-04-16,IT-LOM,dried-sage,21,147.78
2025-04-17,DE-BE,herbal-tea,30,135.73
2025-04-17,DE-BE,basil-seeds,7,15.08
2025-04-17,DE-BE,mint-oil,8,88.8
2025-04-17,DE-BE,dried-sage,11,75.63
2025-04-17,DE-BY,herbal-tea,85,382.04
2025-04-17,DE-BY,basil-seeds,23,51.68
2025-04-17,DE-BY,mint-oil,29,313.13
2025-04-17,DE-BY,dried-sage,38,247.12
2025-04-17,DE-HH,herbal-tea,18,80.78
2025-04-17,DE-HH,basil-seeds,4,8.8
2025-04-17,DE-HH,mint-oil,6,67.3
2025-04-17,DE-HH,dried-sage,5,32.37
2025-04-17,FR-IDF,herbal-tea,94,416.39
2025-04-17,FR-IDF,basil-seeds,42,89.92
2025-04-17,FR-IDF,mint-oil,40,432.92
2025-04-17,FR-IDF,dried-sage,56,384.69
2025-04-17,FR-ARA,herbal-tea,77,333.72
2025-04-17,FR-ARA,basil-seeds,16,34.47
2025-04-17,FR-ARA,mint-oil,20,227.33
2025-04-17,FR-ARA,dried-sage,9,62.26
2025-04-17,NL-NH,herbal-tea,22,101.97
2025-04-17,NL-NH,basil-seeds,4,9.1
2025-04-17,NL-NH,mint-oil,7,78.92
2025-04-17,NL-NH,dried-sage,7,48.4
2025-04-17,ES-MD,herbal-tea,61,277.4
2025-04-17,ES-MD,basil-seeds,23,48.58
2025-04-17,ES-MD,mint-oil,6,64.7
2025-04-17,ES-MD,dried-sage,28,184.87
2025-04-17,IT-LOM,herbal-tea,83,387.73
2025-04-17,IT-LOM,basil-seeds,30,65.06
2025-04-17,IT-LOM,mint-oil,37,423.05
2025-04-17,IT-LOM,dried-sage,41,265.75
2025-04-18,DE-BE,herbal-tea,38,173.01
2025-04-18,DE-BE,basil-seeds,12,25.4
2025-04-18,DE-BE,mint-oil,11,119.07
2025-04-18,DE-BE,dried-sage,13,87.12
2025-04-18,DE-BY,herbal-tea,159,698.86
2025-04-18,DE-BY,basil-seeds,46,97.67
2025-04-18,DE-BY,mint-oil,35,391.53
2025-04-18,DE-BY,dried-sage,28,194.33
2025-04-18,DE-HH,herbal-tea,18,80.65
2025-04-18,DE-HH,basil-seeds,4,9.1
2025-04-18,DE-HH,mint-oil,6,66.73
2025-04-18,DE-HH,dried-sage,6,41.95
2025-04-18,FR-IDF,herbal-tea,141,605.44
2025-04-18,FR-IDF,basil-seeds,31,65.51
2025-04-18,FR-IDF,mint-oil,24,274.85
2025-04-18,FR-IDF,dried-sage,23,151.04
2025-04-18,FR-ARA,herbal-tea,60,270.16
2025-04-18,FR-ARA,basil-seeds,30,67.53
2025-04-18,FR-ARA,mint-oil,31,335.36
2025-04-18,FR-ARA,dried-sage,29,190.06
2025-04-18,NL-NH,herbal-tea,27,120.48
2025-04-18,NL-NH,basil-seeds,6,13.56
2025-04-18,NL-NH,mint-oil,8,86.6
2025-04-18,NL-NH,dried-sage,12,81.64
2025-04-18,ES-MD,herbal-tea,66,304.57
2025-04-18,ES-MD,basil-seeds,23,49.89
2025-04-18,ES-MD,mint-oil,19,214.3
2025-04-18,ES-MD,dried-sage,18,121.44
2025-04-18,IT-LOM,herbal-tea,85,379.19
2025-04-18,IT-LOM,basil-seeds,43,93.74
2025-04-18,IT-LOM,mint-oil,15,169.86
2025-04-18,IT-LOM,dried-sage,33,221.3
2025-04-19,DE-BE,herbal-tea,30,128.38
2025-04-19,DE-BE,basil-seeds,10,22.67
2025-04-19,DE-BE,mint-oil,11,118.76
2025-04-19,DE-BE,dried-sage,9,64.15
2025-04-19,DE-BY,herbal-tea,95,438.58
2025-04-19,DE-BY,basil-seeds,37,82.7
2025-04-19,DE-BY,mint-oil,20,210.27
2025-04-19,DE-BY,dried-sage,17,117.12
2025-04-19,DE-HH,herbal-tea,11,49.6
2025-04-19,DE-HH,basil-seeds,2,4.31
2025-04-19,DE-HH,mint-oil,3,33.18
2025-04-19,DE-HH,dried-sage,6,40.0
2025-04-19,FR-IDF,herbal-tea,80,342.28
2025-04-19,FR-IDF,basil-seeds,11,23.67
2025-04-19,FR-IDF,mint-oil,10,112.2
2025-04-19,FR-IDF,dried-sage,27,182.61
2025-04-19,FR-ARA,herbal-tea,60,277.79
2025-04-19,FR-ARA,basil-seeds,28,62.54
2025-04-19,FR-ARA,mint-oil,16,180.96
2025-04-19,FR-ARA,dried-sage,8,53.88
2025-04-19,NL-NH,herbal-tea,21,90.12
2025-04-19,NL-NH,basil-seeds,9,19.47
2025-04-19,NL-NH,mint-oil,6,63.53
2025-04-19,NL-NH,dried-sage,3,21.4
2025-04-19,ES-MD,herbal-tea,45,203.55
2025-04-19,ES-MD,basil-seeds,19,41.89
2025-04-19,ES-MD,mint-oil,17,178.17
2025-04-19,ES-MD,dried-sage,14,98.02
2025-04-19,IT-LOM,herbal-tea,55,254.29
2025-04-19,IT-LOM,basil-seeds,22,49.5
2025-04-19,IT-LOM,mint-oil,29,304.96
2025-04-19,IT-LOM,dried-sage,25,167.84
2025-04-20,DE-BE,herbal-tea,21,90.23
2025-04-20,DE-BE,basil-seeds,7,15.63
2025-04-20,DE-BE,mint-oil,11,123.87
2025-04-20,DE-BE,dried-sage,11,74.45
2025-04-20,DE-BY,herbal-tea,139,656.09
2025-04-20,DE-BY,basil-seeds,32,70.86
2025-04-20,DE-BY,mint-oil,45,496.65
2025-04-20,DE-BY,dried-sage,25,171.62
2025-04-20,DE-HH,herbal-tea,11,50.91
2025-04-20,DE-HH,basil-seeds,5,11.24
2025-04-20,DE-HH,mint-oil,3,33.06
2025-04-20,DE-HH,dried-sage,2,13.26
2025-04-20,FR-IDF,herbal-tea,68,315.88
2025-04-20,FR-IDF,basil-seeds,42,91.12
2025-04-20,FR-IDF,mint-oil,43,488.54
2025-04-20,FR-IDF,dried-sage,39,254.11
2025-04-20,FR-ARA,herbal-tea,86,386.08
2025-04-20,FR-ARA,basil-seeds,25,54.7
2025-04-20,FR-ARA,mint-oil,15,166.46
2025-04-20,FR-ARA,dried-sage,26,177.13
2025-04-20,NL-NH,herbal-tea,16,71.99
2025-04-20,NL-NH,basil-seeds,8,17.47
2025-04-20,NL-NH,mint-oil,2,21.98
2025-04-20,NL-NH,dried-sage,9,64.1
2025-04-20,ES-MD,herbal-tea,50,216.61
2025-04-20,ES-MD,basil-seeds,14,31.45
2025-04-20,ES-MD,mint-oil,23,262.19
2025-04-20,ES-MD,dried-sage,23,150.43
2025-04-20,IT-LOM,herbal-tea,73,336.6
2025-04-20,IT-LOM,basil-seeds,33,75.82
2025-04-20,IT-LOM,mint-oil,12,133.34
2025-04-20,IT-LOM,dried-sage,39,262.78
2025-04-21,DE-BE,herbal-tea,38,163.14
2025-04-21,DE-BE,basil-seeds,14,29.73
2025-04-21,DE-BE,mint-oil,5,53.92
2025-04-21,DE-BE,dried-sage,18,122.23
2025-04-21,DE-BY,herbal-tea,110,499.44
2025-04-21,DE-BY,basil-seeds,34,71.42
2025-04-21,DE-BY,mint-oil,56,598.48
2025-04-21,DE-BY,dried-sage,27,189.46
2025-04-21,DE-HH,herbal-tea,13,57.61
2025-04-21,DE-HH,basil-seeds,5,11.41
2025-04-21,DE-HH,mint-oil,4,44.29
2025-04-21,DE-HH,dried-sage,6,42.43
2025-04-21,FR-IDF,herbal-tea,103,473.7
2025-04-21,FR-IDF,basil-seeds,26,57.8
2025-04-21,FR-IDF,mint-oil,37,405.41
2025-04-21,FR-IDF,dried-sage,25,169.15
2025-04-21,FR-ARA,herbal-tea,34,150.33
2025-04-21,FR-ARA,basil-seeds,28,63.45
2025-04-21,FR-ARA,mint-oil,21,224.83
2025-04-21,FR-ARA,dried-sage,18,121.12
2025-04-21,NL-NH,herbal-tea,9,42.08
2025-04-21,NL-NH,basil-seeds,7,15.76
2025-04-21,NL-NH,mint-oil,6,67.37
2025-04-21,NL-NH,dried-sage,5,34.24
2025-04-21,ES-MD,herbal-tea,61,276.18
2025-04-21,ES-MD,basil-seeds,12,25.41
2025-04-21,ES-MD,mint-oil,17,189.22
2025-04-21,ES-MD,dried-sage,19,130.19
2025-04-21,IT-LOM,herbal-tea,104,453.46
2025-04-21,IT-LOM,basil-seeds,33,72.42
2025-04-21,IT-LOM,mint-oil,33,378.83
2025-04-21,IT-LOM,dried-sage,27,177.72
2025-04-22,DE-BE,herbal-tea,44,192.96
2025-04-22,DE-BE,basil-seeds,12,26.94
2025-04-22,DE-BE,mint-oil,14,158.73
2025-04-22,DE-BE,dried-sage,9,61.85
2025-04-22,DE-BY,herbal-tea,100,466.29
2025-04-22,DE-BY,basil-seeds,41,85.9
2025-04-22,DE-BY,mint-oil,30,341.87
2025-04-22,DE-BY,dried-sage,44,293.74
2025-04-22,DE-HH,herbal-tea,15,64.8
2025-04-22,DE-HH,basil-seeds,6,12.76
2025-04-22,DE-HH,mint-oil,6,63.29
2025-04-22,DE-HH,dried-sage,6,40.01
2025-04-22,FR-IDF,herbal-tea,85,386.88
2025-04-22,FR-IDF,basil-seeds,39,84.3
2025-04-22,FR-IDF,mint-oil,39,424.28
2025-04-22,FR-IDF,dried-sage,37,247.07
2025-04-22,FR-ARA,herbal-tea,52,231.09
2025-04-22,FR-ARA,basil-seeds,27,61.35
2025-04-22,FR-ARA,mint-oil,27,304.49
2025-04-22,FR-ARA,dried-sage,27,185.18
2025-04-22,NL-NH,herbal-tea,13,57.83
2025-04-22,NL-NH,basil-seeds,9,19.04
2025-04-22,NL-NH,mint-oil,11,119.88
2025-04-22,NL-NH,dried-sage,9,61.1
2025-04-22,ES-MD,herbal-tea,46,214.99
2025-04-22,ES-MD,basil-seeds,22,47.28
2025-04-22,ES-MD,mint-oil,28,300.19
2025-04-22,ES-MD,dried-sage,18,123.07
2025-04-22,IT-LOM,herbal-tea,83,370.02
2025-04-22,IT-LOM,basil-seeds,23,48.49
2025-04-22,IT-LOM,mint-oil,26,299.38
2025-04-22,IT-LOM,dried-sage,26,174.56
2025-04-23,DE-BE,herbal-tea,44,198.74
2025-04-23,DE-BE,basil-seeds,11,24.02
2025-04-23,DE-BE,mint-oil,14,146.32
2025-04-23,DE-BE,dried-sage,9,60.98
2025-04-23,DE-BY,herbal-tea,117,551.36
2025-04-23,DE-BY,basil-seeds,32,66.88
2025-04-23,DE-BY,mint-oil,50,555.38
2025-04-23,DE-BY,dried-sage,35,246.08
2025-04-23,DE-HH,herbal-tea,12,54.71
2025-04-23,DE-HH,basil-seeds,6,13.31
2025-04-23,DE-HH,mint-oil,5,56.32
2025-04-23,DE-HH,dried-sage,5,34.21
2025-04-23,FR-IDF,herbal-tea,90,389.73
2025-04-23,FR-IDF,basil-seeds,45,95.43
2025-04-23,FR-IDF,mint-oil,29,316.83
2025-04-23,FR-IDF,dried-sage,34,233.75
2025-04-23,FR-ARA,herbal-tea,78,357.39
2025-04-23,FR-ARA,basil-seeds,22,47.64
2025-04-23,FR-ARA,mint-oil,23,251.8
2025-04-23,FR-ARA,dried-sage,34,225.33
2025-04-23,NL-NH,herbal-tea,28,125.49
2025-04-23,NL-NH,basil-seeds,8,17.78
2025-04-23,NL-NH,mint-oil,12,133.93
2025-04-23,NL-NH,dried-sage,9,58.15
2025-04-23,ES-MD,herbal-tea,25,114.44
2025-04-23,ES-MD,basil-seeds,22,47.98
2025-04-23,ES-MD,mint-oil,26,293.51
2025-04-23,ES-MD,dried-sage,15,102.39
2025-04-23,IT-LOM,herbal-tea,86,370.65
2025-04-23,IT-LOM,basil-seeds,19,39.84
2025-04-23,IT-LOM,mint-oil,35,391.63
2025-04-23,IT-LOM,dried-sage,20,134.0
2025-04-24,DE-BE,herbal-tea,36,159.7
2025-04-24,DE-BE,basil-seeds,6,12.77
2025-04-24,DE-BE,mint-oil,12,125.51
2025-04-24,DE-BE,dried-sage,7,47.42
2025-04-24,DE-BY,herbal-tea,133,581.83
2025-04-24,DE-BY,basil-seeds,35,73.3
2025-04-24,DE-BY,mint-oil,35,379.53
2025-04-24,DE-BY,dried-sage,62,404.31
2025-04-24,DE-HH,herbal-tea,12,55.18
2025-04-24,DE-HH,basil-seeds,4,8.57
2025-04-24,DE-HH,mint-oil,4,43.04
2025-04-24,DE-HH,dried-sage,5,35.38
2025-04-24,FR-IDF,herbal-tea,93,405.78
2025-04-24,FR-IDF,basil-seeds,30,68.12
2025-04-24,FR-IDF,mint-oil,22,243.67
2025-04-24,FR-IDF,dried-sage,48,326.2
2025-04-24,FR-ARA,herbal-tea,42,190.24
2025-04-24,FR-ARA,basil-seeds,21,47.04
2025-04-24,FR-ARA,mint-oil,22,233.0
2025-04-24,FR-ARA,dried-sage,23,149.6
2025-04-24,NL-NH,herbal-tea,23,100.68
2025-04-24,NL-NH,basil-seeds,11,24.26
2025-04-24,NL-NH,mint-oil,9,100.76
2025-04-24,NL-NH,dried-sage,7,49.94
2025-04-24,ES-MD,herbal-tea,49,215.05
2025-04-24,ES-MD,basil-seeds,14,30.99
2025-04-24,ES-MD,mint-oil,8,89.24
2025-04-24,ES-MD,dried-sage,24,170.43
2025-04-24,IT-LOM,herbal-tea,125,558.71
2025-04-24,IT-LOM,basil-seeds,35,80.81
2025-04-24,IT-LOM,mint-oil,28,306.97
2025-04-24,IT-LOM,dried-sage,41,274.94
2025-04-25,DE-BE,herbal-tea,31,135.66
2025-04-25,DE-BE,basil-seeds,5,10.76
2025-04-25,DE-BE,mint-oil,8,83.65
2025-04-25,DE-BE,dried-sage,13,85.7
2025-04-25,DE-BY,herbal-tea,137,587.24
2025-04-25,DE-BY,basil-seeds,46,103.6
2025-04-25,DE-BY,mint-oil,50,526.59
2025-04-25,DE-BY,dried-sage,38,251.94
2025-04-25,DE-HH,herbal-tea,16,72.91
2025-04-25,DE-HH,basil-seeds,6,12.67
2025-04-25,DE-HH,mint-oil,3,33.31
2025-04-25,DE-HH,dried-sage,5,34.43
2025-04-25,FR-IDF,herbal-tea,88,380.47
2025-04-25,FR-IDF,basil-seeds,42,89.98
2025-04-25,FR-IDF,mint-oil,35,378.59
2025-04-25,FR-IDF,dried-sage,39,273.0
2025-04-25,FR-ARA,herbal-tea,91,414.4
2025-04-25,FR-ARA,basil-seeds,20,45.16
2025-04-25,FR-ARA,mint-oil,18,189.79
2025-04-25,FR-ARA,dried-sage,18,117.02
2025-04-25,NL-NH,herbal-tea,28,130.38
2025-04-25,NL-NH,basil-seeds,9,18.94
2025-04-25,NL-NH,mint-oil,12,131.23
2025-04-25,NL-NH,dried-sage,12,79.98
2025-04-25,ES-MD,herbal-tea,51,233.58
2025-04-25,ES-MD,basil-seeds,19,42.05
2025-04-25,ES-MD,mint-oil,19,200.55
2025-04-25,ES-MD,dried-sage,25,174.28
2025-04-25,IT-LOM,herbal-tea,83,379.47
2025-04-25,IT-LOM,basil-seeds,40,83.69
2025-04-25,IT-LOM,mint-oil,20,228.36
2025-04-25,IT-LOM,dried-sage,38,261.48
2025-04-26,DE-BE,herbal-tea,16,74.04
2025-04-26,DE-BE,basil-seeds,15,32.85
2025-04-26,DE-BE,mint-oil,8,84.5
2025-04-26,DE-BE,dried-sage,11,75.51
2025-04-26,DE-BY,herbal-tea,133,580.16
2025-04-26,DE-BY,basil-seeds,41,90.86
2025-04-26,DE-BY,mint-oil,29,316.48
2025-04-26,DE-BY,dried-sage,28,194.68
2025-04-26,DE-HH,herbal-tea,10,46.34
2025-04-26,DE-HH,basil-seeds,5,10.52
2025-04-26,DE-HH,mint-oil,4,46.02
2025-04-26,DE-HH,dried-sage,6,41.84
2025-04-26,FR-IDF,herbal-tea,64,295.93
2025-04-26,FR-IDF,basil-seeds,49,104.0
2025-04-26,FR-IDF,mint-oil,28,303.96
2025-04-26,FR-IDF,dried-sage,39,252.15
2025-04-26,FR-ARA,herbal-tea,34,146.23
2025-04-26,FR-ARA,basil-seeds,15,33.02
2025-04-26,FR-ARA,mint-oil,26,283.77
2025-04-26,FR-ARA,dried-sage,10,65.93
2025-04-26,NL-NH,herbal-tea,24,111.08
2025-04-26,NL-NH,basil-seeds,12,25.98
2025-04-26,NL-NH,mint-oil,5,57.65
2025-04-26,NL-NH,dried-sage,4,27.47
2025-04-26,ES-MD,herbal-tea,37,174.21
2025-04-26,ES-MD,basil-seeds,23,51.19
2025-04-26,ES-MD,mint-oil,14,153.3
2025-04-26,ES-MD,dried-sage,19,132.94
2025-04-26,IT-LOM,herbal-tea,81,346.41
2025-04-26,IT-LOM,basil-seeds,26,55.62
2025-04-26,IT-LOM,mint-oil,26,278.54
2025-04-26,IT-LOM,dried-sage,35,243.58
2025-04-27,DE-BE,herbal-tea,33,152.07
2025-04-27,DE-BE,basil-seeds,9,19.22
2025-04-27,DE-BE,mint-oil,13,141.04
2025-04-27,DE-BE,dried-sage,17,110.67
2025-04-27,DE-BY,herbal-tea,103,453.79
2025-04-27,DE-BY,basil-seeds,35,74.65
2025-04-27,DE-BY,mint-oil,19,199.47
2025-04-27,DE-BY,dried-sage,25,162.0
2025-04-27,DE-HH,herbal-tea,13,60.75
2025-04-27,DE-HH,basil-seeds,5,11.24
2025-04-27,DE-HH,mint-oil,3,31.94
2025-04-27,DE-HH,dried-sage,6,38.85
2025-04-27,FR-IDF,herbal-tea,113,484.14
2025-04-27,FR-IDF,basil-seeds,14,31.35
2025-04-27,FR-IDF,mint-oil,19,200.87
2025-04-27,FR-IDF,dried-sage,42,298.06
2025-04-27,FR-ARA,herbal-tea,51,236.6
2025-04-27,FR-ARA,basil-seeds,24,53.65
2025-04-27,FR-ARA,mint-oil,36,415.71
2025-04-27,FR-ARA,dried-sage,14,98.83
2025-04-27,NL-NH,herbal-tea,21,91.14
2025-04-27,NL-NH,basil-seeds,6,13.76
2025-04-27,NL-NH,mint-oil,7,76.06
2025-04-27,NL-NH,dried-sage,6,40.29
2025-04-27,ES-MD,herbal-tea,16,70.16
2025-04-27,ES-MD,basil-seeds,9,18.9
2025-04-27,ES-MD,mint-oil,15,165.59
2025-04-27,ES-MD,dried-sage,15,104.95
2025-04-27,IT-LOM,herbal-tea,65,301.15
2025-04-27,IT-LOM,basil-seeds,27,61.61
2025-04-27,IT-LOM,mint-oil,37,422.7
2025-04-27,IT-LOM,dried-sage,9,59.42
2025-04-28,DE-BE,herbal-tea,38,173.8
2025-04-28,DE-BE,basil-seeds,13,27.36
2025-04-28,DE-BE,mint-oil,6,66.96
2025-04-28,DE-BE,dried-sage,11,74.87
2025-04-28,DE-BY,herbal-tea,77,340.33
2025-04-28,DE-BY,basil-seeds,40,86.89
2025-04-28,DE-BY,mint-oil,34,373.81
2025-04-28,DE-BY,dried-sage,25,166.06
2025-04-28,DE-HH,herbal-tea,8,36.3
2025-04-28,DE-HH,basil-seeds,7,14.69
2025-04-28,DE-HH,mint-oil,5,57.0
2025-04-28,DE-HH,dried-sage,6,40.38
2025-04-28,FR-IDF,herbal-tea,80,362.57
2025-04-28,FR-IDF,basil-seeds,54,123.97
2025-04-28,FR-IDF,mint-oil,28,296.74
2025-04-28,FR-IDF,dried-sage,45,293.27
2025-04-28,FR-ARA,herbal-tea,50,226.89
2025-04-28,FR-ARA,basil-seeds,26,57.0
2025-04-28,FR-ARA,mint-oil,19,208.32
2025-04-28,FR-ARA,dried-sage,19,128.02
2025-04-28,NL-NH,herbal-tea,25,111.18
2025-04-28,NL-NH,basil-seeds,7,14.91
2025-04-28,NL-NH,mint-oil,9,97.61
2025-04-28,NL-NH,dried-sage,12,78.19
2025-04-28,ES-MD,herbal-tea,64,292.14
2025-04-28,ES-MD,basil-seeds,15,33.94
2025-04-28,ES-MD,mint-oil,22,231.63
2025-04-28,ES-MD,dried-sage,19,123.23
2025-04-28,IT-LOM,herbal-tea,84,371.55
2025-04-28,IT-LOM,basil-seeds,34,73.32
2025-04-28,IT-LOM,mint-oil,34,365.56
2025-04-28,IT-LOM,dried-sage,19,131.86
2025-04-29,DE-BE,herbal-tea,58,267.59
2025-04-29,DE-BE,basil-seeds,11,24.78
2025-04-29,DE-BE,mint-oil,11,118.57
2025-04-29,DE-BE,dried-sage,11,77.21
2025-04-29,DE-BY,herbal-tea,112,499.25
2025-04-29,DE-BY,basil-seeds,30,66.53
2025-04-29,DE-BY,mint-oil,33,363.46
2025-04-29,DE-BY,dried-sage,30,209.33
2025-04-29,DE-HH,herbal-tea,17,74.41
2025-04-29,DE-HH,basil-seeds,6,13.53
2025-04-29,DE-HH,mint-oil,3,33.94
2025-04-29,DE-HH,dried-sage,5,34.88
2025-04-29,FR-IDF,herbal-tea,93,430.72
2025-04-29,FR-IDF,basil-seeds,26,56.13
2025-04-29,FR-IDF,mint-oil,42,471.14
2025-04-29,FR-IDF,dried-sage,51,336.73
2025-04-29,FR-ARA,herbal-tea,45,199.96
2025-04-29,FR-ARA,basil-seeds,26,57.64
2025-04-29,FR-ARA,mint-oil,34,355.66
2025-04-29,FR-ARA,dried-sage,34,238.38
2025-04-29,NL-NH,herbal-tea,26,116.05
2025-04-29,NL-NH,basil-seeds,7,15.69
2025-04-29,NL-NH,mint-oil,5,55.21
2025-04-29,NL-NH,dried-sage,11,73.5
2025-04-29,ES-MD,herbal-tea,78,365.82
2025-04-29,ES-MD,basil-seeds,21,44.6
2025-04-29,ES-MD,mint-oil,25,278.57
2025-04-29,ES-MD,dried-sage,19,130.53
2025-04-29,IT-LOM,herbal-tea,48,226.37
2025-04-29,IT-LOM,basil-seeds,20,42.7
2025-04-29,IT-LOM,mint-oil,22,234.46
2025-04-29,IT-LOM,dried-sage,35,228.69
2025-04-30,DE-BE,herbal-tea,23,107.59
2025-04-30,DE-BE,basil-seeds,10,21.11
2025-04-30,DE-BE,mint-oil,14,146.79
2025-04-30,DE-BE,dried-sage,13,90.07
2025-04-30,DE-BY,herbal-tea,89,383.26
2025-04-30,DE-BY,basil-seeds,40,92.07
2025-04-30,DE-BY,mint-oil,38,424.67
2025-04-30,DE-BY,dried-sage,47,305.86
2025-04-30,DE-HH,herbal-tea,19,82.69
2025-04-30,DE-HH,basil-seeds,6,13.67
2025-04-30,DE-HH,mint-oil,4,42.29
2025-04-30,DE-HH,dried-sage,6,40.95
2025-04-30,FR-IDF,herbal-tea,88,414.02
2025-04-30,FR-IDF,basil-seeds,37,84.38
2025-04-30,FR-IDF,mint-oil,41,447.94
2025-04-30,FR-IDF,dried-sage,41,284.65
2025-04-30,FR-ARA,herbal-tea,43,202.0
2025-04-30,FR-ARA,basil-seeds,25,55.48
2025-04-30,FR-ARA,mint-oil,15,161.29
2025-04-30,FR-ARA,dried-sage,24,155.16
2025-04-30,NL-NH,herbal-tea,24,106.91
2025-04-30,NL-NH,basil-seeds,9,20.41
2025-04-30,NL-NH,mint-oil,4,45.67
2025-04-30,NL-NH,dried-sage,8,54.18
2025-04-30,ES-MD,herbal-tea,35,154.16
2025-04-30,ES-MD,basil-seeds,16,36.54
2025-04-30,ES-MD,mint-oil,12,134.79
2025-04-30,ES-MD,dried-sage,22,146.57
2025-04-30,IT-LOM,herbal-tea,52,226.4
2025-04-30,IT-LOM,basil-seeds,21,45.04
2025-04-30,IT-LOM,mint-oil,39,427.19
2025-04-30,IT-LOM,dried-sage,22,155.75
2025-05-01,DE-BE,herbal-tea,35,155.82
2025-05-01,DE-BE,basil-seeds,15,34.47
2025-05-01,DE-BE,mint-oil,12,129.01
2025-05-01,DE-BE,dried-sage,17,117.08
2025-05-01,DE-BY,herbal-tea,91,417.61
2025-05-01,DE-BY,basil-seeds,61,137.18
2025-05-01,DE-BY,mint-oil,42,484.75
2025-05-01,DE-BY,dried-sage,51,348.63
2025-05-01,DE-HH,herbal-tea,16,69.16
2025-05-01,DE-HH,basil-seeds,5,11.29
2025-05-01,DE-HH,mint-oil,4,42.91
2025-05-01,DE-HH,dried-sage,7,47.63
2025-05-01,FR-IDF,herbal-tea,88,403.7
2025-05-01,FR-IDF,basil-seeds,37,83.43
2025-05-01,FR-IDF,mint-oil,25,284.78
2025-05-01,FR-IDF,dried-sage,47,316.3
2025-05-01,FR-ARA,herbal-tea,72,337.52
2025-05-01,FR-ARA,basil-seeds,24,51.89
2025-05-01,FR-ARA,mint-oil,24,252.6
2025-05-01,FR-ARA,dried-sage,17,116.16
2025-05-01,NL-NH,herbal-tea,24,104.11
2025-05-01,NL-NH,basil-seeds,14,31.79
2025-05-01,NL-NH,mint-oil,9,94.23
2025-05-01,NL-NH,dried-sage,7,45.7
2025-05-01,ES-MD,herbal-tea,50,222.54
2025-05-01,ES-MD,basil-seeds,26,54.78
2025-05-01,ES-MD,mint-oil,21,223.0
2025-05-01,ES-MD,dried-sage,12,80.44
2025-05-01,IT-LOM,herbal-tea,81,370.88
2025-05-01,IT-LOM,basil-seeds,32,68.4
2025-05-01,IT-LOM,mint-oil,25,283.57
2025-05-01,IT-LOM,dried-sage,16,110.33
2025-05-02,DE-BE,herbal-tea,27,120.17
2025-05-02,DE-BE,basil-seeds,5,10.79
2025-05-02,DE-BE,mint-oil,11,124.3
2025-05-02,DE-BE,dried-sage,11,76.8
2025-05-02,DE-BY,herbal-tea,130,569.7
2025-05-02,DE-BY,basil-seeds,35,73.85
2025-05-02,DE-BY,mint-oil,13,140.67
2025-05-02,DE-BY,dried-sage,54,355.9
2025-05-02,DE-HH,herbal-tea,13,60.74
2025-05-02,DE-HH,basil-seeds,4,9.06
2025-05-02,DE-HH,mint-oil,6,63.8
2025-05-02,DE-HH,dried-sage,4,26.97
2025-05-02,FR-IDF,herbal-tea,115,520.71
2025-05-02,FR-IDF,basil-seeds,41,87.4
2025-05-02,FR-IDF,mint-oil,39,447.83
2025-05-02,FR-IDF,dried-sage,47,307.48
2025-05-02,FR-ARA,herbal-tea,68,296.01
2025-05-02,FR-ARA,basil-seeds,29,63.18
2025-05-02,FR-ARA,mint-oil,21,230.05
2025-05-02,FR-ARA,dried-sage,29,188.64
2025-05-02,NL-NH,herbal-tea,27,119.91
2025-05-02,NL-NH,basil-seeds,5,10.52
2025-05-02,NL-NH,mint-oil,9,99.98
2025-05-02,NL-NH,dried-sage,10,71.29
2025-05-02,ES-MD,herbal-tea,68,321.01
2025-05-02,ES-MD,basil-seeds,24,54.65
2025-05-02,ES-MD,mint-oil,26,288.86
2025-05-02,ES-MD,dried-sage,32,228.08
2025-05-02,IT-LOM,herbal-tea,70,329.88
2025-05-02,IT-LOM,basil-seeds,19,42.61
2025-05-02,IT-LOM,mint-oil,24,274.14
2025-05-02,IT-LOM,dried-sage,39,260.37
2025-05-03,DE-BE,herbal-tea,31,137.2
2025-05-03,DE-BE,basil-seeds,7,15.57
2025-05-03,DE-BE,mint-oil,7,78.08
2025-05-03,DE-BE,dried-sage,8,52.94
2025-05-03,DE-BY,herbal-tea,22,96.35
2025-05-03,DE-BY,basil-seeds,18,40.06
2025-05-03,DE-BY,mint-oil,40,450.47
2025-05-03,DE-BY,dried-sage,28,195.3
2025-05-03,DE-HH,herbal-tea,11,48.88
2025-05-03,DE-HH,basil-seeds,4,8.62
2025-05-03,DE-HH,mint-oil,5,52.46
2025-05-03,DE-HH,dried-sage,5,35.44
2025-05-03,FR-IDF,herbal-tea,35,161.27
2025-05-03,FR-IDF,basil-seeds,18,38.92
2025-05-03,FR-IDF,mint-oil,28,316.02
2025-05-03,FR-IDF,dried-sage,44,299.82
2025-05-03,FR-ARA,herbal-tea,78,343.57
2025-05-03,FR-ARA,basil-seeds,19,39.81
2025-05-03,FR-ARA,mint-oil,23,246.48
2025-05-03,FR-ARA,dried-sage,16,109.23
2025-05-03,NL-NH,herbal-tea,27,118.44
2025-05-03,NL-NH,basil-seeds,5,11.21
2025-05-03,NL-NH,mint-oil,6,65.22
2025-05-03,NL-NH,dried-sage,4,26.71
2025-05-03,ES-MD,herbal-tea,45,209.99
2025-05-03,ES-MD,basil-seeds,17,35.79
2025-05-03,ES-MD,mint-oil,20,212.11
2025-05-03,ES-MD,dried-sage,24,158.37
2025-05-03,IT-LOM,herbal-tea,90,418.41
2025-05-03,IT-LOM,basil-seeds,31,71.14
2025-05-03,IT-LOM,mint-oil,25,281.19
2025-05-03,IT-LOM,dried-sage,28,186.81
2025-05-04,DE-BE,herbal-tea,25,108.86
2025-05-04,DE-BE,basil-seeds,7,15.01
2025-05-04,DE-BE,mint-oil,9,100.34
2025-05-04,DE-BE,dried-sage,12,79.74
2025-05-04,DE-BY,herbal-tea,93,438.28
2025-05-04,DE-BY,basil-seeds,30,65.33
2025-05-04,DE-BY,mint-oil,39,429.23
2025-05-04,DE-BY,dried-sage,43,299.27
2025-05-04,DE-HH,herbal-tea,13,60.22
2025-05-04,DE-HH,basil-seeds,2,4.19
2025-05-04,DE-HH,mint-oil,2,22.57
2025-05-04,DE-HH,dried-sage,6,42.52
2025-05-04,FR-IDF,herbal-tea,71,326.74
2025-05-04,FR-IDF,basil-seeds,28,60.1
2025-05-04,FR-IDF,mint-oil,21,228.12
2025-05-04,FR-IDF,dried-sage,33,226.78
2025-05-04,FR-ARA,herbal-tea,63,282.63
2025-05-04,FR-ARA,basil-seeds,22,46.73
2025-05-04,FR-ARA,mint-oil,21,231.02
2025-05-04,FR-ARA,dried-sage,21,146.02
2025-05-04,NL-NH,herbal-tea,6,28.19
2025-05-04,NL-NH,basil-seeds,7,16.12
2025-05-04,NL-NH,mint-oil,5,55.78
2025-05-04,NL-NH,dried-sage,9,61.74
2025-05-04,ES-MD,herbal-tea,43,201.66
2025-05-04,ES-MD,basil-seeds,18,39.14
2025-05-04,ES-MD,mint-oil,14,153.02
2025-05-04,ES-MD,dried-sage,16,106.14
2025-05-04,IT-LOM,herbal-tea,95,427.91
2025-05-04,IT-LOM,basil-seeds,19,41.75
2025-05-04,IT-LOM,mint-oil,21,234.49
2025-05-04,IT-LOM,dried-sage,14,99.26
2025-05-05,DE-BE,herbal-tea,30,128.72
2025-05-05,DE-BE,basil-seeds,9,20.42
2025-05-05,DE-BE,mint-oil,8,89.74
2025-05-05,DE-BE,dried-sage,8,55.19
2025-05-05,DE-BY,herbal-tea,104,476.47
2025-05-05,DE-BY,basil-seeds,51,109.44
2025-05-05,DE-BY,mint-oil,20,227.51
2025-05-05,DE-BY,dried-sage,25,161.71
2025-05-05,DE-HH,herbal-tea,15,70.31
2025-05-05,DE-HH,basil-seeds,3,6.53
2025-05-05,DE-HH,mint-oil,3,33.06
2025-05-05,DE-HH,dried-sage,4,26.35
2025-05-05,FR-IDF,herbal-tea,57,250.16
2025-05-05,FR-IDF,basil-seeds,44,94.89
2025-05-05,FR-IDF,mint-oil,50,543.55
2025-05-05,FR-IDF,dried-sage,34,226.76
2025-05-05,FR-ARA,herbal-tea,36,165.69
2025-05-05,FR-ARA,basil-seeds,30,63.29
2025-05-05,FR-ARA,mint-oil,17,184.09
2025-05-05,FR-ARA,dried-sage,16,104.91
2025-05-05,NL-NH,herbal-tea,23,102.44
2025-05-05,NL-NH,basil-seeds,3,6.47
2025-05-05,NL-NH,mint-oil,12,125.42
2025-05-05,NL-NH,dried-sage,8,52.06
2025-05-05,ES-MD,herbal-tea,49,223.91
2025-05-05,ES-MD,basil-seeds,14,31.52
2025-05-05,ES-MD,mint-oil,23,258.16
2025-05-05,ES-MD,dried-sage,24,158.27
2025-05-05,IT-LOM,herbal-tea,100,447.78
2025-05-05,IT-LOM,basil-seeds,46,104.38
2025-05-05,IT-LOM,mint-oil,31,330.18
2025-05-05,IT-LOM,dried-sage,32,223.24
2025-05-06,DE-BE,herbal-tea,30,133.77
2025-05-06,DE-BE,basil-seeds,17,37.87
2025-05-06,DE-BE,mint-oil,7,74.43
2025-05-06,DE-BE,dried-sage,7,46.62
2025-05-06,DE-BY,herbal-tea,91,403.04
2025-05-06,DE-BY,basil-seeds,45,99.85
2025-05-06,DE-BY,mint-oil,25,264.02
2025-05-06,DE-BY,dried-sage,42,273.06
2025-05-06,DE-HH,herbal-tea,15,68.06
2025-05-06,DE-HH,basil-seeds,5,11.54
2025-05-06,DE-HH,mint-oil,7,73.21
2025-05-06,DE-HH,dried-sage,6,41.22
2025-05-06,FR-IDF,herbal-tea,139,652.53
2025-05-06,FR-IDF,basil-seeds,35,76.79
2025-05-06,FR-IDF,mint-oil,31,336.59
2025-05-06,FR-IDF,dried-sage,45,317.94
2025-05-06,FR-ARA,herbal-tea,94,441.65
2025-05-06,FR-ARA,basil-seeds,24,53.67
2025-05-06,FR-ARA,mint-oil,22,238.52
2025-05-06,FR-ARA,dried-sage,25,167.11
2025-05-06,NL-NH,herbal-tea,28,128.5
2025-05-06,NL-NH,basil-seeds,10,22.5
2025-05-06,NL-NH,mint-oil,9,100.01
2025-05-06,NL-NH,dried-sage,8,56.41
2025-05-06,ES-MD,herbal-tea,51,236.73
2025-05-06,ES-MD,basil-seeds,28,60.79
2025-05-06,ES-MD,mint-oil,15,164.59
2025-05-06,ES-MD,dried-sage,15,101.11
2025-05-06,IT-LOM,herbal-tea,102,480.0
2025-05-06,IT-LOM,basil-seeds,50,113.44
2025-05-06,IT-LOM,mint-oil,37,388.51
2025-05-06,IT-LOM,dried-sage,30,210.27
2025-05-07,DE-BE,herbal-tea,27,122.8
2025-05-07,DE-BE,basil-seeds,14,30.49
2025-05-07,DE-BE,mint-oil,10,109.21
2025-05-07,DE-BE,dried-sage,10,70.93
2025-05-07,DE-BY,herbal-tea,178,829.6
2025-05-07,DE-BY,basil-seeds,27,61.81
2025-05-07,DE-BY,mint-oil,39,415.92
2025-05-07,DE-BY,dried-sage,31,203.28
2025-05-07,DE-HH,herbal-tea,10,46.61
2025-05-07,DE-HH,basil-seeds,5,11.01
2025-05-07,DE-HH,mint-oil,7,75.47
2025-05-07,DE-HH,dried-sage,7,48.42
2025-05-07,FR-IDF,herbal-tea,50,217.53
2025-05-07,FR-IDF,basil-seeds,31,67.83
2025-05-07,FR-IDF,mint-oil,46,492.89
2025-05-07,FR-IDF,dried-sage,45,297.18
2025-05-07,FR-ARA,herbal-tea,65,280.49
2025-05-07,FR-ARA,basil-seeds,15,32.79
2025-05-07,FR-ARA,mint-oil,23,263.85
2025-05-07,FR-ARA,dried-sage,20,141.48
2025-05-07,NL-NH,herbal-tea,24,105.38
2025-05-07,NL-NH,basil-seeds,7,15.36
2025-05-07,NL-NH,mint-oil,9,95.39
2025-05-07,NL-NH,dried-sage,8,54.59
2025-05-07,ES-MD,herbal-tea,54,247.66
2025-05-07,ES-MD,basil-seeds,18,41.07
2025-05-07,ES-MD,mint-oil,28,311.1
2025-05-07,ES-MD,dried-sage,16,110.37
2025-05-07,IT-LOM,herbal-tea,57,262.55
2025-05-07,IT-LOM,basil-seeds,38,82.61
2025-05-07,IT-LOM,mint-oil,24,273.4
2025-05-07,IT-LOM,dried-sage,22,154.21
2025-05-08,DE-BE,herbal-tea,31,133.75
2025-05-08,DE-BE,basil-seeds,13,27.42
2025-05-08,DE-BE,mint-oil,11,123.96
2025-05-08,DE-BE,dried-sage,4,26.16
2025-05-08,DE-BY,herbal-tea,71,334.01
2025-05-08,DE-BY,basil-seeds,54,119.71
2025-05-08,DE-BY,mint-oil,43,474.68
2025-05-08,DE-BY,dried-sage,40,281.44
2025-05-08,DE-HH,herbal-tea,18,79.91
2025-05-08,DE-HH,basil-seeds,5,11.2
2025-05-08,DE-HH,mint-oil,6,66.67
2025-05-08,DE-HH,dried-sage,4,26.44
2025-05-08,FR-IDF,herbal-tea,74,331.69
2025-05-08,FR-IDF,basil-seeds,43,91.24
2025-05-08,FR-IDF,mint-oil,53,582.99
2025-05-08,FR-IDF,dried-sage,30,203.1
2025-05-08,FR-ARA,herbal-tea,57,260.74
2025-05-08,FR-ARA,basil-seeds,22,49.86
2025-05-08,FR-ARA,mint-oil,21,226.59
2025-05-08,FR-ARA,dried-sage,16,114.13
2025-05-08,NL-NH,herbal-tea,37,169.94
2025-05-08,NL-NH,basil-seeds,14,30.73
2025-05-08,NL-NH,mint-oil,10,112.25
2025-05-08,NL-NH,dried-sage,6,40.3
2025-05-08,ES-MD,herbal-tea,67,311.39
2025-05-08,ES-MD,basil-seeds,20,42.73
2025-05-08,ES-MD,mint-oil,19,213.19
2025-05-08,ES-MD,dried-sage,11,71.45
2025-05-08,IT-LOM,herbal-tea,88,395.51
2025-05-08,IT-LOM,basil-seeds,26,56.58
2025-05-08,IT-LOM,mint-oil,41,466.72
2025-05-08,IT-LOM,dried-sage,28,199.75
2025-05-09,DE-BE,herbal-tea,24,109.92
2025-05-09,DE-BE,basil-seeds,10,23.08
2025-05-09,DE-BE,mint-oil,11,121.34
2025-05-09,DE-BE,dried-sage,8,53.22
2025-05-09,DE-BY,herbal-tea,101,470.69
2025-05-09,DE-BY,basil-seeds,33,71.83
2025-05-09,DE-BY,mint-oil,51,565.51
2025-05-09,DE-BY,dried-sage,52,364.39
2025-05-09,DE-HH,herbal-tea,18,80.66
2025-05-09,DE-HH,basil-seeds,3,6.38
2025-05-09,DE-HH,mint-oil,7,75.39
2025-05-09,DE-HH,dried-sage,7,45.91
2025-05-09,FR-IDF,herbal-tea,106,488.22
2025-05-09,FR-IDF,basil-seeds,51,106.69
2025-05-09,FR-IDF,mint-oil,34,380.67
2025-05-09,FR-IDF,dried-sage,24,171.17
2025-05-09,FR-ARA,herbal-tea,88,393.11
2025-05-09,FR-ARA,basil-seeds,36,81.91
2025-05-09,FR-ARA,mint-oil,26,299.56
2025-05-09,FR-ARA,dried-sage,23,151.39
2025-05-09,NL-NH,herbal-tea,39,178.13
2025-05-09,NL-NH,basil-seeds,10,22.21
2025-05-09,NL-NH,mint-oil,11,119.84
2025-05-09,NL-NH,dried-sage,8,51.86
2025-05-09,ES-MD,herbal-tea,55,252.15
2025-05-09,ES-MD,basil-seeds,26,59.8
2025-05-09,ES-MD,mint-oil,17,190.59
2025-05-09,ES-MD,dried-sage,16,112.01
2025-05-09,IT-LOM,herbal-tea,61,284.52
2025-05-09,IT-LOM,basil-seeds,19,42.43
2025-05-09,IT-LOM,mint-oil,28,303.91
2025-05-09,IT-LOM,dried-sage,40,261.66
2025-05-10,DE-BE,herbal-tea,34,155.58
2025-05-10,DE-BE,basil-seeds,11,24.22
2025-05-10,DE-BE,mint-oil,13,144.04
2025-05-10,DE-BE,dried-sage,10,66.46
2025-05-10,DE-BY,herbal-tea,89,387.73
2025-05-10,DE-BY,basil-seeds,16,35.14
2025-05-10,DE-BY,mint-oil,27,299.12
2025-05-10,DE-BY,dried-sage,25,163.19
2025-05-10,DE-HH,herbal-tea,20,92.66
2025-05-10,DE-HH,basil-seeds,6,12.78
2025-05-10,DE-HH,mint-oil,4,44.25
2025-05-10,DE-HH,dried-sage,4,27.3
2025-05-10,FR-IDF,herbal-tea,94,423.8
2025-05-10,FR-IDF,basil-seeds,21,46.59
2025-05-10,FR-IDF,mint-oil,27,285.84
2025-05-10,FR-IDF,dried-sage,15,104.58
2025-05-10,FR-ARA,herbal-tea,89,387.71
2025-05-10,FR-ARA,basil-seeds,17,37.77
2025-05-10,FR-ARA,mint-oil,23,260.6
2025-05-10,FR-ARA,dried-sage,27,176.68
2025-05-10,NL-NH,herbal-tea,22,95.65
2025-05-10,NL-NH,basil-seeds,8,17.71
2025-05-10,NL-NH,mint-oil,7,80.7
2025-05-10,NL-NH,dried-sage,7,47.63
2025-05-10,ES-MD,herbal-tea,35,156.29
2025-05-10,ES-MD,basil-seeds,22,50.55
2025-05-10,ES-MD,mint-oil,21,241.31
2025-05-10,ES-MD,dried-sage,17,115.82
2025-05-10,IT-LOM,herbal-tea,74,331.17
2025-05-10,IT-LOM,basil-seeds,14,31.04
2025-05-10,IT-LOM,mint-oil,22,253.76
2025-05-10,IT-LOM,dried-sage,16,107.19
2025-05-11,DE-BE,herbal-tea,21,90.71
2025-05-11,DE-BE,basil-seeds,9,20.43
2025-05-11,DE-BE,mint-oil,10,107.8
2025-05-11,DE-BE,dried-sage,11,77.29
2025-05-11,DE-BY,herbal-tea,125,546.53
2025-05-11,DE-BY,basil-seeds,30,65.07
2025-05-11,DE-BY,mint-oil,43,452.87
2025-05-11,DE-BY,dried-sage,44,291.87
2025-05-11,DE-HH,herbal-tea,6,26.73
2025-05-11,DE-HH,basil-seeds,6,12.65
2025-05-11,DE-HH,mint-oil,4,44.86
2025-05-11,DE-HH,dried-sage,6,40.95
2025-05-11,FR-IDF,herbal-tea,119,562.03
2025-05-11,FR-IDF,basil-seeds,37,83.0
2025-05-11,FR-IDF,mint-oil,34,379.88
2025-05-11,FR-IDF,dried-sage,39,273.7
2025-05-11,FR-ARA,herbal-tea,41,178.11
2025-05-11,FR-ARA,basil-seeds,16,36.93
2025-05-11,FR-ARA,mint-oil,19,211.17
2025-05-11,FR-ARA,dried-sage,21,136.77
2025-05-11,NL-NH,herbal-tea,22,99.48
2025-05-11,NL-NH,basil-seeds,8,16.84
2025-05-11,NL-NH,mint-oil,6,64.9
2025-05-11,NL-NH,dried-sage,5,33.23
2025-05-11,ES-MD,herbal-tea,53,226.81
2025-05-11,ES-MD,basil-seeds,14,30.42
2025-05-11,ES-MD,mint-oil,22,232.44
2025-05-11,ES-MD,dried-sage,16,113.43
2025-05-11,IT-LOM,herbal-tea,82,361.86
2025-05-11,IT-LOM,basil-seeds,36,81.75
2025-05-11,IT-LOM,mint-oil,16,179.53
2025-05-11,IT-LOM,dried-sage,26,183.26
2025-05-12,DE-BE,herbal-tea,20,93.57
2025-05-12,DE-BE,basil-seeds,10,21.28
2025-05-12,DE-BE,mint-oil,14,151.62
2025-05-12,DE-BE,dried-sage,10,69.64
2025-05-12,DE-BY,herbal-tea,139,631.42
2025-05-12,DE-BY,basil-seeds,37,84.25
2025-05-12,DE-BY,mint-oil,34,355.66
2025-05-12,DE-BY,dried-sage,40,272.37
2025-05-12,DE-HH,herbal-tea,16,71.13
2025-05-12,DE-HH,basil-seeds,6,13.51
2025-05-12,DE-HH,mint-oil,7,80.65
2025-05-12,DE-HH,dried-sage,6,41.65
2025-05-12,FR-IDF,herbal-tea,98,450.12
2025-05-12,FR-IDF,basil-seeds,49,104.38
2025-05-12,FR-IDF,mint-oil,53,583.13
2025-05-12,FR-IDF,dried-sage,35,232.66
2025-05-12,FR-ARA,herbal-tea,30,140.15
2025-05-12,FR-ARA,basil-seeds,30,68.07
2025-05-12,FR-ARA,mint-oil,20,229.84
2025-05-12,FR-ARA,dried-sage,35,235.78
2025-05-12,NL-NH,herbal-tea,22,94.84
2025-05-12,NL-NH,basil-seeds,9,20.26
2025-05-12,NL-NH,mint-oil,10,105.13
2025-05-12,NL-NH,dried-sage,8,55.72
2025-05-12,ES-MD,herbal-tea,39,182.07
2025-05-12,ES-MD,basil-seeds,18,41.43
2025-05-12,ES-MD,mint-oil,15,168.81
2025-05-12,ES-MD,dried-sage,23,156.08
2025-05-12,IT-LOM,herbal-tea,9,42.07
2025-05-12,IT-LOM,basil-seeds,27,60.58
2025-05-12,IT-LOM,mint-oil,21,240.49
2025-05-12,IT-LOM,dried-sage,35,243.85
2025-05-13,DE-BE,herbal-tea,28,129.15
2025-05-13,DE-BE,basil-seeds,7,15.01
2025-05-13,DE-BE,mint-oil,11,124.91
2025-05-13,DE-BE,dried-sage,4,28.23
2025-05-13,DE-BY,herbal-tea,70,318.38
2025-05-13,DE-BY,basil-seeds,37,85.18
2025-05-13,DE-BY,mint-oil,30,330.78
2025-05-13,DE-BY,dried-sage,21,138.87
2025-05-13,DE-HH,herbal-tea,21,94.63
2025-05-13,DE-HH,basil-seeds,6,13.8
2025-05-13,DE-HH,mint-oil,4,43.44
2025-05-13,DE-HH,dried-sage,6,39.22
2025-05-13,FR-IDF,herbal-tea,114,515.01
2025-05-13,FR-IDF,basil-seeds,33,74.53
2025-05-13,FR-IDF,mint-oil,42,452.46
2025-05-13,FR-IDF,dried-sage,42,277.41
2025-05-13,FR-ARA,herbal-tea,63,275.49
2025-05-13,FR-ARA,basil-seeds,16,34.51
2025-05-13,FR-ARA,mint-oil,32,363.47
2025-05-13,FR-ARA,dried-sage,20,129.68
2025-05-13,NL-NH,herbal-tea,15,67.42
2025-05-13,NL-NH,basil-seeds,9,19.51
2025-05-13,NL-NH,mint-oil,7,75.87
2025-05-13,NL-NH,dried-sage,7,45.24
2025-05-13,ES-MD,herbal-tea,61,270.51
2025-05-13,ES-MD,basil-seeds,18,38.02
2025-05-13,ES-MD,mint-oil,18,198.28
2025-05-13,ES-MD,dried-sage,20,131.29
2025-05-13,IT-LOM,herbal-tea,96,417.12
2025-05-13,IT-LOM,basil-seeds,36,80.44
2025-05-13,IT-LOM,mint-oil,31,334.16
2025-05-13,IT-LOM,dried-sage,37,249.8
2025-05-14,DE-BE,herbal-tea,36,155.66
2025-05-14,DE-BE,basil-seeds,16,34.98
2025-05-14,DE-BE,mint-oil,12,130.07
2025-05-14,DE-BE,dried-sage,10,67.55
2025-05-14,DE-BY,herbal-tea,72,314.23
2025-05-14,DE-BY,basil-seeds,55,117.24
2025-05-14,DE-BY,mint-oil,49,552.15
2025-05-14,DE-BY,dried-sage,42,297.05
2025-05-14,DE-HH,herbal-tea,16,71.85
2025-05-14,DE-HH,basil-seeds,6,13.42
2025-05-14,DE-HH,mint-oil,5,55.28
2025-05-14,DE-HH,dried-sage,7,49.03
2025-05-14,FR-IDF,herbal-tea,93,429.56
2025-05-14,FR-IDF,basil-seeds,28,63.95
2025-05-14,FR-IDF,mint-oil,15,170.66
2025-05-14,FR-IDF,dried-sage,36,242.08
2025-05-14,FR-ARA,herbal-tea,70,299.92
2025-05-14,FR-ARA,basil-seeds,26,55.23
2025-05-14,FR-ARA,mint-oil,13,139.23
2025-05-14,FR-ARA,dried-sage,24,166.11
2025-05-14,NL-NH,herbal-tea,14,64.5
2025-05-14,NL-NH,basil-seeds,13,28.41
2025-05-14,NL-NH,mint-oil,8,90.3
2025-05-14,NL-NH,dried-sage,11,72.91
2025-05-14,ES-MD,herbal-tea,64,280.78
2025-05-14,ES-MD,basil-seeds,25,56.47
2025-05-14,ES-MD,mint-oil,31,332.38
2025-05-14,ES-MD,dried-sage,8,56.14
2025-05-14,IT-LOM,herbal-tea,90,417.55
2025-05-14,IT-LOM,basil-seeds,41,92.01
2025-05-14,IT-LOM,mint-oil,25,288.55
2025-05-14,IT-LOM,dried-sage,29,199.0
2025-05-15,DE-BE,herbal-tea,27,117.03
2025-05-15,DE-BE,basil-seeds,10,20.98
2025-05-15,DE-BE,mint-oil,18,196.54
2025-05-15,DE-BE,dried-sage,11,75.67
2025-05-15,DE-BY,herbal-tea,114,508.24
2025-05-15,DE-BY,basil-seeds,41,88.45
2025-05-15,DE-BY,mint-oil,35,378.69
2025-05-15,DE-BY,dried-sage,34,230.72
2025-05-15,DE-HH,herbal-tea,9,39.71
2025-05-15,DE-HH,basil-seeds,5,10.75
2025-05-15,DE-HH,mint-oil,5,54.55
2025-05-15,DE-HH,dried-sage,6,40.06
2025-05-15,FR-IDF,herbal-tea,104,447.04
2025-05-15,FR-IDF,basil-seeds,37,83.39
2025-05-15,FR-IDF,mint-oil,39,446.52
2025-05-15,FR-IDF,dried-sage,46,300.31
2025-05-15,FR-ARA,herbal-tea,80,355.09
2025-05-15,FR-ARA,basil-seeds,37,79.81
2025-05-15,FR-ARA,mint-oil,25,276.42
2025-05-15,FR-ARA,dried-sage,24,169.11
2025-05-15,NL-NH,herbal-tea,18,79.88
2025-05-15,NL-NH,basil-seeds,12,27.14
2025-05-15,NL-NH,mint-oil,6,66.99
2025-05-15,NL-NH,dried-sage,8,52.82
2025-05-15,ES-MD,herbal-tea,33,143.01
2025-05-15,ES-MD,basil-seeds,27,60.84
2025-05-15,ES-MD,mint-oil,25,286.33
2025-05-15,ES-MD,dried-sage,25,172.62
2025-05-15,IT-LOM,herbal-tea,91,426.92
2025-05-15,IT-LOM,basil-seeds,40,84.26
2025-05-15,IT-LOM,mint-oil,23,258.7
2025-05-15,IT-LOM,dried-sage,28,199.72
2025-05-16,DE-BE,herbal-tea,34,146.02
2025-05-16,DE-BE,basil-seeds,16,34.11
2025-05-16,DE-BE,mint-oil,9,102.73
2025-05-16,DE-BE,dried-sage,10,70.4
2025-05-16,DE-BY,herbal-tea,167,781.18
2025-05-16,DE-BY,basil-seeds,25,54.72
2025-05-16,DE-BY,mint-oil,35,368.36
2025-05-16,DE-BY,dried-sage,18,121.41
2025-05-16,DE-HH,herbal-tea,19,81.41
2025-05-16,DE-HH,basil-seeds,4,8.89
2025-05-16,DE-HH,mint-oil,5,52.5
2025-05-16,DE-HH,dried-sage,4,27.38
2025-05-16,FR-IDF,herbal-tea,108,497.7
2025-05-16,FR-IDF,basil-seeds,23,50.08
2025-05-16,FR-IDF,mint-oil,29,334.04
2025-05-16,FR-IDF,dried-sage,19,124.88
2025-05-16,FR-ARA,herbal-tea,64,296.05
2025-05-16,FR-ARA,basil-seeds,18,39.21
2025-05-16,FR-ARA,mint-oil,23,244.4
2025-05-16,FR-ARA,dried-sage,28,185.03
2025-05-16,NL-NH,herbal-tea,19,87.99
2025-05-16,NL-NH,basil-seeds,4,8.76
2025-05-16,NL-NH,mint-oil,8,86.27
2025-05-16,NL-NH,dried-sage,6,39.66
2025-05-16,ES-MD,herbal-tea,50,217.6
2025-05-16,ES-MD,basil-seeds,14,29.4
2025-05-16,ES-MD,mint-oil,20,212.26
2025-05-16,ES-MD,dried-sage,22,155.34
2025-05-16,IT-LOM,herbal-tea,94,435.29
2025-05-16,IT-LOM,basil-seeds,27,60.25
2025-05-16,IT-LOM,mint-oil,30,331.14
2025-05-16,IT-LOM,dried-sage,44,284.28
2025-05-17,DE-BE,herbal-tea,20,88.82
2025-05-17,DE-BE,basil-seeds,13,27.41
2025-05-17,DE-BE,mint-oil,8,89.95
2025-05-17,DE-BE,dried-sage,6,40.43
2025-05-17,DE-BY,herbal-tea,72,309.66
2025-05-17,DE-BY,basil-seeds,28,63.55
2025-05-17,DE-BY,mint-oil,37,425.93
2025-05-17,DE-BY,dried-sage,27,177.66
2025-05-17,DE-HH,herbal-tea,17,80.16
2025-05-17,DE-HH,basil-seeds,4,9.04
2025-05-17,DE-HH,mint-oil,4,45.08
2025-05-17,DE-HH,dried-sage,4,26.88
2025-05-17,FR-IDF,herbal-tea,55,250.82
2025-05-17,FR-IDF,basil-seeds,15,33.17
2025-05-17,FR-IDF,mint-oil,33,354.61
2025-05-17,FR-IDF,dried-sage,25,171.39
2025-05-17,FR-ARA,herbal-tea,64,278.08
2025-05-17,FR-ARA,basil-seeds,11,23.55
2025-05-17,FR-ARA,mint-oil,19,217.41
2025-05-17,FR-ARA,dried-sage,14,91.33
2025-05-17,NL-NH,herbal-tea,21,97.92
2025-05-17,NL-NH,basil-seeds,8,17.05
2025-05-17,NL-NH,mint-oil,3,33.49
2025-05-17,NL-NH,dried-sage,7,45.32
2025-05-17,ES-MD,herbal-tea,51,227.07
2025-05-17,ES-MD,basil-seeds,20,44.47
2025-05-17,ES-MD,mint-oil,19,203.68
2025-05-17,ES-MD,dried-sage,18,127.41
2025-05-17,IT-LOM,herbal-tea,77,347.43
2025-05-17,IT-LOM,basil-seeds,24,54.0
2025-05-17,IT-LOM,mint-oil,29,315.1
2025-05-17,IT-LOM,dried-sage,16,103.59
2025-05-18,DE-BE,herbal-tea,32,146.08
2025-05-18,DE-BE,basil-seeds,5,10.5
2025-05-18,DE-BE,mint-oil,9,95.46
2025-05-18,DE-BE,dried-sage,11,75.75
2025-05-18,DE-BY,herbal-tea,160,752.95
2025-05-18,DE-BY,basil-seeds,36,76.08
2025-05-18,DE-BY,mint-oil,33,370.53
2025-05-18,DE-BY,dried-sage,25,164.94
2025-05-18,DE-HH,herbal-tea,8,35.8
2025-05-18,DE-HH,basil-seeds,5,10.63
2025-05-18,DE-HH,mint-oil,4,42.05
2025-05-18,DE-HH,dried-sage,5,34.65
2025-05-18,FR-IDF,herbal-tea,74,343.82
2025-05-18,FR-IDF,basil-seeds,27,57.04
2025-05-18,FR-IDF,mint-oil,28,318.36
2025-05-18,FR-IDF,dried-sage,41,268.81
2025-05-18,FR-ARA,herbal-tea,58,259.1
2025-05-18,FR-ARA,basil-seeds,19,40.33
2025-05-18,FR-ARA,mint-oil,18,205.5
2025-05-18,FR-ARA,dried-sage,17,114.27
2025-05-18,NL-NH,herbal-tea,28,121.12
2025-05-18,NL-NH,basil-seeds,4,8.51
2025-05-18,NL-NH,mint-oil,8,92.01
2025-05-18,NL-NH,dried-sage,8,53.62
2025-05-18,ES-MD,herbal-tea,41,192.31
2025-05-18,ES-MD,basil-seeds,15,34.39
2025-05-18,ES-MD,mint-oil,23,244.86
2025-05-18,ES-MD,dried-sage,13,88.67
2025-05-18,IT-LOM,herbal-tea,43,186.73
2025-05-18,IT-LOM,basil-seeds,18,40.26
2025-05-18,IT-LOM,mint-oil,21,227.5
2025-05-18,IT-LOM,dried-sage,38,248.17
2025-05-19,DE-BE,herbal-tea,40,187.79
2025-05-19,DE-BE,basil-seeds,9,20.42
2025-05-19,DE-BE,mint-oil,11,114.98
2025-05-19,DE-BE,dried-sage,10,70.95
2025-05-19,DE-BY,herbal-tea,130,574.48
2025-05-19,DE-BY,basil-seeds,51,110.97
2025-05-19,DE-BY,mint-oil,36,395.15
2025-05-19,DE-BY,dried-sage,22,143.13
2025-05-19,DE-HH,herbal-tea,6,26.4
2025-05-19,DE-HH,basil-seeds,3,6.33
2025-05-19,DE-HH,mint-oil,6,65.24
2025-05-19,DE-HH,dried-sage,5,33.39
2025-05-19,FR-IDF,herbal-tea,64,285.52
2025-05-19,FR-IDF,basil-seeds,43,97.38
2025-05-19,FR-IDF,mint-oil,28,312.74
2025-05-19,FR-IDF,dried-sage,51,337.99
2025-05-19,FR-ARA,herbal-tea,48,216.73
2025-05-19,FR-ARA,basil-seeds,27,59.59
2025-05-19,FR-ARA,mint-oil,26,288.32
2025-05-19,FR-ARA,dried-sage,18,121.44
2025-05-19,NL-NH,herbal-tea,15,69.18
2025-05-19,NL-NH,basil-seeds,7,15.71
2025-05-19,NL-NH,mint-oil,8,92.35
2025-05-19,NL-NH,dried-sage,9,58.24
2025-05-19,ES-MD,herbal-tea,22,103.17
2025-05-19,ES-MD,basil-seeds,15,31.55
2025-05-19,ES-MD,mint-oil,14,159.65
2025-05-19,ES-MD,dried-sage,28,196.47
2025-05-19,IT-LOM,herbal-tea,77,358.74
2025-05-19,IT-LOM,basil-seeds,34,78.33
2025-05-19,IT-LOM,mint-oil,34,386.26
2025-05-19,IT-LOM,dried-sage,27,175.45
2025-05-20,DE-BE,herbal-tea,43,197.45
2025-05-20,DE-BE,basil-seeds,17,36.94
2025-05-20,DE-BE,mint-oil,19,206.32
2025-05-20,DE-BE,dried-sage,12,83.24
2025-05-20,DE-BY,herbal-tea,101,469.84
2025-05-20,DE-BY,basil-seeds,36,82.13
2025-05-20,DE-BY,mint-oil,49,516.31
2025-05-20,DE-BY,dried-sage,41,267.01
2025-05-20,DE-HH,herbal-tea,8,34.74
2025-05-20,DE-HH,basil-seeds,4,8.52
2025-05-20,DE-HH,mint-oil,5,56.09
2025-05-20,DE-HH,dried-sage,3,19.99
2025-05-20,FR-IDF,herbal-tea,79,365.5
2025-05-20,FR-IDF,basil-seeds,41,91.96
2025-05-20,FR-IDF,mint-oil,35,399.67
2025-05-20,FR-IDF,dried-sage,42,272.24
2025-05-20,FR-ARA,herbal-tea,65,278.19
2025-05-20,FR-ARA,basil-seeds,17,38.64
2025-05-20,FR-ARA,mint-oil,19,210.13
2025-05-20,FR-ARA,dried-sage,13,91.31
2025-05-20,NL-NH,herbal-tea,29,133.23
2025-05-20,NL-NH,basil-seeds,7,15.28
2025-05-20,NL-NH,mint-oil,12,132.28
2025-05-20,NL-NH,dried-sage,13,92.62
2025-05-20,ES-MD,herbal-tea,61,277.77
2025-05-20,ES-MD,basil-seeds,23,49.18
2025-05-20,ES-MD,mint-oil,24,265.57
2025-05-20,ES-MD,dried-sage,28,196.91
2025-05-20,IT-LOM,herbal-tea,89,393.02
2025-05-20,IT-LOM,basil-seeds,22,49.09
2025-05-20,IT-LOM,mint-oil,32,362.68
2025-05-20,IT-LOM,dried-sage,26,179.39
2025-05-21,DE-BE,herbal-tea,32,137.92
2025-05-21,DE-BE,basil-seeds,12,26.67
2025-05-21,DE-BE,mint-oil,12,129.13
2025-05-21,DE-BE,dried-sage,11,75.11
2025-05-21,DE-BY,herbal-tea,140,646.16
2025-05-21,DE-BY,basil-seeds,45,97.11
2025-05-21,DE-BY,mint-oil,26,272.63
2025-05-21,DE-BY,dried-sage,35,232.51
2025-05-21,DE-HH,herbal-tea,19,86.04
2025-05-21,DE-HH,basil-seeds,5,11.32
2025-05-21,DE-HH,mint-oil,6,68.93
2025-05-21,DE-HH,dried-sage,6,38.79
2025-05-21,FR-IDF,herbal-tea,85,378.6
2025-05-21,FR-IDF,basil-seeds,42,89.58
2025-05-21,FR-IDF,mint-oil,36,414.76
2025-05-21,FR-IDF,dried-sage,22,152.63
2025-05-21,FR-ARA,herbal-tea,78,359.47
2025-05-21,FR-ARA,basil-seeds,27,57.03
2025-05-21,FR-ARA,mint-oil,25,277.4
2025-05-21,FR-ARA,dried-sage,21,141.12
2025-05-21,NL-NH,herbal-tea,13,57.27
2025-05-21,NL-NH,basil-seeds,6,12.74
2025-05-21,NL-NH,mint-oil,4,42.21
2025-05-21,NL-NH,dried-sage,9,62.54
2025-05-21,ES-MD,herbal-tea,73,333.57
2025-05-21,ES-MD,basil-seeds,14,31.63
2025-05-21,ES-MD,mint-oil,27,297.48
2025-05-21,ES-MD,dried-sage,31,215.62
2025-05-21,IT-LOM,herbal-tea,53,234.72
2025-05-21,IT-LOM,basil-seeds,15,33.94
2025-05-21,IT-LOM,mint-oil,26,296.18
2025-05-21,IT-LOM,dried-sage,36,243.11
2025-05-22,DE-BE,herbal-tea,41,182.43
2025-05-22,DE-BE,basil-seeds,8,17.09
2025-05-22,DE-BE,mint-oil,10,106.18
2025-05-22,DE-BE,dried-sage,10,68.87
2025-05-22,DE-BY,herbal-tea,58,251.67
2025-05-22,DE-BY,basil-seeds,40,91.26
2025-05-22,DE-BY,mint-oil,14,158.33
2025-05-22,DE-BY,dried-sage,32,208.62
2025-05-22,DE-HH,herbal-tea,17,79.82
2025-05-22,DE-HH,basil-seeds,6,12.75
2025-05-22,DE-HH,mint-oil,5,52.74
2025-05-22,DE-HH,dried-sage,7,46.07
2025-05-22,FR-IDF,herbal-tea,100,448.8
2025-05-22,FR-IDF,basil-seeds,29,62.24
2025-05-22,FR-IDF,mint-oil,46,487.81
2025-05-22,FR-IDF,dried-sage,27,176.7
2025-05-22,FR-ARA,herbal-tea,60,279.69
2025-05-22,FR-ARA,basil-seeds,23,50.1
2025-05-22,FR-ARA,mint-oil,32,338.94
2025-05-22,FR-ARA,dried-sage,13,87.22
2025-05-22,NL-NH,herbal-tea,31,137.74
2025-05-22,NL-NH,basil-seeds,4,8.96
2025-05-22,NL-NH,mint-oil,7,79.89
2025-05-22,NL-NH,dried-sage,8,55.39
2025-05-22,ES-MD,herbal-tea,40,184.34
2025-05-22,ES-MD,basil-seeds,15,32.16
2025-05-22,ES-MD,mint-oil,20,227.77
2025-05-22,ES-MD,dried-sage,20,133.15
2025-05-22,IT-LOM,herbal-tea,91,392.01
2025-05-22,IT-LOM,basil-seeds,36,78.31
2025-05-22,IT-LOM,mint-oil,26,285.02
2025-05-22,IT-LOM,dried-sage,30,206.91
2025-05-23,DE-BE,herbal-tea,38,163.92
2025-05-23,DE-BE,basil-seeds,9,20.26
2025-05-23,DE-BE,mint-oil,17,192.02
2025-05-23,DE-BE,dried-sage,8,52.77
2025-05-23,DE-BY,herbal-tea,95,448.72
2025-05-23,DE-BY,basil-seeds,47,103.26
2025-05-23,DE-BY,mint-oil,36,387.22
2025-05-23,DE-BY,dried-sage,29,188.09
2025-05-23,DE-HH,herbal-tea,17,77.57
2025-05-23,DE-HH,basil-seeds,7,15.12
2025-05-23,DE-HH,mint-oil,7,76.08
2025-05-23,DE-HH,dried-sage,6,42.58
2025-05-23,FR-IDF,herbal-tea,81,363.53
2025-05-23,FR-IDF,basil-seeds,44,92.48
2025-05-23,FR-IDF,mint-oil,52,582.51
2025-05-23,FR-IDF,dried-sage,20,132.87
2025-05-23,FR-ARA,herbal-tea,60,258.37
2025-05-23,FR-ARA,basil-seeds,22,47.94
2025-05-23,FR-ARA,mint-oil,21,239.58
2025-05-23,FR-ARA,dried-sage,33,224.96
2025-05-23,NL-NH,herbal-tea,21,97.62
2025-05-23,NL-NH,basil-seeds,7,14.77
2025-05-23,NL-NH,mint-oil,10,112.78
2025-05-23,NL-NH,dried-sage,7,46.0
2025-05-23,ES-MD,herbal-tea,46,206.49
2025-05-23,ES-MD,basil-seeds,24,53.8
2025-05-23,ES-MD,mint-oil,24,260.16
2025-05-23,ES-MD,dried-sage,27,187.14
2025-05-23,IT-LOM,herbal-tea,77,356.31
2025-05-23,IT-LOM,basil-seeds,30,66.64
2025-05-23,IT-LOM,mint-oil,39,434.0
2025-05-23,IT-LOM,dried-sage,35,233.8
2025-05-24,DE-BE,herbal-tea,44,202.81
2025-05-24,DE-BE,basil-seeds,9,20.27
2025-05-24,DE-BE,mint-oil,9,98.59
2025-05-24,DE-BE,dried-sage,11,72.16
2025-05-24,DE-BY,herbal-tea,99,466.44
2025-05-24,DE-BY,basil-seeds,30,65.38
2025-05-24,DE-BY,mint-oil,33,361.21
2025-05-24,DE-BY,dried-sage,33,231.86
2025-05-24,DE-HH,herbal-tea,15,70.67
2025-05-24,DE-HH,basil-seeds,5,10.56
2025-05-24,DE-HH,mint-oil,5,54.56
2025-05-24,DE-HH,dried-sage,8,54.65
2025-05-24,FR-IDF,herbal-tea,95,421.01
2025-05-24,FR-IDF,basil-seeds,39,89.68
2025-05-24,FR-IDF,mint-oil,43,450.03
2025-05-24,FR-IDF,dried-sage,29,203.39
2025-05-24,FR-ARA,herbal-tea,89,400.58
2025-05-24,FR-ARA,basil-seeds,22,50.18
2025-05-24,FR-ARA,mint-oil,17,186.18
2025-05-24,FR-ARA,dried-sage,12,80.87
2025-05-24,NL-NH,herbal-tea,15,67.66
2025-05-24,NL-NH,basil-seeds,9,20.32
2025-05-24,NL-NH,mint-oil,8,87.37
2025-05-24,NL-NH,dried-sage,8,52.64
2025-05-24,ES-MD,herbal-tea,32,142.29
2025-05-24,ES-MD,basil-seeds,13,29.59
2025-05-24,ES-MD,mint-oil,15,161.42
2025-05-24,ES-MD,dried-sage,12,82.58
2025-05-24,IT-LOM,herbal-tea,103,486.46
2025-05-24,IT-LOM,basil-seeds,18,40.81
2025-05-24,IT-LOM,mint-oil,34,378.35
2025-05-24,IT-LOM,dried-sage,32,215.67
2025-05-25,DE-BE,herbal-tea,13,61.0
2025-05-25,DE-BE,basil-seeds,9,19.01
2025-05-25,DE-BE,mint-oil,6,62.92
2025-05-25,DE-BE,dried-sage,11,73.23
2025-05-25,DE-BY,herbal-tea,74,331.49
2025-05-25,DE-BY,basil-seeds,37,80.43
2025-05-25,DE-BY,mint-oil,37,391.71
2025-05-25,DE-BY,dried-sage,44,313.19
2025-05-25,DE-HH,herbal-tea,16,74.31
2025-05-25,DE-HH,basil-seeds,4,8.98
2025-05-25,DE-HH,mint-oil,4,43.45
2025-05-25,DE-HH,dried-sage,4,26.45
2025-05-25,FR-IDF,herbal-tea,72,316.37
2025-05-25,FR-IDF,basil-seeds,49,111.45
2025-05-25,FR-IDF,mint-oil,33,353.62
2025-05-25,FR-IDF,dried-sage,22,155.59
2025-05-25,FR-ARA,herbal-tea,52,225.89
2025-05-25,FR-ARA,basil-seeds,21,45.62
2025-05-25,FR-ARA,mint-oil,25,277.75
2025-05-25,FR-ARA,dried-sage,10,66.88
2025-05-25,NL-NH,herbal-tea,38,166.59
2025-05-25,NL-NH,basil-seeds,5,11.52
2025-05-25,NL-NH,mint-oil,8,90.89
2025-05-25,NL-NH,dried-sage,10,70.05
2025-05-25,ES-MD,herbal-tea,40,182.45
2025-05-25,ES-MD,basil-seeds,16,36.88
2025-05-25,ES-MD,mint-oil,22,242.42
2025-05-25,ES-MD,dried-sage,27,182.45
2025-05-25,IT-LOM,herbal-tea,97,436.69
2025-05-25,IT-LOM,basil-seeds,33,73.55
2025-05-25,IT-LOM,mint-oil,28,311.92
2025-05-25,IT-LOM,dried-sage,11,73.01
2025-05-26,DE-BE,herbal-tea,13,56.77
2025-05-26,DE-BE,basil-seeds,9,18.99
2025-05-26,DE-BE,mint-oil,7,77.72
2025-05-26,DE-BE,dried-sage,13,84.23
2025-05-26,DE-BY,herbal-tea,91,392.25
2025-05-26,DE-BY,basil-seeds,18,39.13
2025-05-26,DE-BY,mint-oil,39,427.01
2025-05-26,DE-BY,dried-sage,34,234.24
2025-05-26,DE-HH,herbal-tea,13,60.83
2025-05-26,DE-HH,basil-seeds,6,12.93
2025-05-26,DE-HH,mint-oil,4,45.23
2025-05-26,DE-HH,dried-sage,5,34.97
2025-05-26,FR-IDF,herbal-tea,102,448.67
2025-05-26,FR-IDF,basil-seeds,23,52.8
2025-05-26,FR-IDF,mint-oil,27,299.36
2025-05-26,FR-IDF,dried-sage,27,176.32
2025-05-26,FR-ARA,herbal-tea,43,185.9
2025-05-26,FR-ARA,basil-seeds,26,55.96
2025-05-26,FR-ARA,mint-oil,26,285.84
2025-05-26,FR-ARA,dried-sage,22,147.53
2025-05-26,NL-NH,herbal-tea,26,116.9
2025-05-26,NL-NH,basil-seeds,6,12.57
2025-05-26,NL-NH,mint-oil,13,136.94
2025-05-26,NL-NH,dried-sage,11,76.2
2025-05-26,ES-MD,herbal-tea,46,215.45
2025-05-26,ES-MD,basil-seeds,23,52.16
2025-05-26,ES-MD,mint-oil,20,212.93
2025-05-26,ES-MD,dried-sage,21,143.76
2025-05-26,IT-LOM,herbal-tea,76,358.28
2025-05-26,IT-LOM,basil-seeds,28,64.64
2025-05-26,IT-LOM,mint-oil,19,209.97
2025-05-26,IT-LOM,dried-sage,31,203.6
2025-05-27,DE-BE,herbal-tea,30,130.85
2025-05-27,DE-BE,basil-seeds,4,8.39
2025-05-27,DE-BE,mint-oil,15,159.26
2025-05-27,DE-BE,dried-sage,12,84.59
2025-05-27,DE-BY,herbal-tea,120,530.69
2025-05-27,DE-BY,basil-seeds,44,94.09
2025-05-27,DE-BY,mint-oil,36,386.8
2025-05-27,DE-BY,dried-sage,16,108.6
2025-05-27,DE-HH,herbal-tea,18,81.42
2025-05-27,DE-HH,basil-seeds,5,10.77
2025-05-27,DE-HH,mint-oil,5,55.07
2025-05-27,DE-HH,dried-sage,4,26.93
2025-05-27,FR-IDF,herbal-tea,103,472.17
2025-05-27,FR-IDF,basil-seeds,42,95.98
2025-05-27,FR-IDF,mint-oil,35,388.22
2025-05-27,FR-IDF,dried-sage,45,314.15
2025-05-27,FR-ARA,herbal-tea,54,254.03
2025-05-27,FR-ARA,basil-seeds,34,74.71
2025-05-27,FR-ARA,mint-oil,29,326.88
2025-05-27,FR-ARA,dried-sage,20,140.3
2025-05-27,NL-NH,herbal-tea,17,75.96
2025-05-27,NL-NH,basil-seeds,6,13.29
2025-05-27,NL-NH,mint-oil,6,63.12
2025-05-27,NL-NH,dried-sage,11,72.31
2025-05-27,ES-MD,herbal-tea,71,322.28
2025-05-27,ES-MD,basil-seeds,21,45.25
2025-05-27,ES-MD,mint-oil,24,276.28
2025-05-27,ES-MD,dried-sage,14,93.79
2025-05-27,IT-LOM,herbal-tea,92,406.66
2025-05-27,IT-LOM,basil-seeds,30,67.92
2025-05-27,IT-LOM,mint-oil,28,312.83
2025-05-27,IT-LOM,dried-sage,32,214.81
2025-05-28,DE-BE,herbal-tea,31,136.97
2025-05-28,DE-BE,basil-seeds,10,20.92
2025-05-28,DE-BE,mint-oil,10,113.25
2025-05-28,DE-BE,dried-sage,14,99.0
2025-05-28,DE-BY,herbal-tea,82,372.76
2025-05-28,DE-BY,basil-seeds,36,79.42
2025-05-28,DE-BY,mint-oil,46,511.46
2025-05-28,DE-BY,dried-sage,44,310.67
2025-05-28,DE-HH,herbal-tea,16,74.83
2025-05-28,DE-HH,basil-seeds,5,10.91
2025-05-28,DE-HH,mint-oil,5,54.01
2025-05-28,DE-HH,dried-sage,4,26.38
2025-05-28,FR-IDF,herbal-tea,107,505.11
2025-05-28,FR-IDF,basil-seeds,26,56.75
2025-05-28,FR-IDF,mint-oil,40,432.38
2025-05-28,FR-IDF,dried-sage,40,268.81
2025-05-28,FR-ARA,herbal-tea,53,241.93
2025-05-28,FR-ARA,basil-seeds,22,50.12
2025-05-28,FR-ARA,mint-oil,37,398.22
2025-05-28,FR-ARA,dried-sage,23,161.74
2025-05-28,NL-NH,herbal-tea,13,60.95
2025-05-28,NL-NH,basil-seeds,11,23.08
2025-05-28,NL-NH,mint-oil,8,84.44
2025-05-28,NL-NH,dried-sage,8,56.05
2025-05-28,ES-MD,herbal-tea,53,244.55
2025-05-28,ES-MD,basil-seeds,16,34.85
2025-05-28,ES-MD,mint-oil,16,177.98
2025-05-28,ES-MD,dried-sage,19,127.82
2025-05-28,IT-LOM,herbal-tea,72,335.3
2025-05-28,IT-LOM,basil-seeds,22,50.66
2025-05-28,IT-LOM,mint-oil,35,389.54
2025-05-28,IT-LOM,dried-sage,35,226.8
2025-05-29,DE-BE,herbal-tea,32,138.31
2025-05-29,DE-BE,basil-seeds,11,23.77
2025-05-29,DE-BE,mint-oil,10,106.37
2025-05-29,DE-BE,dried-sage,8,52.72
2025-05-29,DE-BY,herbal-tea,127,594.52
2025-05-29,DE-BY,basil-seeds,34,78.46
2025-05-29,DE-BY,mint-oil,58,622.67
2025-05-29,DE-BY,dried-sage,31,216.81
2025-05-29,DE-HH,herbal-tea,22,94.79
2025-05-29,DE-HH,basil-seeds,7,15.14
2025-05-29,DE-HH,mint-oil,3,32.24
2025-05-29,DE-HH,dried-sage,3,19.73
2025-05-29,FR-IDF,herbal-tea,115,498.16
2025-05-29,FR-IDF,basil-seeds,44,100.3
2025-05-29,FR-IDF,mint-oil,37,425.96
2025-05-29,FR-IDF,dried-sage,17,114.6
2025-05-29,FR-ARA,herbal-tea,57,257.21
2025-05-29,FR-ARA,basil-seeds,25,55.43
2025-05-29,FR-ARA,mint-oil,15,162.06
2025-05-29,FR-ARA,dried-sage,10,69.57
2025-05-29,NL-NH,herbal-tea,24,105.8
2025-05-29,NL-NH,basil-seeds,10,21.08
2025-05-29,NL-NH,mint-oil,4,44.7
2025-05-29,NL-NH,dried-sage,7,48.72
2025-05-29,ES-MD,herbal-tea,56,263.89
2025-05-29,ES-MD,basil-seeds,22,46.27
2025-05-29,ES-MD,mint-oil,24,272.41
2025-05-29,ES-MD,dried-sage,20,131.76
2025-05-29,IT-LOM,herbal-tea,91,413.21
2025-05-29,IT-LOM,basil-seeds,33,72.8
2025-05-29,IT-LOM,mint-oil,38,410.13
2025-05-29,IT-LOM,dried-sage,20,135.37
2025-05-30,DE-BE,herbal-tea,36,168.71
2025-05-30,DE-BE,basil-seeds,14,29.93
2025-05-30,DE-BE,mint-oil,6,68.43
2025-05-30,DE-BE,dried-sage,17,115.76
2025-05-30,DE-BY,herbal-tea,110,484.0
2025-05-30,DE-BY,basil-seeds,33,70.16
2025-05-30,DE-BY,mint-oil,32,357.22
2025-05-30,DE-BY,dried-sage,59,387.05
2025-05-30,DE-HH,herbal-tea,19,83.28
2025-05-30,DE-HH,basil-seeds,4,9.15
2025-05-30,DE-HH,mint-oil,5,55.89
2025-05-30,DE-HH,dried-sage,5,33.84
2025-05-30,FR-IDF,herbal-tea,92,396.78
2025-05-30,FR-IDF,basil-seeds,57,124.54
2025-05-30,FR-IDF,mint-oil,43,473.37
2025-05-30,FR-IDF,dried-sage,45,292.33
2025-05-30,FR-ARA,herbal-tea,63,287.71
2025-05-30,FR-ARA,basil-seeds,27,60.78
2025-05-30,FR-ARA,mint-oil,19,206.97
2025-05-30,FR-ARA,dried-sage,26,178.46
2025-05-30,NL-NH,herbal-tea,16,71.52
2025-05-30,NL-NH,basil-seeds,8,17.92
2025-05-30,NL-NH,mint-oil,5,53.46
2025-05-30,NL-NH,dried-sage,4,25.98
2025-05-30,ES-MD,herbal-tea,65,279.8
2025-05-30,ES-MD,basil-seeds,21,44.36
2025-05-30,ES-MD,mint-oil,21,235.99
2025-05-30,ES-MD,dried-sage,27,181.62
2025-05-30,IT-LOM,herbal-tea,106,495.1
2025-05-30,IT-LOM,basil-seeds,37,79.51
2025-05-30,IT-LOM,mint-oil,33,357.47
2025-05-30,IT-LOM,dried-sage,42,279.55
2025-05-31,DE-BE,herbal-tea,15,64.76
2025-05-31,DE-BE,basil-seeds,7,15.4
2025-05-31,DE-BE,mint-oil,8,86.29
2025-05-31,DE-BE,dried-sage,6,42.46
2025-05-31,DE-BY,herbal-tea,92,396.18
2025-05-31,DE-BY,basil-seeds,42,89.51
2025-05-31,DE-BY,mint-oil,38,397.63
2025-05-31,DE-BY,dried-sage,30,203.48
2025-05-31,DE-HH,herbal-tea,11,48.33
2025-05-31,DE-HH,basil-seeds,5,10.53
2025-05-31,DE-HH,mint-oil,3,33.31
2025-05-31,DE-HH,dried-sage,2,14.24
2025-05-31,FR-IDF,herbal-tea,58,254.41
2025-05-31,FR-IDF,basil-seeds,25,52.85
2025-05-31,FR-IDF,mint-oil,36,415.42
2025-05-31,FR-IDF,dried-sage,20,140.56
2025-05-31,FR-ARA,herbal-tea,45,195.34
2025-05-31,FR-ARA,basil-seeds,20,42.21
2025-05-31,FR-ARA,mint-oil,17,186.11
2025-05-31,FR-ARA,dried-sage,30,208.79
2025-05-31,NL-NH,herbal-tea,24,107.85
2025-05-31,NL-NH,basil-seeds,7,15.19
2025-05-31,NL-NH,mint-oil,9,101.08
2025-05-31,NL-NH,dried-sage,7,49.46
2025-05-31,ES-MD,herbal-tea,50,234.05
2025-05-31,ES-MD,basil-seeds,7,15.55
2025-05-31,ES-MD,mint-oil,23,258.77
2025-05-31,ES-MD,dried-sage,22,142.43
2025-05-31,IT-LOM,herbal-tea,107,489.17
2025-05-31,IT-LOM,basil-seeds,23,48.79
2025-05-31,IT-LOM,mint-oil,19,214.04
2025-05-31,IT-LOM,dried-sage,25,178.05
2025-06-01,DE-BE,herbal-tea,18,78.52
2025-06-01,DE-BE,basil-seeds,13,29.9
2025-06-01,DE-BE,mint-oil,5,57.07
2025-06-01,DE-BE,dried-sage,4,27.69
2025-06-01,DE-BY,herbal-tea,114,536.51
2025-06-01,DE-BY,basil-seeds,27,59.56
2025-06-01,DE-BY,mint-oil,32,365.66
2025-06-01,DE-BY,dried-sage,49,329.57
2025-06-01,DE-HH,herbal-tea,2,8.83
2025-06-01,DE-HH,basil-seeds,7,14.69
2025-06-01,DE-HH,mint-oil,3,33.37
2025-06-01,DE-HH,dried-sage,4,27.02
2025-06-01,FR-IDF,herbal-tea,21,97.26
2025-06-01,FR-IDF,basil-seeds,38,81.83
2025-06-01,FR-IDF,mint-oil,41,459.37
2025-06-01,FR-IDF,dried-sage,29,196.54
2025-06-01,FR-ARA,herbal-tea,80,364.46
2025-06-01,FR-ARA,basil-seeds,33,73.79
2025-06-01,FR-ARA,mint-oil,19,215.27
2025-06-01,FR-ARA,dried-sage,25,161.77
2025-06-01,NL-NH,herbal-tea,24,109.01
2025-06-01,NL-NH,basil-seeds,7,14.71
2025-06-01,NL-NH,mint-oil,6,67.06
2025-06-01,NL-NH,dried-sage,9,58.14
2025-06-01,ES-MD,herbal-tea,46,202.51
2025-06-01,ES-MD,basil-seeds,22,50.14
2025-06-01,ES-MD,mint-oil,13,138.07
2025-06-01,ES-MD,dried-sage,9,58.67
2025-06-01,IT-LOM,herbal-tea,59,257.45
2025-06-01,IT-LOM,basil-seeds,50,110.94
2025-06-01,IT-LOM,mint-oil,30,329.11
2025-06-01,IT-LOM,dried-sage,28,187.63
2025-06-02,DE-BE,herbal-tea,35,156.28
2025-06-02,DE-BE,basil-seeds,7,16.12
2025-06-02,DE-BE,mint-oil,13,140.17
2025-06-02,DE-BE,dried-sage,12,80.06
2025-06-02,DE-BY,herbal-tea,69,304.99
2025-06-02,DE-BY,basil-seeds,34,75.38
2025-06-02,DE-BY,mint-oil,37,392.17
2025-06-02,DE-BY,dried-sage,33,225.62
2025-06-02,DE-HH,herbal-tea,14,63.42
2025-06-02,DE-HH,basil-seeds,6,13.37
2025-06-02,DE-HH,mint-oil,4,45.65
2025-06-02,DE-HH,dried-sage,5,33.79
2025-06-02,FR-IDF,herbal-tea,115,507.84
2025-06-02,FR-IDF,basil-seeds,44,101.01
2025-06-02,FR-IDF,mint-oil,34,371.29
2025-06-02,FR-IDF,dried-sage,26,175.39
2025-06-02,FR-ARA,herbal-tea,61,276.12
2025-06-02,FR-ARA,basil-seeds,25,57.52
2025-06-02,FR-ARA,mint-oil,15,166.9
2025-06-02,FR-ARA,dried-sage,29,193.3
2025-06-02,NL-NH,herbal-tea,23,99.64
2025-06-02,NL-NH,basil-seeds,11,24.3
2025-06-02,NL-NH,mint-oil,7,78.97
2025-06-02,NL-NH,dried-sage,8,53.82
2025-06-02,ES-MD,herbal-tea,53,245.83
2025-06-02,ES-MD,basil-seeds,20,45.65
2025-06-02,ES-MD,mint-oil,18,189.18
2025-06-02,ES-MD,dried-sage,21,147.51
2025-06-02,IT-LOM,herbal-tea,69,298.0
2025-06-02,IT-LOM,basil-seeds,24,51.69
2025-06-02,IT-LOM,mint-oil,23,241.89
2025-06-02,IT-LOM,dried-sage,30,208.91
2025-06-03,DE-BE,herbal-tea,25,107.47
2025-06-03,DE-BE,basil-seeds,7,14.95
2025-06-03,DE-BE,mint-oil,14,153.93
2025-06-03,DE-BE,dried-sage,15,99.18
2025-06-03,DE-BY,herbal-tea,83,366.06
2025-06-03,DE-BY,basil-seeds,22,47.48
2025-06-03,DE-BY,mint-oil,41,450.32
2025-06-03,DE-BY,dried-sage,40,277.11
2025-06-03,DE-HH,herbal-tea,15,68.2
2025-06-03,DE-HH,basil-seeds,5,10.58
2025-06-03,DE-HH,mint-oil,6,65.83
2025-06-03,DE-HH,dried-sage,6,42.16
2025-06-03,FR-IDF,herbal-tea,90,389.68
2025-06-03,FR-IDF,basil-seeds,37,80.62
2025-06-03,FR-IDF,mint-oil,53,602.92
2025-06-03,FR-IDF,dried-sage,34,232.28
2025-06-03,FR-ARA,herbal-tea,75,349.63
2025-06-03,FR-ARA,basil-seeds,16,35.61
2025-06-03,FR-ARA,mint-oil,16,170.45
2025-06-03,FR-ARA,dried-sage,27,189.45
2025-06-03,NL-NH,herbal-tea,21,96.78
2025-06-03,NL-NH,basil-seeds,7,15.47
2025-06-03,NL-NH,mint-oil,7,78.29
2025-06-03,NL-NH,dried-sage,9,64.01
2025-06-03,ES-MD,herbal-tea,34,151.34
2025-06-03,ES-MD,basil-seeds,20,44.87
2025-06-03,ES-MD,mint-oil,24,262.02
2025-06-03,ES-MD,dried-sage,23,149.02
2025-06-03,IT-LOM,herbal-tea,55,235.4
2025-06-03,IT-LOM,basil-seeds,32,69.01
2025-06-03,IT-LOM,mint-oil,20,222.64
2025-06-03,IT-LOM,dried-sage,17,110.31
2025-06-04,DE-BE,herbal-tea,47,210.82
2025-06-04,DE-BE,basil-seeds,7,15.74
2025-06-04,DE-BE,mint-oil,10,108.44
2025-06-04,DE-BE,dried-sage,19,133.8
2025-06-04,DE-BY,herbal-tea,82,376.61
2025-06-04,DE-BY,basil-seeds,39,84.86
2025-06-04,DE-BY,mint-oil,53,574.36
2025-06-04,DE-BY,dried-sage,45,312.71
2025-06-04,DE-HH,herbal-tea,11,50.92
2025-06-04,DE-HH,basil-seeds,7,15.06
2025-06-04,DE-HH,mint-oil,5,54.42
2025-06-04,DE-HH,dried-sage,4,28.33
2025-06-04,FR-IDF,herbal-tea,83,372.44
2025-06-04,FR-IDF,basil-seeds,29,64.81
2025-06-04,FR-IDF,mint-oil,18,203.45
2025-06-04,FR-IDF,dried-sage,27,184.07
2025-06-04,FR-ARA,herbal-tea,74,348.16
2025-06-04,FR-ARA,basil-seeds,28,60.66
2025-06-04,FR-ARA,mint-oil,19,199.49
2025-06-04,FR-ARA,dried-sage,20,140.79
2025-06-04,NL-NH,herbal-tea,25,108.07
2025-06-04,NL-NH,basil-seeds,9,20.66
2025-06-04,NL-NH,mint-oil,5,57.65
2025-06-04,NL-NH,dried-sage,9,63.09
2025-06-04,ES-MD,herbal-tea,53,248.04
2025-06-04,ES-MD,basil-seeds,16,34.05
2025-06-04,ES-MD,mint-oil,27,294.63
2025-06-04,ES-MD,dried-sage,15,97.56
2025-06-04,IT-LOM,herbal-tea,72,335.24
2025-06-04,IT-LOM,basil-seeds,27,56.86
2025-06-04,IT-LOM,mint-oil,30,341.24
2025-06-04,IT-LOM,dried-sage,19,134.67
2025-06-05,DE-BE,herbal-tea,25,111.12
2025-06-05,DE-BE,basil-seeds,15,34.61
2025-06-05,DE-BE,mint-oil,9,96.55
2025-06-05,DE-BE,dried-sage,10,67.58
2025-06-05,DE-BY,herbal-tea,102,443.49
2025-06-05,DE-BY,basil-seeds,46,104.38
2025-06-05,DE-BY,mint-oil,42,465.79
2025-06-05,DE-BY,dried-sage,33,227.3
2025-06-05,DE-HH,herbal-tea,13,60.31
2025-06-05,DE-HH,basil-seeds,4,9.15
2025-06-05,DE-HH,mint-oil,4,44.2
2025-06-05,DE-HH,dried-sage,6,39.05
2025-06-05,FR-IDF,herbal-tea,113,529.4
2025-06-05,FR-IDF,basil-seeds,50,111.56
2025-06-05,FR-IDF,mint-oil,19,210.47
2025-06-05,FR-IDF,dried-sage,37,250.94
2025-06-05,FR-ARA,herbal-tea,51,230.85
2025-06-05,FR-ARA,basil-seeds,31,65.73
2025-06-05,FR-ARA,mint-oil,30,325.91
2025-06-05,FR-ARA,dried-sage,26,169.21
2025-06-05,NL-NH,herbal-tea,32,141.09
2025-06-05,NL-NH,basil-seeds,10,21.16
2025-06-05,NL-NH,mint-oil,9,97.33
2025-06-05,NL-NH,dried-sage,11,72.74
2025-06-05,ES-MD,herbal-tea,83,364.21
2025-06-05,ES-MD,basil-seeds,16,35.92
2025-06-05,ES-MD,mint-oil,30,345.45
2025-06-05,ES-MD,dried-sage,24,156.26
2025-06-05,IT-LOM,herbal-tea,45,211.24
2025-06-05,IT-LOM,basil-seeds,23,50.6
2025-06-05,IT-LOM,mint-oil,27,302.87
2025-06-05,IT-LOM,dried-sage,31,202.6
2025-06-06,DE-BE,herbal-tea,13,57.11
2025-06-06,DE-BE,basil-seeds,12,25.16
2025-06-06,DE-BE,mint-oil,10,108.18
2025-06-06,DE-BE,dried-sage,13,90.74
2025-06-06,DE-BY,herbal-tea,128,589.47
2025-06-06,DE-BY,basil-seeds,49,112.37
2025-06-06,DE-BY,mint-oil,29,310.57
2025-06-06,DE-BY,dried-sage,22,143.21
2025-06-06,DE-HH,herbal-tea,22,101.01
2025-06-06,DE-HH,basil-seeds,4,9.03
2025-06-06,DE-HH,mint-oil,9,103.45
2025-06-06,DE-HH,dried-sage,6,41.2
2025-06-06,FR-IDF,herbal-tea,90,407.08
2025-06-06,FR-IDF,basil-seeds,34,78.14
2025-06-06,FR-IDF,mint-oil,36,377.61
2025-06-06,FR-IDF,dried-sage,39,265.4
2025-06-06,FR-ARA,herbal-tea,54,238.22
2025-06-06,FR-ARA,basil-seeds,19,43.26
2025-06-06,FR-ARA,mint-oil,25,262.77
2025-06-06,FR-ARA,dried-sage,24,167.67
2025-06-06,NL-NH,herbal-tea,26,121.22
2025-06-06,NL-NH,basil-seeds,6,13.44
2025-06-06,NL-NH,mint-oil,8,84.06
2025-06-06,NL-NH,dried-sage,6,41.88
2025-06-06,ES-MD,herbal-tea,50,223.35
2025-06-06,ES-MD,basil-seeds,15,31.8
2025-06-06,ES-MD,mint-oil,10,115.31
2025-06-06,ES-MD,dried-sage,24,161.04
2025-06-06,IT-LOM,herbal-tea,87,374.19
2025-06-06,IT-LOM,basil-seeds,37,79.22
2025-06-06,IT-LOM,mint-oil,25,281.81
2025-06-06,IT-LOM,dried-sage,27,190.73
2025-06-07,DE-BE,herbal-tea,29,136.91
2025-06-07,DE-BE,basil-seeds,6,12.56
2025-06-07,DE-BE,mint-oil,8,84.27
2025-06-07,DE-BE,dried-sage,4,26.18
2025-06-07,DE-BY,herbal-tea,94,416.64
2025-06-07,DE-BY,basil-seeds,36,80.43
2025-06-07,DE-BY,mint-oil,34,377.97
2025-06-07,DE-BY,dried-sage,42,284.99
2025-06-07,DE-HH,herbal-tea,13,57.04
2025-06-07,DE-HH,basil-seeds,5,11.05
2025-06-07,DE-HH,mint-oil,2,21.69
2025-06-07,DE-HH,dried-sage,4,28.33
2025-06-07,FR-IDF,herbal-tea,90,422.88
2025-06-07,FR-IDF,basil-seeds,45,101.77
2025-06-07,FR-IDF,mint-oil,27,297.8
2025-06-07,FR-IDF,dried-sage,44,292.24
2025-06-07,FR-ARA,herbal-tea,48,206.37
2025-06-07,FR-ARA,basil-seeds,13,29.75
2025-06-07,FR-ARA,mint-oil,18,193.64
2025-06-07,FR-ARA,dried-sage,12,79.18
2025-06-07,NL-NH,herbal-tea,30,131.36
2025-06-07,NL-NH,basil-seeds,12,27.04
2025-06-07,NL-NH,mint-oil,8,90.78
2025-06-07,NL-NH,dried-sage,9,59.01
2025-06-07,ES-MD,herbal-tea,67,306.02
2025-06-07,ES-MD,basil-seeds,16,35.04
2025-06-07,ES-MD,mint-oil,22,230.72
2025-06-07,ES-MD,dried-sage,21,139.63
2025-06-07,IT-LOM,herbal-tea,40,172.52
2025-06-07,IT-LOM,basil-seeds,34,73.15
2025-06-07,IT-LOM,mint-oil,18,205.18
2025-06-07,IT-LOM,dried-sage,19,127.71
2025-06-08,DE-BE,herbal-tea,31,135.1
2025-06-08,DE-BE,basil-seeds,10,21.85
2025-06-08,DE-BE,mint-oil,12,132.55
2025-06-08,DE-BE,dried-sage,10,66.97
2025-06-08,DE-BY,herbal-tea,127,593.97
2025-06-08,DE-BY,basil-seeds,36,82.55
2025-06-08,DE-BY,mint-oil,49,543.9
2025-06-08,DE-BY,dried-sage,24,167.4
2025-06-08,DE-HH,herbal-tea,9,40.23
2025-06-08,DE-HH,basil-seeds,7,15.29
2025-06-08,DE-HH,mint-oil,4,42.05
2025-06-08,DE-HH,dried-sage,2,13.07
2025-06-08,FR-IDF,herbal-tea,53,242.74
2025-06-08,FR-IDF,basil-seeds,40,91.15
2025-06-08,FR-IDF,mint-oil,40,443.19
2025-06-08,FR-IDF,dried-sage,27,184.85
2025-06-08,FR-ARA,herbal-tea,45,200.1
2025-06-08,FR-ARA,basil-seeds,20,45.08
2025-06-08,FR-ARA,mint-oil,23,240.73
2025-06-08,FR-ARA,dried-sage,19,133.07
2025-06-08,NL-NH,herbal-tea,22,96.52
2025-06-08,NL-NH,basil-seeds,7,15.47
2025-06-08,NL-NH,mint-oil,6,66.76
2025-06-08,NL-NH,dried-sage,9,60.35
2025-06-08,ES-MD,herbal-tea,33,153.11
2025-06-08,ES-MD,basil-seeds,9,20.01
2025-06-08,ES-MD,mint-oil,22,237.67
2025-06-08,ES-MD,dried-sage,22,146.08
2025-06-08,IT-LOM,herbal-tea,77,344.42
2025-06-08,IT-LOM,basil-seeds,33,72.36
2025-06-08,IT-LOM,mint-oil,33,375.5
2025-06-08,IT-LOM,dried-sage,23,151.99
2025-06-09,DE-BE,herbal-tea,48,211.17
2025-06-09,DE-BE,basil-seeds,14,31.14
2025-06-09,DE-BE,mint-oil,11,117.13
2025-06-09,DE-BE,dried-sage,12,83.77
2025-06-09,DE-BY,herbal-tea,98,424.56
2025-06-09,DE-BY,basil-seeds,60,133.72
2025-06-09,DE-BY,mint-oil,48,504.22
2025-06-09,DE-BY,dried-sage,51,333.43
2025-06-09,DE-HH,herbal-tea,20,93.25
2025-06-09,DE-HH,basil-seeds,6,13.31
2025-06-09,DE-HH,mint-oil,7,73.62
2025-06-09,DE-HH,dried-sage,6,41.68
2025-06-09,FR-IDF,herbal-tea,97,444.29
2025-06-09,FR-IDF,basil-seeds,43,97.98
2025-06-09,FR-IDF,mint-oil,27,299.99
2025-06-09,FR-IDF,dried-sage,48,321.5
2025-06-09,FR-ARA,herbal-tea,80,360.4
2025-06-09,FR-ARA,basil-seeds,27,57.84
2025-06-09,FR-ARA,mint-oil,21,238.45
2025-06-09,FR-ARA,dried-sage,29,195.54
2025-06-09,NL-NH,herbal-tea,16,69.43
2025-06-09,NL-NH,basil-seeds,5,10.81
2025-06-09,NL-NH,mint-oil,9,98.09
2025-06-09,NL-NH,dried-sage,6,41.42
2025-06-09,ES-MD,herbal-tea,18,81.99
2025-06-09,ES-MD,basil-seeds,23,48.88
2025-06-09,ES-MD,mint-oil,32,366.5
2025-06-09,ES-MD,dried-sage,23,148.98
2025-06-09,IT-LOM,herbal-tea,51,229.75
2025-06-09,IT-LOM,basil-seeds,21,47.5
2025-06-09,IT-LOM,mint-oil,20,216.57
2025-06-09,IT-LOM,dried-sage,29,191.58
2025-06-10,DE-BE,herbal-tea,31,142.66
2025-06-10,DE-BE,basil-seeds,10,21.74
2025-06-10,DE-BE,mint-oil,12,126.42
2025-06-10,DE-BE,dried-sage,11,78.06
2025-06-10,DE-BY,herbal-tea,111,503.22
2025-06-10,DE-BY,basil-seeds,51,112.74
2025-06-10,DE-BY,mint-oil,25,284.56
2025-06-10,DE-BY,dried-sage,48,327.31
2025-06-10,DE-HH,herbal-tea,19,85.71
2025-06-10,DE-HH,basil-seeds,6,13.12
2025-06-10,DE-HH,mint-oil,5,53.86
2025-06-10,DE-HH,dried-sage,8,53.01
2025-06-10,FR-IDF,herbal-tea,99,439.35
2025-06-10,FR-IDF,basil-seeds,52,113.89
2025-06-10,FR-IDF,mint-oil,36,385.75
2025-06-10,FR-IDF,dried-sage,32,222.67
2025-06-10,FR-ARA,herbal-tea,76,336.94
2025-06-10,FR-ARA,basil-seeds,20,44.02
2025-06-10,FR-ARA,mint-oil,31,344.59
2025-06-10,FR-ARA,dried-sage,19,128.54
2025-06-10,NL-NH,herbal-tea,16,74.35
2025-06-10,NL-NH,basil-seeds,10,21.18
2025-06-10,NL-NH,mint-oil,5,54.49
2025-06-10,NL-NH,dried-sage,7,48.0
2025-06-10,ES-MD,herbal-tea,61,268.65
2025-06-10,ES-MD,basil-seeds,23,49.66
2025-06-10,ES-MD,mint-oil,25,288.29
2025-06-10,ES-MD,dried-sage,23,157.59
2025-06-10,IT-LOM,herbal-tea,56,262.08
2025-06-10,IT-LOM,basil-seeds,20,45.66
2025-06-10,IT-LOM,mint-oil,33,354.41
2025-06-10,IT-LOM,dried-sage,30,205.11
2025-06-11,DE-BE,herbal-tea,42,181.94
2025-06-11,DE-BE,basil-seeds,9,18.88
2025-06-11,DE-BE,mint-oil,7,80.77
2025-06-11,DE-BE,dried-sage,13,85.15
2025-06-11,DE-BY,herbal-tea,147,688.24
2025-06-11,DE-BY,basil-seeds,23,49.86
2025-06-11,DE-BY,mint-oil,29,325.76
2025-06-11,DE-BY,dried-sage,47,307.42
2025-06-11,DE-HH,herbal-tea,21,95.36
2025-06-11,DE-HH,basil-seeds,3,6.68
2025-06-11,DE-HH,mint-oil,6,67.58
2025-06-11,DE-HH,dried-sage,5,33.51
2025-06-11,FR-IDF,herbal-tea,74,331.33
2025-06-11,FR-IDF,basil-seeds,39,88.67
2025-06-11,FR-IDF,mint-oil,34,360.33
2025-06-11,FR-IDF,dried-sage,46,302.9
2025-06-11,FR-ARA,herbal-tea,68,319.36
2025-06-11,FR-ARA,basil-seeds,10,21.08
2025-06-11,FR-ARA,mint-oil,30,325.71
2025-06-11,FR-ARA,dried-sage,19,131.13
2025-06-11,NL-NH,herbal-tea,19,85.57
2025-06-11,NL-NH,basil-seeds,10,22.19
2025-06-11,NL-NH,mint-oil,9,96.99
2025-06-11,NL-NH,dried-sage,8,53.54
2025-06-11,ES-MD,herbal-tea,27,122.47
2025-06-11,ES-MD,basil-seeds,16,36.41
2025-06-11,ES-MD,mint-oil,16,172.81
2025-06-11,ES-MD,dried-sage,22,144.79
2025-06-11,IT-LOM,herbal-tea,103,474.37
2025-06-11,IT-LOM,basil-seeds,40,92.31
2025-06-11,IT-LOM,mint-oil,32,354.64
2025-06-11,IT-LOM,dried-sage,38,261.38
2025-06-12,DE-BE,herbal-tea,36,155.82
2025-06-12,DE-BE,basil-seeds,13,27.95
2025-06-12,DE-BE,mint-oil,6,64.6
2025-06-12,DE-BE,dried-sage,13,92.09
2025-06-12,DE-BY,herbal-tea,151,708.35
2025-06-12,DE-BY,basil-seeds,38,84.99
2025-06-12,DE-BY,mint-oil,44,500.4
2025-06-12,DE-BY,dried-sage,45,313.8
2025-06-12,DE-HH,herbal-tea,23,108.26
2025-06-12,DE-HH,basil-seeds,6,13.25
2025-06-12,DE-HH,mint-oil,5,56.83
2025-06-12,DE-HH,dried-sage,5,32.39
2025-06-12,FR-IDF,herbal-tea,115,521.18
2025-06-12,FR-IDF,basil-seeds,57,128.31
2025-06-12,FR-IDF,mint-oil,19,204.71
2025-06-12,FR-IDF,dried-sage,34,222.17
2025-06-12,FR-ARA,herbal-tea,56,250.6
2025-06-12,FR-ARA,basil-seeds,13,28.41
2025-06-12,FR-ARA,mint-oil,23,265.47
2025-06-12,FR-ARA,dried-sage,36,250.47
2025-06-12,NL-NH,herbal-tea,27,116.39
2025-06-12,NL-NH,basil-seeds,10,22.65
2025-06-12,NL-NH,mint-oil,8,88.06
2025-06-12,NL-NH,dried-sage,6,39.89
2025-06-12,ES-MD,herbal-tea,43,198.86
2025-06-12,ES-MD,basil-seeds,16,35.93
2025-06-12,ES-MD,mint-oil,15,163.9
2025-06-12,ES-MD,dried-sage,31,219.91
2025-06-12,IT-LOM,herbal-tea,84,390.91
2025-06-12,IT-LOM,basil-seeds,23,51.42
2025-06-12,IT-LOM,mint-oil,31,345.59
2025-06-12,IT-LOM,dried-sage,28,181.03
2025-06-13,DE-BE,herbal-tea,35,164.48
2025-06-13,DE-BE,basil-seeds,13,29.1
2025-06-13,DE-BE,mint-oil,11,124.8
2025-06-13,DE-BE,dried-sage,13,90.46
2025-06-13,DE-BY,herbal-tea,103,480.92
2025-06-13,DE-BY,basil-seeds,46,105.76
2025-06-13,DE-BY,mint-oil,50,522.68
2025-06-13,DE-BY,dried-sage,27,175.65
2025-06-13,DE-HH,herbal-tea,12,52.26
2025-06-13,DE-HH,basil-seeds,5,10.91
2025-06-13,DE-HH,mint-oil,5,55.46
2025-06-13,DE-HH,dried-sage,7,48.26
2025-06-13,FR-IDF,herbal-tea,62,270.07
2025-06-13,FR-IDF,basil-seeds,38,81.93
2025-06-13,FR-IDF,mint-oil,37,406.39
2025-06-13,FR-IDF,dried-sage,44,308.08
2025-06-13,FR-ARA,herbal-tea,53,238.05
2025-06-13,FR-ARA,basil-seeds,27,57.0
2025-06-13,FR-ARA,mint-oil,33,372.26
2025-06-13,FR-ARA,dried-sage,32,212.97
2025-06-13,NL-NH,herbal-tea,28,128.05
2025-06-13,NL-NH,basil-seeds,8,16.92
2025-06-13,NL-NH,mint-oil,6,63.45
2025-06-13,NL-NH,dried-sage,9,62.41
2025-06-13,ES-MD,herbal-tea,48,215.65
2025-06-13,ES-MD,basil-seeds,12,27.2
2025-06-13,ES-MD,mint-oil,15,160.63
2025-06-13,ES-MD,dried-sage,20,133.16
2025-06-13,IT-LOM,herbal-tea,38,175.84
2025-06-13,IT-LOM,basil-seeds,29,61.0
2025-06-13,IT-LOM,mint-oil,30,323.98
2025-06-13,IT-LOM,dried-sage,24,161.43
2025-06-14,DE-BE,herbal-tea,19,89.03
2025-06-14,DE-BE,basil-seeds,10,21.49
2025-06-14,DE-BE,mint-oil,9,102.15
2025-06-14,DE-BE,dried-sage,7,46.69
2025-06-14,DE-BY,herbal-tea,61,265.35
2025-06-14,DE-BY,basil-seeds,41,87.55
2025-06-14,DE-BY,mint-oil,16,177.99
2025-06-14,DE-BY,dried-sage,16,106.95
2025-06-14,DE-HH,herbal-tea,12,55.2
2025-06-14,DE-HH,basil-seeds,4,9.07
2025-06-14,DE-HH,mint-oil,6,68.72
2025-06-14,DE-HH,dried-sage,6,41.89
2025-06-14,FR-IDF,herbal-tea,49,220.91
2025-06-14,FR-IDF,basil-seeds,26,56.41
2025-06-14,FR-IDF,mint-oil,33,364.3
2025-06-14,FR-IDF,dried-sage,36,253.61
2025-06-14,FR-ARA,herbal-tea,58,271.72
2025-06-14,FR-ARA,basil-seeds,31,67.05
2025-06-14,FR-ARA,mint-oil,22,252.65
2025-06-14,FR-ARA,dried-sage,30,194.54
2025-06-14,NL-NH,herbal-tea,33,142.6
2025-06-14,NL-NH,basil-seeds,8,17.42
2025-06-14,NL-NH,mint-oil,6,64.69
2025-06-14,NL-NH,dried-sage,7,46.31
2025-06-14,ES-MD,herbal-tea,48,211.09
2025-06-14,ES-MD,basil-seeds,13,27.52
2025-06-14,ES-MD,mint-oil,19,201.29
2025-06-14,ES-MD,dried-sage,10,69.64
2025-06-14,IT-LOM,herbal-tea,67,288.65
2025-06-14,IT-LOM,basil-seeds,28,62.97
2025-06-14,IT-LOM,mint-oil,26,272.12
2025-06-14,IT-LOM,dried-sage,17,119.42
2025-06-15,DE-BE,herbal-tea,22,101.34
2025-06-15,DE-BE,basil-seeds,8,18.12
2025-06-15,DE-BE,mint-oil,11,118.73
2025-06-15,DE-BE,dried-sage,13,86.84
2025-06-15,DE-BY,herbal-tea,85,373.86
2025-06-15,DE-BY,basil-seeds,33,70.44
2025-06-15,DE-BY,mint-oil,32,350.99
2025-06-15,DE-BY,dried-sage,48,319.59
2025-06-15,DE-HH,herbal-tea,21,95.08
2025-06-15,DE-HH,basil-seeds,6,13.18
2025-06-15,DE-HH,mint-oil,6,64.31
2025-06-15,DE-HH,dried-sage,3,19.42
2025-06-15,FR-IDF,herbal-tea,58,257.68
2025-06-15,FR-IDF,basil-seeds,31,68.52
2025-06-15,FR-IDF,mint-oil,36,414.82
2025-06-15,FR-IDF,dried-sage,35,235.56
2025-06-15,FR-ARA,herbal-tea,56,253.59
2025-06-15,FR-ARA,basil-seeds,26,58.02
2025-06-15,FR-ARA,mint-oil,15,172.85
2025-06-15,FR-ARA,dried-sage,30,195.75
2025-06-15,NL-NH,herbal-tea,25,112.39
2025-06-15,NL-NH,basil-seeds,11,23.59
2025-06-15,NL-NH,mint-oil,9,98.74
2025-06-15,NL-NH,dried-sage,9,62.56
2025-06-15,ES-MD,herbal-tea,37,170.95
2025-06-15,ES-MD,basil-seeds,15,32.18
2025-06-15,ES-MD,mint-oil,15,159.24
2025-06-15,ES-MD,dried-sage,21,140.25
2025-06-15,IT-LOM,herbal-tea,49,209.6
2025-06-15,IT-LOM,basil-seeds,22,49.32
2025-06-15,IT-LOM,mint-oil,25,276.25
2025-06-15,IT-LOM,dried-sage,12,80.07
2025-06-16,DE-BE,herbal-tea,27,124.04
2025-06-16,DE-BE,basil-seeds,9,19.83
2025-06-16,DE-BE,mint-oil,17,179.17
2025-06-16,DE-BE,dried-sage,4,26.13
2025-06-16,DE-BY,herbal-tea,98,452.33
2025-06-16,DE-BY,basil-seeds,30,63.77
2025-06-16,DE-BY,mint-oil,40,437.25
2025-06-16,DE-BY,dried-sage,34,242.11
2025-06-16,DE-HH,herbal-tea,18,78.33
2025-06-16,DE-HH,basil-seeds,6,13.6
2025-06-16,DE-HH,mint-oil,3,33.16
2025-06-16,DE-HH,dried-sage,5,33.66
2025-06-16,FR-IDF,herbal-tea,90,396.67
2025-06-16,FR-IDF,basil-seeds,46,105.47
2025-06-16,FR-IDF,mint-oil,31,344.92
2025-06-16,FR-IDF,dried-sage,26,174.53
2025-06-16,FR-ARA,herbal-tea,59,266.12
2025-06-16,FR-ARA,basil-seeds,21,44.83
2025-06-16,FR-ARA,mint-oil,17,187.36
2025-06-16,FR-ARA,dried-sage,18,119.36
2025-06-16,NL-NH,herbal-tea,10,46.92
2025-06-16,NL-NH,basil-seeds,10,22.48
2025-06-16,NL-NH,mint-oil,9,99.24
2025-06-16,NL-NH,dried-sage,7,49.17
2025-06-16,ES-MD,herbal-tea,69,299.64
2025-06-16,ES-MD,basil-seeds,20,42.1
2025-06-16,ES-MD,mint-oil,25,266.41
2025-06-16,ES-MD,dried-sage,19,131.71
2025-06-16,IT-LOM,herbal-tea,62,266.75
2025-06-16,IT-LOM,basil-seeds,28,61.41
2025-06-16,IT-LOM,mint-oil,33,365.15
2025-06-16,IT-LOM,dried-sage,35,231.48
2025-06-17,DE-BE,herbal-tea,18,79.17
2025-06-17,DE-BE,basil-seeds,6,13.62
2025-06-17,DE-BE,mint-oil,14,151.01
2025-06-17,DE-BE,dried-sage,8,55.08
2025-06-17,DE-BY,herbal-tea,90,406.66
2025-06-17,DE-BY,basil-seeds,44,98.34
2025-06-17,DE-BY,mint-oil,45,506.42
2025-06-17,DE-BY,dried-sage,42,279.32
2025-06-17,DE-HH,herbal-tea,14,64.87
2025-06-17,DE-HH,basil-seeds,6,13.32
2025-06-17,DE-HH,mint-oil,5,56.5
2025-06-17,DE-HH,dried-sage,4,27.45
2025-06-17,FR-IDF,herbal-tea,90,420.04
2025-06-17,FR-IDF,basil-seeds,53,118.56
2025-06-17,FR-IDF,mint-oil,31,350.66
2025-06-17,FR-IDF,dried-sage,37,263.91
2025-06-17,FR-ARA,herbal-tea,89,386.34
2025-06-17,FR-ARA,basil-seeds,30,63.79
2025-06-17,FR-ARA,mint-oil,28,320.2
2025-06-17,FR-ARA,dried-sage,20,129.91
2025-06-17,NL-NH,herbal-tea,17,77.76
2025-06-17,NL-NH,basil-seeds,8,17.3
2025-06-17,NL-NH,mint-oil,7,77.46
2025-06-17,NL-NH,dried-sage,8,53.73
2025-06-17,ES-MD,herbal-tea,43,189.86
2025-06-17,ES-MD,basil-seeds,24,52.92
2025-06-17,ES-MD,mint-oil,10,113.76
2025-06-17,ES-MD,dried-sage,18,127.97
2025-06-17,IT-LOM,herbal-tea,115,528.44
2025-06-17,IT-LOM,basil-seeds,25,56.87
2025-06-17,IT-LOM,mint-oil,21,237.68
2025-06-17,IT-LOM,dried-sage,26,180.08
2025-06-18,DE-BE,herbal-tea,23,101.93
2025-06-18,DE-BE,basil-seeds,10,20.96
2025-06-18,DE-BE,mint-oil,9,100.68
2025-06-18,DE-BE,dried-sage,14,97.38
2025-06-18,DE-BY,herbal-tea,114,538.54
2025-06-18,DE-BY,basil-seeds,52,119.43
2025-06-18,DE-BY,mint-oil,35,394.53
2025-06-18,DE-BY,dried-sage,44,284.56
2025-06-18,DE-HH,herbal-tea,10,42.78
2025-06-18,DE-HH,basil-seeds,6,12.95
2025-06-18,DE-HH,mint-oil,6,64.37
2025-06-18,DE-HH,dried-sage,6,42.52
2025-06-18,FR-IDF,herbal-tea,93,409.08
2025-06-18,FR-IDF,basil-seeds,35,76.84
2025-06-18,FR-IDF,mint-oil,50,536.42
2025-06-18,FR-IDF,dried-sage,40,275.41
2025-06-18,FR-ARA,herbal-tea,94,438.36
2025-06-18,FR-ARA,basil-seeds,22,50.47
2025-06-18,FR-ARA,mint-oil,32,351.66
2025-06-18,FR-ARA,dried-sage,24,162.77
2025-06-18,NL-NH,herbal-tea,30,139.15
2025-06-18,NL-NH,basil-seeds,6,12.59
2025-06-18,NL-NH,mint-oil,13,138.04
2025-06-18,NL-NH,dried-sage,9,62.65
2025-06-18,ES-MD,herbal-tea,59,263.36
2025-06-18,ES-MD,basil-seeds,18,40.97
2025-06-18,ES-MD,mint-oil,27,284.0
2025-06-18,ES-MD,dried-sage,23,150.1
2025-06-18,IT-LOM,herbal-tea,24,104.7
2025-06-18,IT-LOM,basil-seeds,24,53.4
2025-06-18,IT-LOM,mint-oil,44,500.85
2025-06-18,IT-LOM,dried-sage,31,206.93
2025-06-19,DE-BE,herbal-tea,26,118.02
2025-06-19,DE-BE,basil-seeds,5,11.49
2025-06-19,DE-BE,mint-oil,4,43.57
2025-06-19,DE-BE,dried-sage,10,70.3
2025-06-19,DE-BY,herbal-tea,102,473.92
2025-06-19,DE-BY,basil-seeds,36,79.21
2025-06-19,DE-BY,mint-oil,39,426.57
2025-06-19,DE-BY,dried-sage,35,232.66
2025-06-19,DE-HH,herbal-tea,16,69.65
2025-06-19,DE-HH,basil-seeds,7,15.78
2025-06-19,DE-HH,mint-oil,5,53.76
2025-06-19,DE-HH,dried-sage,5,33.49
2025-06-19,FR-IDF,herbal-tea,80,367.07
2025-06-19,FR-IDF,basil-seeds,46,101.87
2025-06-19,FR-IDF,mint-oil,32,337.59
2025-06-19,FR-IDF,dried-sage,37,257.38
2025-06-19,FR-ARA,herbal-tea,73,343.8
2025-06-19,FR-ARA,basil-seeds,31,70.02
2025-06-19,FR-ARA,mint-oil,25,271.55
2025-06-19,FR-ARA,dried-sage,20,130.31
2025-06-19,NL-NH,herbal-tea,22,102.34
2025-06-19,NL-NH,basil-seeds,7,15.62
2025-06-19,NL-NH,mint-oil,10,112.81
2025-06-19,NL-NH,dried-sage,8,52.4
2025-06-19,ES-MD,herbal-tea,75,326.63
2025-06-19,ES-MD,basil-seeds,23,48.78
2025-06-19,ES-MD,mint-oil,19,202.48
2025-06-19,ES-MD,dried-sage,23,162.4
2025-06-19,IT-LOM,herbal-tea,87,399.23
2025-06-19,IT-LOM,basil-seeds,35,75.19
2025-06-19,IT-LOM,mint-oil,20,216.67
2025-06-19,IT-LOM,dried-sage,30,206.89
2025-06-20,DE-BE,herbal-tea,20,92.99
2025-06-20,DE-BE,basil-seeds,12,25.18
2025-06-20,DE-BE,mint-oil,13,143.54
2025-06-20,DE-BE,dried-sage,9,59.43
2025-06-20,DE-BY,herbal-tea,99,459.35
2025-06-20,DE-BY,basil-seeds,31,70.22
2025-06-20,DE-BY,mint-oil,44,484.18
2025-06-20,DE-BY,dried-sage,55,386.34
2025-06-20,DE-HH,herbal-tea,15,69.35
2025-06-20,DE-HH,basil-seeds,5,10.73
2025-06-20,DE-HH,mint-oil,5,52.88
2025-06-20,DE-HH,dried-sage,5,34.54
2025-06-20,FR-IDF,herbal-tea,103,467.52
2025-06-20,FR-IDF,basil-seeds,41,89.05
2025-06-20,FR-IDF,mint-oil,27,283.16
2025-06-20,FR-IDF,dried-sage,45,312.16
2025-06-20,FR-ARA,herbal-tea,42,179.7
2025-06-20,FR-ARA,basil-seeds,15,32.74
2025-06-20,FR-ARA,mint-oil,19,200.64
2025-06-20,FR-ARA,dried-sage,31,219.51
2025-06-20,NL-NH,herbal-tea,21,91.53
2025-06-20,NL-NH,basil-seeds,11,23.04
2025-06-20,NL-NH,mint-oil,9,99.75
2025-06-20,NL-NH,dried-sage,6,40.53
2025-06-20,ES-MD,herbal-tea,33,144.83
2025-06-20,ES-MD,basil-seeds,26,56.47
2025-06-20,ES-MD,mint-oil,16,172.48
2025-06-20,ES-MD,dried-sage,27,192.24
2025-06-20,IT-LOM,herbal-tea,104,486.76
2025-06-20,IT-LOM,basil-seeds,21,46.23
2025-06-20,IT-LOM,mint-oil,18,206.99
2025-06-20,IT-LOM,dried-sage,36,242.37
2025-06-21,DE-BE,herbal-tea,35,164.15
2025-06-21,DE-BE,basil-seeds,10,22.85
2025-06-21,DE-BE,mint-oil,16,170.69
2025-06-21,DE-BE,dried-sage,8,56.97
2025-06-21,DE-BY,herbal-tea,91,402.67
2025-06-21,DE-BY,basil-seeds,28,64.43
2025-06-21,DE-BY,mint-oil,42,474.28
2025-06-21,DE-BY,dried-sage,32,224.16
2025-06-21,DE-HH,herbal-tea,10,42.75
2025-06-21,DE-HH,basil-seeds,5,10.61
2025-06-21,DE-HH,mint-oil,5,52.69
2025-06-21,DE-HH,dried-sage,4,26.48
2025-06-21,FR-IDF,herbal-tea,86,377.12
2025-06-21,FR-IDF,basil-seeds,35,78.42
2025-06-21,FR-IDF,mint-oil,36,395.1
2025-06-21,FR-IDF,dried-sage,23,153.97
2025-06-21,FR-ARA,herbal-tea,30,137.68
2025-06-21,FR-ARA,basil-seeds,22,50.4
2025-06-21,FR-ARA,mint-oil,15,168.4
2025-06-21,FR-ARA,dried-sage,10,69.79
2025-06-21,NL-NH,herbal-tea,22,101.6
2025-06-21,NL-NH,basil-seeds,8,16.96
2025-06-21,NL-NH,mint-oil,8,90.81
2025-06-21,NL-NH,dried-sage,2,13.91
2025-06-21,ES-MD,herbal-tea,34,146.45
2025-06-21,ES-MD,basil-seeds,19,41.75
2025-06-21,ES-MD,mint-oil,17,181.8
2025-06-21,ES-MD,dried-sage,10,68.74
2025-06-21,IT-LOM,herbal-tea,70,309.96
2025-06-21,IT-LOM,basil-seeds,18,40.88
2025-06-21,IT-LOM,mint-oil,15,171.84
2025-06-21,IT-LOM,dried-sage,17,117.28
2025-06-22,DE-BE,herbal-tea,29,126.73
2025-06-22,DE-BE,basil-seeds,11,24.04
2025-06-22,DE-BE,mint-oil,7,76.43
2025-06-22,DE-BE,dried-sage,13,86.5
2025-06-22,DE-BY,herbal-tea,53,227.41
2025-06-22,DE-BY,basil-seeds,46,105.84
2025-06-22,DE-BY,mint-oil,28,313.62
2025-06-22,DE-BY,dried-sage,36,252.98
2025-06-22,DE-HH,herbal-tea,11,50.42
2025-06-22,DE-HH,basil-seeds,4,8.45
2025-06-22,DE-HH,mint-oil,6,62.78
2025-06-22,DE-HH,dried-sage,2,13.35
2025-06-22,FR-IDF,herbal-tea,61,273.26
2025-06-22,FR-IDF,basil-seeds,27,59.32
2025-06-22,FR-IDF,mint-oil,40,451.94
2025-06-22,FR-IDF,dried-sage,28,186.65
2025-06-22,FR-ARA,herbal-tea,53,240.97
2025-06-22,FR-ARA,basil-seeds,29,65.73
2025-06-22,FR-ARA,mint-oil,15,164.56
2025-06-22,FR-ARA,dried-sage,22,147.13
2025-06-22,NL-NH,herbal-tea,14,64.8
2025-06-22,NL-NH,basil-seeds,7,16.14
2025-06-22,NL-NH,mint-oil,5,55.96
2025-06-22,NL-NH,dried-sage,7,45.94
2025-06-22,ES-MD,herbal-tea,30,136.22
2025-06-22,ES-MD,basil-seeds,27,57.6
2025-06-22,ES-MD,mint-oil,20,219.01
2025-06-22,ES-MD,dried-sage,9,58.44
2025-06-22,IT-LOM,herbal-tea,66,296.69
2025-06-22,IT-LOM,basil-seeds,29,62.95
2025-06-22,IT-LOM,mint-oil,34,364.74
2025-06-22,IT-LOM,dried-sage,18,120.41
2025-06-23,DE-BE,herbal-tea,26,117.5
2025-06-23,DE-BE,basil-seeds,16,34.07
2025-06-23,DE-BE,mint-oil,11,118.88
2025-06-23,DE-BE,dried-sage,12,82.71
2025-06-23,DE-BY,herbal-tea,86,369.07
2025-06-23,DE-BY,basil-seeds,34,76.59
2025-06-23,DE-BY,mint-oil,40,422.16
2025-06-23,DE-BY,dried-sage,44,305.99
2025-06-23,DE-HH,herbal-tea,12,52.78
2025-06-23,DE-HH,basil-seeds,4,9.22
2025-06-23,DE-HH,mint-oil,5,56.79
2025-06-23,DE-HH,dried-sage,4,28.11
2025-06-23,FR-IDF,herbal-tea,94,421.24
2025-06-23,FR-IDF,basil-seeds,25,52.67
2025-06-23,FR-IDF,mint-oil,33,380.31
2025-06-23,FR-IDF,dried-sage,40,275.75
2025-06-23,FR-ARA,herbal-tea,76,358.43
2025-06-23,FR-ARA,basil-seeds,20,42.15
2025-06-23,FR-ARA,mint-oil,33,360.19
2025-06-23,FR-ARA,dried-sage,19,123.03
2025-06-23,NL-NH,herbal-tea,27,123.36
2025-06-23,NL-NH,basil-seeds,8,18.27
2025-06-23,NL-NH,mint-oil,10,105.78
2025-06-23,NL-NH,dried-sage,6,39.54
2025-06-23,ES-MD,herbal-tea,54,243.34
2025-06-23,ES-MD,basil-seeds,24,54.67
2025-06-23,ES-MD,mint-oil,20,217.23
2025-06-23,ES-MD,dried-sage,29,196.67
2025-06-23,IT-LOM,herbal-tea,81,373.5
2025-06-23,IT-LOM,basil-seeds,22,49.75
2025-06-23,IT-LOM,mint-oil,28,311.22
2025-06-23,IT-LOM,dried-sage,41,290.22
2025-06-24,DE-BE,herbal-tea,28,124.83
2025-06-24,DE-BE,basil-seeds,9,18.85
2025-06-24,DE-BE,mint-oil,10,107.44
2025-06-24,DE-BE,dried-sage,12,82.41
2025-06-24,DE-BY,herbal-tea,130,568.7
2025-06-24,DE-BY,basil-seeds,38,79.57
2025-06-24,DE-BY,mint-oil,38,409.13
2025-06-24,DE-BY,dried-sage,43,298.6
2025-06-24,DE-HH,herbal-tea,17,77.53
2025-06-24,DE-HH,basil-seeds,4,8.65
2025-06-24,DE-HH,mint-oil,3,31.39
2025-06-24,DE-HH,dried-sage,7,46.84
2025-06-24,FR-IDF,herbal-tea,83,372.08
2025-06-24,FR-IDF,basil-seeds,45,101.4
2025-06-24,FR-IDF,mint-oil,40,447.61
2025-06-24,FR-IDF,dried-sage,50,331.69
2025-06-24,FR-ARA,herbal-tea,96,452.21
2025-06-24,FR-ARA,basil-seeds,26,57.95
2025-06-24,FR-ARA,mint-oil,19,202.89
2025-06-24,FR-ARA,dried-sage,22,156.85
2025-06-24,NL-NH,herbal-tea,20,88.34
2025-06-24,NL-NH,basil-seeds,10,22.38
2025-06-24,NL-NH,mint-oil,11,116.97
2025-06-24,NL-NH,dried-sage,9,60.29
2025-06-24,ES-MD,herbal-tea,13,55.71
2025-06-24,ES-MD,basil-seeds,27,62.21
2025-06-24,ES-MD,mint-oil,14,149.91
2025-06-24,ES-MD,dried-sage,18,127.56
2025-06-24,IT-LOM,herbal-tea,98,456.42
2025-06-24,IT-LOM,basil-seeds,37,78.12
2025-06-24,IT-LOM,mint-oil,34,376.65
2025-06-24,IT-LOM,dried-sage,52,342.24
2025-06-25,DE-BE,herbal-tea,38,175.01
2025-06-25,DE-BE,basil-seeds,15,32.67
2025-06-25,DE-BE,mint-oil,7,76.37
2025-06-25,DE-BE,dried-sage,14,96.14
2025-06-25,DE-BY,herbal-tea,96,414.96
2025-06-25,DE-BY,basil-seeds,48,109.66
2025-06-25,DE-BY,mint-oil,56,604.77
2025-06-25,DE-BY,dried-sage,35,238.85
2025-06-25,DE-HH,herbal-tea,9,40.48
2025-06-25,DE-HH,basil-seeds,7,15.34
2025-06-25,DE-HH,mint-oil,6,68.8
2025-06-25,DE-HH,dried-sage,4,26.32
2025-06-25,FR-IDF,herbal-tea,90,398.28
2025-06-25,FR-IDF,basil-seeds,47,103.03
2025-06-25,FR-IDF,mint-oil,46,500.1
2025-06-25,FR-IDF,dried-sage,54,372.82
2025-06-25,FR-ARA,herbal-tea,81,369.47
2025-06-25,FR-ARA,basil-seeds,23,51.2
2025-06-25,FR-ARA,mint-oil,29,334.92
2025-06-25,FR-ARA,dried-sage,30,206.03
2025-06-25,NL-NH,herbal-tea,22,97.27
2025-06-25,NL-NH,basil-seeds,3,6.43
2025-06-25,NL-NH,mint-oil,6,63.3
2025-06-25,NL-NH,dried-sage,7,46.98
2025-06-25,ES-MD,herbal-tea,53,242.18
2025-06-25,ES-MD,basil-seeds,9,19.9
2025-06-25,ES-MD,mint-oil,27,286.94
2025-06-25,ES-MD,dried-sage,13,87.24
2025-06-25,IT-LOM,herbal-tea,88,413.31
2025-06-25,IT-LOM,basil-seeds,26,59.61
2025-06-25,IT-LOM,mint-oil,27,308.72
2025-06-25,IT-LOM,dried-sage,35,231.03
2025-06-26,DE-BE,herbal-tea,25,113.66
2025-06-26,DE-BE,basil-seeds,12,27.69
2025-06-26,DE-BE,mint-oil,13,143.0
2025-06-26,DE-BE,dried-sage,4,26.14
2025-06-26,DE-BY,herbal-tea,87,407.95
2025-06-26,DE-BY,basil-seeds,34,72.25
2025-06-26,DE-BY,mint-oil,15,156.86
2025-06-26,DE-BY,dried-sage,46,298.17
2025-06-26,DE-HH,herbal-tea,11,51.95
2025-06-26,DE-HH,basil-seeds,3,6.84
2025-06-26,DE-HH,mint-oil,7,75.15
2025-06-26,DE-HH,dried-sage,6,41.68
2025-06-26,FR-IDF,herbal-tea,128,584.47
2025-06-26,FR-IDF,basil-seeds,47,103.75
2025-06-26,FR-IDF,mint-oil,47,528.69
2025-06-26,FR-IDF,dried-sage,38,253.05
2025-06-26,FR-ARA,herbal-tea,40,184.84
2025-06-26,FR-ARA,basil-seeds,31,67.27
2025-06-26,FR-ARA,mint-oil,22,245.62
2025-06-26,FR-ARA,dried-sage,17,114.77
2025-06-26,NL-NH,herbal-tea,25,109.83
2025-06-26,NL-NH,basil-seeds,9,20.44
2025-06-26,NL-NH,mint-oil,8,85.09
2025-06-26,NL-NH,dried-sage,7,47.19
2025-06-26,ES-MD,herbal-tea,38,176.05
2025-06-26,ES-MD,basil-seeds,30,64.09
2025-06-26,ES-MD,mint-oil,26,273.82
2025-06-26,ES-MD,dried-sage,24,169.71
2025-06-26,IT-LOM,herbal-tea,65,285.48
2025-06-26,IT-LOM,basil-seeds,30,64.65
2025-06-26,IT-LOM,mint-oil,17,190.73
2025-06-26,IT-LOM,dried-sage,34,232.78
2025-06-27,DE-BE,herbal-tea,20,86.83
2025-06-27,DE-BE,basil-seeds,8,17.23
2025-06-27,DE-BE,mint-oil,12,130.19
2025-06-27,DE-BE,dried-sage,14,93.21
2025-06-27,DE-BY,herbal-tea,121,551.79
2025-06-27,DE-BY,basil-seeds,38,83.39
2025-06-27,DE-BY,mint-oil,32,360.58
2025-06-27,DE-BY,dried-sage,43,298.1
2025-06-27,DE-HH,herbal-tea,17,75.61
2025-06-27,DE-HH,basil-seeds,6,13.38
2025-06-27,DE-HH,mint-oil,6,64.7
2025-06-27,DE-HH,dried-sage,5,34.29
2025-06-27,FR-IDF,herbal-tea,95,437.99
2025-06-27,FR-IDF,basil-seeds,51,117.77
2025-06-27,FR-IDF,mint-oil,26,276.57
2025-06-27,FR-IDF,dried-sage,43,287.84
2025-06-27,FR-ARA,herbal-tea,82,362.15
2025-06-27,FR-ARA,basil-seeds,34,73.86
2025-06-27,FR-ARA,mint-oil,28,297.81
2025-06-27,FR-ARA,dried-sage,19,129.53
2025-06-27,NL-NH,herbal-tea,29,124.16
2025-06-27,NL-NH,basil-seeds,13,29.88
2025-06-27,NL-NH,mint-oil,7,74.88
2025-06-27,NL-NH,dried-sage,10,66.49
2025-06-27,ES-MD,herbal-tea,59,269.48
2025-06-27,ES-MD,basil-seeds,11,23.85
2025-06-27,ES-MD,mint-oil,9,103.02
2025-06-27,ES-MD,dried-sage,23,161.72
2025-06-27,IT-LOM,herbal-tea,99,446.57
2025-06-27,IT-LOM,basil-seeds,19,40.66
2025-06-27,IT-LOM,mint-oil,33,359.32
2025-06-27,IT-LOM,dried-sage,40,261.09
2025-06-28,DE-BE,herbal-tea,24,108.58
2025-06-28,DE-BE,basil-seeds,10,22.08
2025-06-28,DE-BE,mint-oil,9,103.66
2025-06-28,DE-BE,dried-sage,3,19.49
2025-06-28,DE-BY,herbal-tea,72,316.1
2025-06-28,DE-BY,basil-seeds,31,69.83
2025-06-28,DE-BY,mint-oil,28,300.15
2025-06-28,DE-BY,dried-sage,20,138.58
2025-06-28,DE-HH,herbal-tea,11,50.04
2025-06-28,DE-HH,basil-seeds,4,8.85
2025-06-28,DE-HH,mint-oil,5,56.82
2025-06-28,DE-HH,dried-sage,5,32.52
2025-06-28,FR-IDF,herbal-tea,107,460.36
2025-06-28,FR-IDF,basil-seeds,24,51.36
2025-06-28,FR-IDF,mint-oil,20,219.21
2025-06-28,FR-IDF,dried-sage,25,170.63
2025-06-28,FR-ARA,herbal-tea,57,259.93
2025-06-28,FR-ARA,basil-seeds,15,32.0
2025-06-28,FR-ARA,mint-oil,22,234.68
2025-06-28,FR-ARA,dried-sage,22,150.23
2025-06-28,NL-NH,herbal-tea,21,95.16
2025-06-28,NL-NH,basil-seeds,10,22.18
2025-06-28,NL-NH,mint-oil,8,91.4
2025-06-28,NL-NH,dried-sage,6,41.93
2025-06-28,ES-MD,herbal-tea,55,250.33
2025-06-28,ES-MD,basil-seeds,26,56.95
2025-06-28,ES-MD,mint-oil,26,288.9
2025-06-28,ES-MD,dried-sage,17,115.51
2025-06-28,IT-LOM,herbal-tea,78,351.5
2025-06-28,IT-LOM,basil-seeds,33,75.88
2025-06-28,IT-LOM,mint-oil,20,214.48
2025-06-28,IT-LOM,dried-sage,39,259.24
2025-06-29,DE-BE,herbal-tea,20,89.46
2025-06-29,DE-BE,basil-seeds,8,18.44
2025-06-29,DE-BE,mint-oil,13,140.41
2025-06-29,DE-BE,dried-sage,8,56.98
2025-06-29,DE-BY,herbal-tea,75,322.84
2025-06-29,DE-BY,basil-seeds,35,76.48
2025-06-29,DE-BY,mint-oil,26,284.38
2025-06-29,DE-BY,dried-sage,55,379.16
2025-06-29,DE-HH,herbal-tea,10,46.25
2025-06-29,DE-HH,basil-seeds,4,9.03
2025-06-29,DE-HH,mint-oil,5,54.01
2025-06-29,DE-HH,dried-sage,6,40.92
2025-06-29,FR-IDF,herbal-tea,99,450.38
2025-06-29,FR-IDF,basil-seeds,35,77.55
2025-06-29,FR-IDF,mint-oil,34,383.96
2025-06-29,FR-IDF,dried-sage,35,244.8
2025-06-29,FR-ARA,herbal-tea,68,295.51
2025-06-29,FR-ARA,basil-seeds,14,32.21
2025-06-29,FR-ARA,mint-oil,29,328.21
2025-06-29,FR-ARA,dried-sage,19,132.81
2025-06-29,NL-NH,herbal-tea,18,80.77
2025-06-29,NL-NH,basil-seeds,12,27.34
2025-06-29,NL-NH,mint-oil,7,75.72
2025-06-29,NL-NH,dried-sage,8,53.61
2025-06-29,ES-MD,herbal-tea,46,205.45
2025-06-29,ES-MD,basil-seeds,11,23.94
2025-06-29,ES-MD,mint-oil,9,98.05
2025-06-29,ES-MD,dried-sage,21,149.49
2025-06-29,IT-LOM,herbal-tea,46,216.83
2025-06-29,IT-LOM,basil-seeds,36,81.32
2025-06-29,IT-LOM,mint-oil,37,395.14
2025-06-29,IT-LOM,dried-sage,26,180.63
2025-06-30,DE-BE,herbal-tea,28,123.76
2025-06-30,DE-BE,basil-seeds,14,31.7
2025-06-30,DE-BE,mint-oil,9,96.02
2025-06-30,DE-BE,dried-sage,14,92.49
2025-06-30,DE-BY,herbal-tea,54,233.45
2025-06-30,DE-BY,basil-seeds,39,83.6
2025-06-30,DE-BY,mint-oil,34,382.28
2025-06-30,DE-BY,dried-sage,50,338.98
2025-06-30,DE-HH,herbal-tea,16,73.15
2025-06-30,DE-HH,basil-seeds,5,11.21
2025-06-30,DE-HH,mint-oil,7,75.31
2025-06-30,DE-HH,dried-sage,4,27.49
2025-06-30,FR-IDF,herbal-tea,90,410.65
2025-06-30,FR-IDF,basil-seeds,39,83.88
2025-06-30,FR-IDF,mint-oil,22,232.59
2025-06-30,FR-IDF,dried-sage,52,340.67
2025-06-30,FR-ARA,herbal-tea,64,295.93
2025-06-30,FR-ARA,basil-seeds,18,39.26
2025-06-30,FR-ARA,mint-oil,26,280.25
2025-06-30,FR-ARA,dried-sage,27,178.09
2025-06-30,NL-NH,herbal-tea,27,122.38
2025-06-30,NL-NH,basil-seeds,9,20.32
2025-06-30,NL-NH,mint-oil,8,86.16
2025-06-30,NL-NH,dried-sage,11,71.22
2025-06-30,ES-MD,herbal-tea,55,254.58
2025-06-30,ES-MD,basil-seeds,18,40.44
2025-06-30,ES-MD,mint-oil,16,183.13
2025-06-30,ES-MD,dried-sage,29,196.13
2025-06-30,IT-LOM,herbal-tea,89,399.23
2025-06-30,IT-LOM,basil-seeds,26,56.98
2025-06-30,IT-LOM,mint-oil,24,269.39
2025-06-30,IT-LOM,dried-sage,39,258.71
2025-07-01,DE-BE,herbal-tea,30,129.86
2025-07-01,DE-BE,basil-seeds,11,23.98
2025-07-01,DE-BE,mint-oil,8,84.02
2025-07-01,DE-BE,dried-sage,13,88.65
2025-07-01,DE-BY,herbal-tea,134,573.83
2025-07-01,DE-BY,basil-seeds,33,72.14
2025-07-01,DE-BY,mint-oil,51,577.73
2025-07-01,DE-BY,dried-sage,42,293.89
2025-07-01,DE-HH,herbal-tea,10,45.6
2025-07-01,DE-HH,basil-seeds,5,11.26
2025-07-01,DE-HH,mint-oil,2,22.62
2025-07-01,DE-HH,dried-sage,4,27.29
2025-07-01,FR-IDF,herbal-tea,112,483.22
2025-07-01,FR-IDF,basil-seeds,19,43.57
2025-07-01,FR-IDF,mint-oil,14,157.88
2025-07-01,FR-IDF,dried-sage,18,125.67
2025-07-01,FR-ARA,herbal-tea,53,237.34
2025-07-01,FR-ARA,basil-seeds,26,59.38
2025-07-01,FR-ARA,mint-oil,23,242.2
2025-07-01,FR-ARA,dried-sage,15,103.51
2025-07-01,NL-NH,herbal-tea,19,87.15
2025-07-01,NL-NH,basil-seeds,11,24.97
2025-07-01,NL-NH,mint-oil,8,88.66
2025-07-01,NL-NH,dried-sage,9,58.18
2025-07-01,ES-MD,herbal-tea,56,245.08
2025-07-01,ES-MD,basil-seeds,19,41.5
2025-07-01,ES-MD,mint-oil,20,223.84
2025-07-01,ES-MD,dried-sage,24,160.37
2025-07-01,IT-LOM,herbal-tea,51,235.69
2025-07-01,IT-LOM,basil-seeds,32,70.92
2025-07-01,IT-LOM,mint-oil,20,228.08
2025-07-01,IT-LOM,dried-sage,42,275.68
2025-07-02,DE-BE,herbal-tea,31,135.06
2025-07-02,DE-BE,basil-seeds,9,18.86
2025-07-02,DE-BE,mint-oil,7,79.15
2025-07-02,DE-BE,dried-sage,8,54.62
2025-07-02,DE-BY,herbal-tea,129,569.78
2025-07-02,DE-BY,basil-seeds,37,79.2
2025-07-02,DE-BY,mint-oil,42,458.5
2025-07-02,DE-BY,dried-sage,48,318.93
2025-07-02,DE-HH,herbal-tea,17,75.39
2025-07-02,DE-HH,basil-seeds,5,10.6
2025-07-02,DE-HH,mint-oil,6,68.21
2025-07-02,DE-HH,dried-sage,4,26.86
2025-07-02,FR-IDF,herbal-tea,60,276.48
2025-07-02,FR-IDF,basil-seeds,42,91.3
2025-07-02,FR-IDF,mint-oil,28,298.93
2025-07-02,FR-IDF,dried-sage,39,262.03
2025-07-02,FR-ARA,herbal-tea,67,291.7
2025-07-02,FR-ARA,basil-seeds,21,48.11
2025-07-02,FR-ARA,mint-oil,23,259.49
2025-07-02,FR-ARA,dried-sage,21,137.38
2025-07-02,NL-NH,herbal-tea,15,69.19
2025-07-02,NL-NH,basil-seeds,9,19.44
2025-07-02,NL-NH,mint-oil,11,124.63
2025-07-02,NL-NH,dried-sage,14,93.87
2025-07-02,ES-MD,herbal-tea,54,241.95
2025-07-02,ES-MD,basil-seeds,23,48.11
2025-07-02,ES-MD,mint-oil,22,250.65
2025-07-02,ES-MD,dried-sage,15,100.52
2025-07-02,IT-LOM,herbal-tea,116,518.56
2025-07-02,IT-LOM,basil-seeds,25,56.91
2025-07-02,IT-LOM,mint-oil,20,210.86
2025-07-02,IT-LOM,dried-sage,58,400.06
2025-07-03,DE-BE,herbal-tea,24,112.87
2025-07-03,DE-BE,basil-seeds,13,27.96
2025-07-03,DE-BE,mint-oil,10,106.05
2025-07-03,DE-BE,dried-sage,9,59.66
2025-07-03,DE-BY,herbal-tea,94,408.44
2025-07-03,DE-BY,basil-seeds,38,85.23
2025-07-03,DE-BY,mint-oil,40,453.3
2025-07-03,DE-BY,dried-sage,36,253.77
2025-07-03,DE-HH,herbal-tea,13,58.0
2025-07-03,DE-HH,basil-seeds,4,8.5
2025-07-03,DE-HH,mint-oil,7,80.58
2025-07-03,DE-HH,dried-sage,8,55.72
2025-07-03,FR-IDF,herbal-tea,103,481.07
2025-07-03,FR-IDF,basil-seeds,31,65.54
2025-07-03,FR-IDF,mint-oil,42,453.04
2025-07-03,FR-IDF,dried-sage,46,316.72
2025-07-03,FR-ARA,herbal-tea,75,331.46
2025-07-03,FR-ARA,basil-seeds,21,47.51
2025-07-03,FR-ARA,mint-oil,18,188.78
2025-07-03,FR-ARA,dried-sage,35,246.85
2025-07-03,NL-NH,herbal-tea,25,111.12
2025-07-03,NL-NH,basil-seeds,8,17.77
2025-07-03,NL-NH,mint-oil,7,73.27
2025-07-03,NL-NH,dried-sage,8,56.56
2025-07-03,ES-MD,herbal-tea,89,384.98
2025-07-03,ES-MD,basil-seeds,29,63.64
2025-07-03,ES-MD,mint-oil,30,331.21
2025-07-03,ES-MD,dried-sage,19,124.48
2025-07-03,IT-LOM,herbal-tea,57,251.66
2025-07-03,IT-LOM,basil-seeds,23,50.45
2025-07-03,IT-LOM,mint-oil,33,368.68
2025-07-03,IT-LOM,dried-sage,27,181.13
2025-07-04,DE-BE,herbal-tea,21,94.29
2025-07-04,DE-BE,basil-seeds,8,18.04
2025-07-04,DE-BE,mint-oil,12,128.29
2025-07-04,DE-BE,dried-sage,10,65.48
2025-07-04,DE-BY,herbal-tea,124,534.69
2025-07-04,DE-BY,basil-seeds,37,78.1
2025-07-04,DE-BY,mint-oil,22,232.45
2025-07-04,DE-BY,dried-sage,52,343.92
2025-07-04,DE-HH,herbal-tea,17,75.19
2025-07-04,DE-HH,basil-seeds,7,16.13
2025-07-04,DE-HH,mint-oil,4,44.34
2025-07-04,DE-HH,dried-sage,4,28.24
2025-07-04,FR-IDF,herbal-tea,98,437.56
2025-07-04,FR-IDF,basil-seeds,31,69.3
2025-07-04,FR-IDF,mint-oil,17,178.29
2025-07-04,FR-IDF,dried-sage,26,183.98
2025-07-04,FR-ARA,herbal-tea,61,266.21
2025-07-04,FR-ARA,basil-seeds,25,53.25
2025-07-04,FR-ARA,mint-oil,25,283.11
2025-07-04,FR-ARA,dried-sage,25,164.25
2025-07-04,NL-NH,herbal-tea,20,89.85
2025-07-04,NL-NH,basil-seeds,11,23.82
2025-07-04,NL-NH,mint-oil,6,66.51
2025-07-04,NL-NH,dried-sage,5,33.84
2025-07-04,ES-MD,herbal-tea,59,266.72
2025-07-04,ES-MD,basil-seeds,27,57.13
2025-07-04,ES-MD,mint-oil,18,206.39
2025-07-04,ES-MD,dried-sage,29,193.99
2025-07-04,IT-LOM,herbal-tea,92,426.71
2025-07-04,IT-LOM,basil-seeds,26,57.13
2025-07-04,IT-LOM,mint-oil,19,212.51
2025-07-04,IT-LOM,dried-sage,26,174.01
2025-07-05,DE-BE,herbal-tea,23,102.11
2025-07-05,DE-BE,basil-seeds,9,20.08
2025-07-05,DE-BE,mint-oil,11,117.7
2025-07-05,DE-BE,dried-sage,9,60.94
2025-07-05,DE-BY,herbal-tea,116,511.34
2025-07-05,DE-BY,basil-seeds,42,95.85
2025-07-05,DE-BY,mint-oil,30,345.98
2025-07-05,DE-BY,dried-sage,44,286.72
2025-07-05,DE-HH,herbal-tea,15,66.81
2025-07-05,DE-HH,basil-seeds,3,6.89
2025-07-05,DE-HH,mint-oil,5,56.87
2025-07-05,DE-HH,dried-sage,4,26.44
2025-07-05,FR-IDF,herbal-tea,123,545.42
2025-07-05,FR-IDF,basil-seeds,32,71.11
2025-07-05,FR-IDF,mint-oil,41,452.13
2025-07-05,FR-IDF,dried-sage,46,322.19
2025-07-05,FR-ARA,herbal-tea,47,220.96
2025-07-05,FR-ARA,basil-seeds,24,52.96
2025-07-05,FR-ARA,mint-oil,18,191.38
2025-07-05,FR-ARA,dried-sage,22,151.61
2025-07-05,NL-NH,herbal-tea,11,50.74
2025-07-05,NL-NH,basil-seeds,4,8.49
2025-07-05,NL-NH,mint-oil,10,113.94
2025-07-05,NL-NH,dried-sage,6,39.9
2025-07-05,ES-MD,herbal-tea,79,348.27
2025-07-05,ES-MD,basil-seeds,14,32.03
2025-07-05,ES-MD,mint-oil,28,307.01
2025-07-05,ES-MD,dried-sage,15,98.29
2025-07-05,IT-LOM,herbal-tea,68,298.39
2025-07-05,IT-LOM,basil-seeds,25,55.31
2025-07-05,IT-LOM,mint-oil,19,211.36
2025-07-05,IT-LOM,dried-sage,41,291.6
2025-07-06,DE-BE,herbal-tea,33,143.21
2025-07-06,DE-BE,basil-seeds,10,22.71
2025-07-06,DE-BE,mint-oil,10,114.96
2025-07-06,DE-BE,dried-sage,4,26.5
2025-07-06,DE-BY,herbal-tea,99,440.64
2025-07-06,DE-BY,basil-seeds,20,42.65
2025-07-06,DE-BY,mint-oil,36,414.35
2025-07-06,DE-BY,dried-sage,30,199.43
2025-07-06,DE-HH,herbal-tea,14,64.51
2025-07-06,DE-HH,basil-seeds,4,9.19
2025-07-06,DE-HH,mint-oil,5,55.95
2025-07-06,DE-HH,dried-sage,6,41.86
2025-07-06,FR-IDF,herbal-tea,95,419.43
2025-07-06,FR-IDF,basil-seeds,31,65.49
2025-07-06,FR-IDF,mint-oil,24,268.24
2025-07-06,FR-IDF,dried-sage,23,153.25
2025-07-06,FR-ARA,herbal-tea,74,331.48
2025-07-06,FR-ARA,basil-seeds,27,56.85
2025-07-06,FR-ARA,mint-oil,33,357.24
2025-07-06,FR-ARA,dried-sage,18,119.61
2025-07-06,NL-NH,herbal-tea,25,116.9
2025-07-06,NL-NH,basil-seeds,7,14.8
2025-07-06,NL-NH,mint-oil,4,45.66
2025-07-06,NL-NH,dried-sage,8,55.44
2025-07-06,ES-MD,herbal-tea,53,231.93
2025-07-06,ES-MD,basil-seeds,9,19.01
2025-07-06,ES-MD,mint-oil,24,266.61
2025-07-06,ES-MD,dried-sage,17,114.01
2025-07-06,IT-LOM,herbal-tea,88,409.33
2025-07-06,IT-LOM,basil-seeds,17,39.13
2025-07-06,IT-LOM,mint-oil,16,182.43
2025-07-06,IT-LOM,dried-sage,30,199.52
2025-07-07,DE-BE,herbal-tea,30,131.65
2025-07-07,DE-BE,basil-seeds,9,19.82
2025-07-07,DE-BE,mint-oil,6,69.19
2025-07-07,DE-BE,dried-sage,14,91.23
2025-07-07,DE-BY,herbal-tea,145,635.71
2025-07-07,DE-BY,basil-seeds,50,109.94
2025-07-07,DE-BY,mint-oil,27,285.24
2025-07-07,DE-BY,dried-sage,32,223.71
2025-07-07,DE-HH,herbal-tea,13,60.47
2025-07-07,DE-HH,basil-seeds,3,6.52
2025-07-07,DE-HH,mint-oil,2,21.74
2025-07-07,DE-HH,dried-sage,5,34.35
2025-07-07,FR-IDF,herbal-tea,61,286.96
2025-07-07,FR-IDF,basil-seeds,28,62.07
2025-07-07,FR-IDF,mint-oil,48,520.65
2025-07-07,FR-IDF,dried-sage,47,325.12
2025-07-07,FR-ARA,herbal-tea,78,347.27
2025-07-07,FR-ARA,basil-seeds,20,45.07
2025-07-07,FR-ARA,mint-oil,18,204.97
2025-07-07,FR-ARA,dried-sage,33,226.05
2025-07-07,NL-NH,herbal-tea,9,41.77
2025-07-07,NL-NH,basil-seeds,8,17.83
2025-07-07,NL-NH,mint-oil,9,94.3
2025-07-07,NL-NH,dried-sage,5,34.23
2025-07-07,ES-MD,herbal-tea,87,375.79
2025-07-07,ES-MD,basil-seeds,22,50.44
2025-07-07,ES-MD,mint-oil,23,261.84
2025-07-07,ES-MD,dried-sage,12,79.59
2025-07-07,IT-LOM,herbal-tea,87,410.04
2025-07-07,IT-LOM,basil-seeds,23,49.33
2025-07-07,IT-LOM,mint-oil,27,295.76
2025-07-07,IT-LOM,dried-sage,30,214.02
2025-07-08,DE-BE,herbal-tea,29,126.71
2025-07-08,DE-BE,basil-seeds,16,36.15
2025-07-08,DE-BE,mint-oil,9,98.02
2025-07-08,DE-BE,dried-sage,10,66.97
2025-07-08,DE-BY,herbal-tea,127,591.88
2025-07-08,DE-BY,basil-seeds,22,47.6
2025-07-08,DE-BY,mint-oil,27,306.99
2025-07-08,DE-BY,dried-sage,29,191.83
2025-07-08,DE-HH,herbal-tea,15,69.0
2025-07-08,DE-HH,basil-seeds,5,11.15
2025-07-08,DE-HH,mint-oil,5,53.27
2025-07-08,DE-HH,dried-sage,7,47.04
2025-07-08,FR-IDF,herbal-tea,94,416.68
2025-07-08,FR-IDF,basil-seeds,51,115.63
2025-07-08,FR-IDF,mint-oil,49,563.76
2025-07-08,FR-IDF,dried-sage,27,180.35
2025-07-08,FR-ARA,herbal-tea,81,379.4
2025-07-08,FR-ARA,basil-seeds,29,65.08
2025-07-08,FR-ARA,mint-oil,14,154.59
2025-07-08,FR-ARA,dried-sage,20,134.61
2025-07-08,NL-NH,herbal-tea,22,94.95
2025-07-08,NL-NH,basil-seeds,7,15.55
2025-07-08,NL-NH,mint-oil,10,107.4
2025-07-08,NL-NH,dried-sage,7,48.63
2025-07-08,ES-MD,herbal-tea,41,192.27
2025-07-08,ES-MD,basil-seeds,19,40.14
2025-07-08,ES-MD,mint-oil,29,331.36
2025-07-08,ES-MD,dried-sage,18,119.88
2025-07-08,IT-LOM,herbal-tea,72,340.18
2025-07-08,IT-LOM,basil-seeds,28,61.25
2025-07-08,IT-LOM,mint-oil,39,436.19
2025-07-08,IT-LOM,dried-sage,32,212.68
2025-07-09,DE-BE,herbal-tea,16,75.48
2025-07-09,DE-BE,basil-seeds,11,23.58
2025-07-09,DE-BE,mint-oil,12,128.25
2025-07-09,DE-BE,dried-sage,15,97.03
2025-07-09,DE-BY,herbal-tea,107,486.9
2025-07-09,DE-BY,basil-seeds,42,95.52
2025-07-09,DE-BY,mint-oil,29,321.17
2025-07-09,DE-BY,dried-sage,46,310.06
2025-07-09,DE-HH,herbal-tea,18,82.03
2025-07-09,DE-HH,basil-seeds,4,9.14
2025-07-09,DE-HH,mint-oil,8,89.82
2025-07-09,DE-HH,dried-sage,5,35.64
2025-07-09,FR-IDF,herbal-tea,104,461.93
2025-07-09,FR-IDF,basil-seeds,30,68.64
2025-07-09,FR-IDF,mint-oil,44,477.08
2025-07-09,FR-IDF,dried-sage,33,234.68
2025-07-09,FR-ARA,herbal-tea,86,405.82
2025-07-09,FR-ARA,basil-seeds,33,70.76
2025-07-09,FR-ARA,mint-oil,21,242.11
2025-07-09,FR-ARA,dried-sage,23,160.85
2025-07-09,NL-NH,herbal-tea,16,70.66
2025-07-09,NL-NH,basil-seeds,8,18.14
2025-07-09,NL-NH,mint-oil,6,67.44
2025-07-09,NL-NH,dried-sage,6,41.39
2025-07-09,ES-MD,herbal-tea,17,76.23
2025-07-09,ES-MD,basil-seeds,15,33.25
2025-07-09,ES-MD,mint-oil,27,296.91
2025-07-09,ES-MD,dried-sage,22,148.65
2025-07-09,IT-LOM,herbal-tea,91,411.96
2025-07-09,IT-LOM,basil-seeds,28,61.96
2025-07-09,IT-LOM,mint-oil,36,410.56
2025-07-09,IT-LOM,dried-sage,32,209.94
2025-07-10,DE-BE,herbal-tea,29,133.36
2025-07-10,DE-BE,basil-seeds,10,22.15
2025-07-10,DE-BE,mint-oil,16,179.76
2025-07-10,DE-BE,dried-sage,10,67.94
2025-07-10,DE-BY,herbal-tea,88,415.25
2025-07-10,DE-BY,basil-seeds,17,36.33
2025-07-10,DE-BY,mint-oil,28,313.38
2025-07-10,DE-BY,dried-sage,43,287.44
2025-07-10,DE-HH,herbal-tea,8,37.61
2025-07-10,DE-HH,basil-seeds,4,8.49
2025-07-10,DE-HH,mint-oil,3,32.39
2025-07-10,DE-HH,dried-sage,5,32.32
2025-07-10,FR-IDF,herbal-tea,68,301.67
2025-07-10,FR-IDF,basil-seeds,27,57.14
2025-07-10,FR-IDF,mint-oil,49,540.6
2025-07-10,FR-IDF,dried-sage,35,243.48
2025-07-10,FR-ARA,herbal-tea,63,286.38
2025-07-10,FR-ARA,basil-seeds,19,42.88
2025-07-10,FR-ARA,mint-oil,25,279.11
2025-07-10,FR-ARA,dried-sage,27,183.51
2025-07-10,NL-NH,herbal-tea,25,117.52
2025-07-10,NL-NH,basil-seeds,9,19.95
2025-07-10,NL-NH,mint-oil,10,108.98
2025-07-10,NL-NH,dried-sage,8,55.47
2025-07-10,ES-MD,herbal-tea,63,272.04
2025-07-10,ES-MD,basil-seeds,24,52.04
2025-07-10,ES-MD,mint-oil,17,186.99
2025-07-10,ES-MD,dried-sage,10,65.86
2025-07-10,IT-LOM,herbal-tea,68,320.86
2025-07-10,IT-LOM,basil-seeds,33,73.57
2025-07-10,IT-LOM,mint-oil,23,253.6
2025-07-10,IT-LOM,dried-sage,40,258.95
2025-07-11,DE-BE,herbal-tea,13,55.92
2025-07-11,DE-BE,basil-seeds,6,13.03
2025-07-11,DE-BE,mint-oil,15,165.48
2025-07-11,DE-BE,dried-sage,18,116.34
2025-07-11,DE-BY,herbal-tea,102,477.6
2025-07-11,DE-BY,basil-seeds,41,90.77
2025-07-11,DE-BY,mint-oil,55,586.15
2025-07-11,DE-BY,dried-sage,20,137.64
2025-07-11,DE-HH,herbal-tea,16,70.89
2025-07-11,DE-HH,basil-seeds,6,13.69
2025-07-11,DE-HH,mint-oil,7,77.57
2025-07-11,DE-HH,dried-sage,4,28.26
2025-07-11,FR-IDF,herbal-tea,84,365.81
2025-07-11,FR-IDF,basil-seeds,18,38.21
2025-07-11,FR-IDF,mint-oil,37,388.23
2025-07-11,FR-IDF,dried-sage,34,232.07
2025-07-11,FR-ARA,herbal-tea,102,473.1
2025-07-11,FR-ARA,basil-seeds,20,43.17
2025-07-11,FR-ARA,mint-oil,22,234.27
2025-07-11,FR-ARA,dried-sage,29,197.56
2025-07-11,NL-NH,herbal-tea,29,131.85
2025-07-11,NL-NH,basil-seeds,7,16.17
2025-07-11,NL-NH,mint-oil,13,149.13
2025-07-11,NL-NH,dried-sage,6,41.0
2025-07-11,ES-MD,herbal-tea,43,186.08
2025-07-11,ES-MD,basil-seeds,24,53.09
2025-07-11,ES-MD,mint-oil,18,192.84
2025-07-11,ES-MD,dried-sage,24,168.38
2025-07-11,IT-LOM,herbal-tea,87,385.95
2025-07-11,IT-LOM,basil-seeds,37,84.79
2025-07-11,IT-LOM,mint-oil,42,480.93
2025-07-11,IT-LOM,dried-sage,23,159.65
2025-07-12,DE-BE,herbal-tea,28,126.25
2025-07-12,DE-BE,basil-seeds,8,17.89
2025-07-12,DE-BE,mint-oil,8,88.66
2025-07-12,DE-BE,dried-sage,13,88.68
2025-07-12,DE-BY,herbal-tea,64,279.39
2025-07-12,DE-BY,basil-seeds,41,88.58
2025-07-12,DE-BY,mint-oil,27,310.19
2025-07-12,DE-BY,dried-sage,36,243.0
2025-07-12,DE-HH,herbal-tea,11,47.14
2025-07-12,DE-HH,basil-seeds,5,10.56
2025-07-12,DE-HH,mint-oil,3,32.36
2025-07-12,DE-HH,dried-sage,4,28.54
2025-07-12,FR-IDF,herbal-tea,88,403.88
2025-07-12,FR-IDF,basil-seeds,15,33.09
2025-07-12,FR-IDF,mint-oil,52,560.97
2025-07-12,FR-IDF,dried-sage,37,253.8
2025-07-12,FR-ARA,herbal-tea,71,324.0
2025-07-12,FR-ARA,basil-seeds,16,36.04
2025-07-12,FR-ARA,mint-oil,18,194.1
2025-07-12,FR-ARA,dried-sage,20,131.76
2025-07-12,NL-NH,herbal-tea,21,97.57
2025-07-12,NL-NH,basil-seeds,7,15.98
2025-07-12,NL-NH,mint-oil,7,74.52
2025-07-12,NL-NH,dried-sage,4,26.85
2025-07-12,ES-MD,herbal-tea,37,159.82
2025-07-12,ES-MD,basil-seeds,6,13.79
2025-07-12,ES-MD,mint-oil,23,242.2
2025-07-12,ES-MD,dried-sage,12,79.18
2025-07-12,IT-LOM,herbal-tea,75,321.15
2025-07-12,IT-LOM,basil-seeds,35,80.25
2025-07-12,IT-LOM,mint-oil,28,321.07
2025-07-12,IT-LOM,dried-sage,36,232.68
2025-07-13,DE-BE,herbal-tea,27,125.53
2025-07-13,DE-BE,basil-seeds,15,34.6
2025-07-13,DE-BE,mint-oil,15,162.88
2025-07-13,DE-BE,dried-sage,9,63.27
2025-07-13,DE-BY,herbal-tea,105,460.51
2025-07-13,DE-BY,basil-seeds,35,78.3
2025-07-13,DE-BY,mint-oil,41,454.18
2025-07-13,DE-BY,dried-sage,26,183.23
2025-07-13,DE-HH,herbal-tea,11,51.37
2025-07-13,DE-HH,basil-seeds,4,9.01
2025-07-13,DE-HH,mint-oil,4,43.63
2025-07-13,DE-HH,dried-sage,6,40.45
2025-07-13,FR-IDF,herbal-tea,74,343.55
2025-07-13,FR-IDF,basil-seeds,50,109.87
2025-07-13,FR-IDF,mint-oil,20,217.7
2025-07-13,FR-IDF,dried-sage,23,159.47
2025-07-13,FR-ARA,herbal-tea,32,140.01
2025-07-13,FR-ARA,basil-seeds,23,51.3
2025-07-13,FR-ARA,mint-oil,30,329.62
2025-07-13,FR-ARA,dried-sage,29,190.96
2025-07-13,NL-NH,herbal-tea,13,57.08
2025-07-13,NL-NH,basil-seeds,12,26.88
2025-07-13,NL-NH,mint-oil,9,99.36
2025-07-13,NL-NH,dried-sage,6,39.92
2025-07-13,ES-MD,herbal-tea,40,173.15
2025-07-13,ES-MD,basil-seeds,16,36.34
2025-07-13,ES-MD,mint-oil,26,287.57
2025-07-13,ES-MD,dried-sage,9,61.19
2025-07-13,IT-LOM,herbal-tea,114,511.41
2025-07-13,IT-LOM,basil-seeds,43,90.9
2025-07-13,IT-LOM,mint-oil,27,287.63
2025-07-13,IT-LOM,dried-sage,39,272.16
2025-07-14,DE-BE,herbal-tea,33,150.21
2025-07-14,DE-BE,basil-seeds,9,19.68
2025-07-14,DE-BE,mint-oil,14,146.93
2025-07-14,DE-BE,dried-sage,14,99.33
2025-07-14,DE-BY,herbal-tea,108,471.93
2025-07-14,DE-BY,basil-seeds,33,71.28
2025-07-14,DE-BY,mint-oil,17,184.03
2025-07-14,DE-BY,dried-sage,29,206.08
2025-07-14,DE-HH,herbal-tea,18,78.58
2025-07-14,DE-HH,basil-seeds,5,11.16
2025-07-14,DE-HH,mint-oil,5,53.85
2025-07-14,DE-HH,dried-sage,6,39.02
2025-07-14,FR-IDF,herbal-tea,104,475.39
2025-07-14,FR-IDF,basil-seeds,42,91.84
2025-07-14,FR-IDF,mint-oil,39,418.09
2025-07-14,FR-IDF,dried-sage,34,231.86
2025-07-14,FR-ARA,herbal-tea,56,263.7
2025-07-14,FR-ARA,basil-seeds,23,48.36
2025-07-14,FR-ARA,mint-oil,21,231.79
2025-07-14,FR-ARA,dried-sage,18,123.85
2025-07-14,NL-NH,herbal-tea,30,133.25
2025-07-14,NL-NH,basil-seeds,13,27.58
2025-07-14,NL-NH,mint-oil,10,108.69
2025-07-14,NL-NH,dried-sage,9,61.58
2025-07-14,ES-MD,herbal-tea,64,277.05
2025-07-14,ES-MD,basil-seeds,12,25.67
2025-07-14,ES-MD,mint-oil,16,168.5
2025-07-14,ES-MD,dried-sage,15,103.52
2025-07-14,IT-LOM,herbal-tea,120,547.82
2025-07-14,IT-LOM,basil-seeds,20,43.04
2025-07-14,IT-LOM,mint-oil,23,259.28
2025-07-14,IT-LOM,dried-sage,24,166.18
2025-07-15,DE-BE,herbal-tea,25,117.99
2025-07-15,DE-BE,basil-seeds,9,19.71
2025-07-15,DE-BE,mint-oil,13,143.52
2025-07-15,DE-BE,dried-sage,10,67.05
2025-07-15,DE-BY,herbal-tea,130,565.95
2025-07-15,DE-BY,basil-seeds,51,117.44
2025-07-15,DE-BY,mint-oil,60,651.29
2025-07-15,DE-BY,dried-sage,39,252.5
2025-07-15,DE-HH,herbal-tea,15,67.23
2025-07-15,DE-HH,basil-seeds,4,8.99
2025-07-15,DE-HH,mint-oil,4,43.57
2025-07-15,DE-HH,dried-sage,5,35.16
2025-07-15,FR-IDF,herbal-tea,62,276.8
2025-07-15,FR-IDF,basil-seeds,54,117.82
2025-07-15,FR-IDF,mint-oil,35,380.71
2025-07-15,FR-IDF,dried-sage,26,174.39
2025-07-15,FR-ARA,herbal-tea,57,262.23
2025-07-15,FR-ARA,basil-seeds,29,61.92
2025-07-15,FR-ARA,mint-oil,25,266.6
2025-07-15,FR-ARA,dried-sage,28,197.51
2025-07-15,NL-NH,herbal-tea,19,88.92
2025-07-15,NL-NH,basil-seeds,6,13.26
2025-07-15,NL-NH,mint-oil,9,100.43
2025-07-15,NL-NH,dried-sage,6,39.63
2025-07-15,ES-MD,herbal-tea,59,269.54
2025-07-15,ES-MD,basil-seeds,22,47.43
2025-07-15,ES-MD,mint-oil,25,278.4
2025-07-15,ES-MD,dried-sage,12,77.94
2025-07-15,IT-LOM,herbal-tea,85,369.37
2025-07-15,IT-LOM,basil-seeds,39,84.81
2025-07-15,IT-LOM,mint-oil,25,273.43
2025-07-15,IT-LOM,dried-sage,29,201.03
2025-07-16,DE-BE,herbal-tea,22,96.76
2025-07-16,DE-BE,basil-seeds,14,31.56
2025-07-16,DE-BE,mint-oil,10,108.92
2025-07-16,DE-BE,dried-sage,10,69.92
2025-07-16,DE-BY,herbal-tea,115,515.87
2025-07-16,DE-BY,basil-seeds,49,111.77
2025-07-16,DE-BY,mint-oil,55,593.88
2025-07-16,DE-BY,dried-sage,57,404.38
2025-07-16,DE-HH,herbal-tea,10,46.69
2025-07-16,DE-HH,basil-seeds,4,8.96
2025-07-16,DE-HH,mint-oil,5,52.3
2025-07-16,DE-HH,dried-sage,5,35.23
2025-07-16,FR-IDF,herbal-tea,143,631.49
2025-07-16,FR-IDF,basil-seeds,42,96.11
2025-07-16,FR-IDF,mint-oil,38,406.0
2025-07-16,FR-IDF,dried-sage,41,288.3
2025-07-16,FR-ARA,herbal-tea,41,186.04
2025-07-16,FR-ARA,basil-seeds,34,77.26
2025-07-16,FR-ARA,mint-oil,14,150.76
2025-07-16,FR-ARA,dried-sage,25,163.23
2025-07-16,NL-NH,herbal-tea,11,47.78
2025-07-16,NL-NH,basil-seeds,7,15.27
2025-07-16,NL-NH,mint-oil,5,53.12
2025-07-16,NL-NH,dried-sage,8,54.68
2025-07-16,ES-MD,herbal-tea,16,73.37
2025-07-16,ES-MD,basil-seeds,23,52.64
2025-07-16,ES-MD,mint-oil,28,297.12
2025-07-16,ES-MD,dried-sage,19,128.49
2025-07-16,IT-LOM,herbal-tea,80,355.71
2025-07-16,IT-LOM,basil-seeds,26,56.51
2025-07-16,IT-LOM,mint-oil,30,336.21
2025-07-16,IT-LOM,dried-sage,31,217.5
2025-07-17,DE-BE,herbal-tea,40,174.27
2025-07-17,DE-BE,basil-seeds,10,22.87
2025-07-17,DE-BE,mint-oil,18,199.32
2025-07-17,DE-BE,dried-sage,10,70.62
2025-07-17,DE-BY,herbal-tea,162,697.57
2025-07-17,DE-BY,basil-seeds,38,80.55
2025-07-17,DE-BY,mint-oil,37,392.73
2025-07-17,DE-BY,dried-sage,49,349.62
2025-07-17,DE-HH,herbal-tea,16,75.32
2025-07-17,DE-HH,basil-seeds,3,6.48
2025-07-17,DE-HH,mint-oil,4,42.17
2025-07-17,DE-HH,dried-sage,2,13.74
2025-07-17,FR-IDF,herbal-tea,99,462.92
2025-07-17,FR-IDF,basil-seeds,35,76.37
2025-07-17,FR-IDF,mint-oil,45,479.76
2025-07-17,FR-IDF,dried-sage,52,345.83
2025-07-17,FR-ARA,herbal-tea,29,130.36
2025-07-17,FR-ARA,basil-seeds,22,50.36
2025-07-17,FR-ARA,mint-oil,28,302.04
2025-07-17,FR-ARA,dried-sage,25,169.13
2025-07-17,NL-NH,herbal-tea,22,101.47
2025-07-17,NL-NH,basil-seeds,9,20.31
2025-07-17,NL-NH,mint-oil,7,77.39
2025-07-17,NL-NH,dried-sage,9,58.94
2025-07-17,ES-MD,herbal-tea,74,340.81
2025-07-17,ES-MD,basil-seeds,19,39.79
2025-07-17,ES-MD,mint-oil,12,130.42
2025-07-17,ES-MD,dried-sage,28,181.57
2025-07-17,IT-LOM,herbal-tea,65,287.69
2025-07-17,IT-LOM,basil-seeds,19,43.07
2025-07-17,IT-LOM,mint-oil,38,414.12
2025-07-17,IT-LOM,dried-sage,19,127.16
2025-07-18,DE-BE,herbal-tea,42,189.99
2025-07-18,DE-BE,basil-seeds,10,21.98
2025-07-18,DE-BE,mint-oil,10,114.61
2025-07-18,DE-BE,dried-sage,18,117.32
2025-07-18,DE-BY,herbal-tea,95,427.88
2025-07-18,DE-BY,basil-seeds,32,67.68
2025-07-18,DE-BY,mint-oil,46,486.12
2025-07-18,DE-BY,dried-sage,23,149.74
2025-07-18,DE-HH,herbal-tea,13,60.26
2025-07-18,DE-HH,basil-seeds,6,13.57
2025-07-18,DE-HH,mint-oil,5,52.32
2025-07-18,DE-HH,dried-sage,5,35.04
2025-07-18,FR-IDF,herbal-tea,121,525.78
2025-07-18,FR-IDF,basil-seeds,27,60.15
2025-07-18,FR-IDF,mint-oil,43,490.66
2025-07-18,FR-IDF,dried-sage,29,202.84
2025-07-18,FR-ARA,herbal-tea,71,326.02
2025-07-18,FR-ARA,basil-seeds,26,55.48
2025-07-18,FR-ARA,mint-oil,24,253.22
2025-07-18,FR-ARA,dried-sage,21,149.25
2025-07-18,NL-NH,herbal-tea,34,148.92
2025-07-18,NL-NH,basil-seeds,8,16.81
2025-07-18,NL-NH,mint-oil,10,110.32
2025-07-18,NL-NH,dried-sage,9,61.05
2025-07-18,ES-MD,herbal-tea,68,309.23
2025-07-18,ES-MD,basil-seeds,35,74.58
2025-07-18,ES-MD,mint-oil,18,205.23
2025-07-18,ES-MD,dried-sage,28,182.05
2025-07-18,IT-LOM,herbal-tea,81,352.68
2025-07-18,IT-LOM,basil-seeds,30,64.0
2025-07-18,IT-LOM,mint-oil,35,403.2
2025-07-18,IT-LOM,dried-sage,37,256.63
2025-07-19,DE-BE,herbal-tea,25,108.98
2025-07-19,DE-BE,basil-seeds,8,17.29
2025-07-19,DE-BE,mint-oil,11,122.64
2025-07-19,DE-BE,dried-sage,9,61.76
2025-07-19,DE-BY,herbal-tea,65,286.22
2025-07-19,DE-BY,basil-seeds,26,56.78
2025-07-19,DE-BY,mint-oil,41,452.38
2025-07-19,DE-BY,dried-sage,19,131.2
2025-07-19,DE-HH,herbal-tea,15,69.22
2025-07-19,DE-HH,basil-seeds,4,8.42
2025-07-19,DE-HH,mint-oil,6,67.54
2025-07-19,DE-HH,dried-sage,5,34.41
2025-07-19,FR-IDF,herbal-tea,87,401.85
2025-07-19,FR-IDF,basil-seeds,27,60.68
2025-07-19,FR-IDF,mint-oil,46,485.16
2025-07-19,FR-IDF,dried-sage,32,219.52
2025-07-19,FR-ARA,herbal-tea,68,311.54
2025-07-19,FR-ARA,basil-seeds,17,38.07
2025-07-19,FR-ARA,mint-oil,25,284.34
2025-07-19,FR-ARA,dried-sage,22,148.86
2025-07-19,NL-NH,herbal-tea,19,85.5
2025-07-19,NL-NH,basil-seeds,4,9.03
2025-07-19,NL-NH,mint-oil,4,42.64
2025-07-19,NL-NH,dried-sage,15,102.89
2025-07-19,ES-MD,herbal-tea,59,264.57
2025-07-19,ES-MD,basil-seeds,18,39.45
2025-07-19,ES-MD,mint-oil,26,299.51
2025-07-19,ES-MD,dried-sage,12,81.3
2025-07-19,IT-LOM,herbal-tea,85,368.81
2025-07-19,IT-LOM,basil-seeds,20,45.1
2025-07-19,IT-LOM,mint-oil,24,254.48
2025-07-19,IT-LOM,dried-sage,26,173.56
2025-07-20,DE-BE,herbal-tea,37,164.83
2025-07-20,DE-BE,basil-seeds,9,18.84
2025-07-20,DE-BE,mint-oil,10,106.4
2025-07-20,DE-BE,dried-sage,5,34.32
2025-07-20,DE-BY,herbal-tea,95,422.85
2025-07-20,DE-BY,basil-seeds,38,80.67
2025-07-20,DE-BY,mint-oil,32,348.21
2025-07-20,DE-BY,dried-sage,35,233.32
2025-07-20,DE-HH,herbal-tea,17,74.42
2025-07-20,DE-HH,basil-seeds,4,8.79
2025-07-20,DE-HH,mint-oil,4,45.97
2025-07-20,DE-HH,dried-sage,3,19.71
2025-07-20,FR-IDF,herbal-tea,91,428.4
2025-07-20,FR-IDF,basil-seeds,30,63.14
2025-07-20,FR-IDF,mint-oil,26,279.97
2025-07-20,FR-IDF,dried-sage,40,264.8
2025-07-20,FR-ARA,herbal-tea,82,365.91
2025-07-20,FR-ARA,basil-seeds,16,33.49
2025-07-20,FR-ARA,mint-oil,19,211.73
2025-07-20,FR-ARA,dried-sage,24,166.2
2025-07-20,NL-NH,herbal-tea,17,73.67
2025-07-20,NL-NH,basil-seeds,8,17.22
2025-07-20,NL-NH,mint-oil,6,68.4
2025-07-20,NL-NH,dried-sage,3,20.13
2025-07-20,ES-MD,herbal-tea,51,228.29
2025-07-20,ES-MD,basil-seeds,17,37.09
2025-07-20,ES-MD,mint-oil,18,192.72
2025-07-20,ES-MD,dried-sage,21,148.11
2025-07-20,IT-LOM,herbal-tea,51,240.34
2025-07-20,IT-LOM,basil-seeds,40,90.52
2025-07-20,IT-LOM,mint-oil,16,173.03
2025-07-20,IT-LOM,dried-sage,22,145.03
2025-07-21,DE-BE,herbal-tea,35,159.59
2025-07-21,DE-BE,basil-seeds,13,29.95
2025-07-21,DE-BE,mint-oil,12,128.53
2025-07-21,DE-BE,dried-sage,15,105.26
2025-07-21,DE-BY,herbal-tea,76,325.56
2025-07-21,DE-BY,basil-seeds,40,88.1
2025-07-21,DE-BY,mint-oil,53,590.21
2025-07-21,DE-BY,dried-sage,49,319.25
2025-07-21,DE-HH,herbal-tea,10,46.76
2025-07-21,DE-HH,basil-seeds,5,11.5
2025-07-21,DE-HH,mint-oil,5,56.53
2025-07-21,DE-HH,dried-sage,7,48.99
2025-07-21,FR-IDF,herbal-tea,95,442.37
2025-07-21,FR-IDF,basil-seeds,41,86.22
2025-07-21,FR-IDF,mint-oil,37,399.97
2025-07-21,FR-IDF,dried-sage,49,344.02
2025-07-21,FR-ARA,herbal-tea,55,241.88
2025-07-21,FR-ARA,basil-seeds,24,51.85
2025-07-21,FR-ARA,mint-oil,32,353.28
2025-07-21,FR-ARA,dried-sage,23,161.47
2025-07-21,NL-NH,herbal-tea,14,63.61
2025-07-21,NL-NH,basil-seeds,4,8.47
2025-07-21,NL-NH,mint-oil,8,85.32
2025-07-21,NL-NH,dried-sage,5,35.02
2025-07-21,ES-MD,herbal-tea,50,223.27
2025-07-21,ES-MD,basil-seeds,29,65.83
2025-07-21,ES-MD,mint-oil,24,254.6
2025-07-21,ES-MD,dried-sage,20,129.54
2025-07-21,IT-LOM,herbal-tea,60,258.63
2025-07-21,IT-LOM,basil-seeds,19,41.65
2025-07-21,IT-LOM,mint-oil,33,367.57
2025-07-21,IT-LOM,dried-sage,27,184.61
2025-07-22,DE-BE,herbal-tea,20,86.47
2025-07-22,DE-BE,basil-seeds,8,17.2
2025-07-22,DE-BE,mint-oil,10,109.49
2025-07-22,DE-BE,dried-sage,16,105.13
2025-07-22,DE-BY,herbal-tea,153,662.61
2025-07-22,DE-BY,basil-seeds,58,132.29
2025-07-22,DE-BY,mint-oil,31,334.7
2025-07-22,DE-BY,dried-sage,36,250.2
2025-07-22,DE-HH,herbal-tea,10,45.66
2025-07-22,DE-HH,basil-seeds,5,10.89
2025-07-22,DE-HH,mint-oil,4,41.95
2025-07-22,DE-HH,dried-sage,8,53.22
2025-07-22,FR-IDF,herbal-tea,69,322.4
2025-07-22,FR-IDF,basil-seeds,32,67.27
2025-07-22,FR-IDF,mint-oil,35,368.21
2025-07-22,FR-IDF,dried-sage,32,208.2
2025-07-22,FR-ARA,herbal-tea,76,357.05
2025-07-22,FR-ARA,basil-seeds,30,64.25
2025-07-22,FR-ARA,mint-oil,24,259.73
2025-07-22,FR-ARA,dried-sage,8,53.92
2025-07-22,NL-NH,herbal-tea,23,103.97
2025-07-22,NL-NH,basil-seeds,6,13.23
2025-07-22,NL-NH,mint-oil,7,74.34
2025-07-22,NL-NH,dried-sage,7,49.14
2025-07-22,ES-MD,herbal-tea,60,259.61
2025-07-22,ES-MD,basil-seeds,15,34.36
2025-07-22,ES-MD,mint-oil,20,223.18
2025-07-22,ES-MD,dried-sage,24,164.14
2025-07-22,IT-LOM,herbal-tea,116,507.67
2025-07-22,IT-LOM,basil-seeds,34,71.38
2025-07-22,IT-LOM,mint-oil,31,329.15
2025-07-22,IT-LOM,dried-sage,35,246.82
2025-07-23,DE-BE,herbal-tea,24,110.76
2025-07-23,DE-BE,basil-seeds,11,24.61
2025-07-23,DE-BE,mint-oil,16,175.86
2025-07-23,DE-BE,dried-sage,12,82.98
2025-07-23,DE-BY,herbal-tea,95,407.84
2025-07-23,DE-BY,basil-seeds,28,62.15
2025-07-23,DE-BY,mint-oil,43,449.69
2025-07-23,DE-BY,dried-sage,52,360.74
2025-07-23,DE-HH,herbal-tea,11,51.47
2025-07-23,DE-HH,basil-seeds,5,10.63
2025-07-23,DE-HH,mint-oil,6,68.74
2025-07-23,DE-HH,dried-sage,7,48.76
2025-07-23,FR-IDF,herbal-tea,92,414.45
2025-07-23,FR-IDF,basil-seeds,48,102.01
2025-07-23,FR-IDF,mint-oil,40,432.72
2025-07-23,FR-IDF,dried-sage,48,320.76
2025-07-23,FR-ARA,herbal-tea,64,281.82
2025-07-23,FR-ARA,basil-seeds,27,56.6
2025-07-23,FR-ARA,mint-oil,17,187.22
2025-07-23,FR-ARA,dried-sage,18,121.25
2025-07-23,NL-NH,herbal-tea,24,111.29
2025-07-23,NL-NH,basil-seeds,9,20.28
2025-07-23,NL-NH,mint-oil,9,99.7
2025-07-23,NL-NH,dried-sage,7,48.78
2025-07-23,ES-MD,herbal-tea,65,303.81
2025-07-23,ES-MD,basil-seeds,13,29.51
2025-07-23,ES-MD,mint-oil,19,211.64
2025-07-23,ES-MD,dried-sage,21,143.75
2025-07-23,IT-LOM,herbal-tea,91,409.95
2025-07-23,IT-LOM,basil-seeds,26,56.11
2025-07-23,IT-LOM,mint-oil,31,335.34
2025-07-23,IT-LOM,dried-sage,34,231.19
2025-07-24,DE-BE,herbal-tea,28,125.47
2025-07-24,DE-BE,basil-seeds,7,15.23
2025-07-24,DE-BE,mint-oil,11,120.76
2025-07-24,DE-BE,dried-sage,5,34.33
2025-07-24,DE-BY,herbal-tea,118,554.25
2025-07-24,DE-BY,basil-seeds,25,52.68
2025-07-24,DE-BY,mint-oil,40,419.37
2025-07-24,DE-BY,dried-sage,40,259.76
2025-07-24,DE-HH,herbal-tea,18,76.95
2025-07-24,DE-HH,basil-seeds,5,10.94
2025-07-24,DE-HH,mint-oil,5,52.78
2025-07-24,DE-HH,dried-sage,2,13.42
2025-07-24,FR-IDF,herbal-tea,58,267.31
2025-07-24,FR-IDF,basil-seeds,17,36.92
2025-07-24,FR-IDF,mint-oil,34,366.43
2025-07-24,FR-IDF,dried-sage,49,317.71
2025-07-24,FR-ARA,herbal-tea,71,318.12
2025-07-24,FR-ARA,basil-seeds,26,59.67
2025-07-24,FR-ARA,mint-oil,37,391.55
2025-07-24,FR-ARA,dried-sage,22,151.65
2025-07-24,NL-NH,herbal-tea,33,154.15
2025-07-24,NL-NH,basil-seeds,7,16.07
2025-07-24,NL-NH,mint-oil,9,101.23
2025-07-24,NL-NH,dried-sage,9,60.93
2025-07-24,ES-MD,herbal-tea,70,307.85
2025-07-24,ES-MD,basil-seeds,15,31.42
2025-07-24,ES-MD,mint-oil,18,201.8
2025-07-24,ES-MD,dried-sage,19,125.52
2025-07-24,IT-LOM,herbal-tea,64,274.67
2025-07-24,IT-LOM,basil-seeds,34,74.3
2025-07-24,IT-LOM,mint-oil,25,261.61
2025-07-24,IT-LOM,dried-sage,31,219.18
2025-07-25,DE-BE,herbal-tea,20,93.39
2025-07-25,DE-BE,basil-seeds,5,11.23
2025-07-25,DE-BE,mint-oil,11,118.18
2025-07-25,DE-BE,dried-sage,9,62.25
2025-07-25,DE-BY,herbal-tea,123,564.0
2025-07-25,DE-BY,basil-seeds,38,86.19
2025-07-25,DE-BY,mint-oil,43,475.99
2025-07-25,DE-BY,dried-sage,40,281.71
2025-07-25,DE-HH,herbal-tea,9,41.68
2025-07-25,DE-HH,basil-seeds,4,8.99
2025-07-25,DE-HH,mint-oil,5,52.74
2025-07-25,DE-HH,dried-sage,4,26.84
2025-07-25,FR-IDF,herbal-tea,111,493.17
2025-07-25,FR-IDF,basil-seeds,26,59.5
2025-07-25,FR-IDF,mint-oil,35,378.1
2025-07-25,FR-IDF,dried-sage,25,172.37
2025-07-25,FR-ARA,herbal-tea,47,208.8
2025-07-25,FR-ARA,basil-seeds,28,64.58
2025-07-25,FR-ARA,mint-oil,24,268.56
2025-07-25,FR-ARA,dried-sage,20,141.3
2025-07-25,NL-NH,herbal-tea,20,94.15
2025-07-25,NL-NH,basil-seeds,6,12.65
2025-07-25,NL-NH,mint-oil,8,91.74
2025-07-25,NL-NH,dried-sage,10,68.99
2025-07-25,ES-MD,herbal-tea,38,174.08
2025-07-25,ES-MD,basil-seeds,22,50.29
2025-07-25,ES-MD,mint-oil,14,161.43
2025-07-25,ES-MD,dried-sage,30,196.76
2025-07-25,IT-LOM,herbal-tea,64,295.05
2025-07-25,IT-LOM,basil-seeds,38,86.54
2025-07-25,IT-LOM,mint-oil,11,124.54
2025-07-25,IT-LOM,dried-sage,20,140.42
2025-07-26,DE-BE,herbal-tea,14,65.4
2025-07-26,DE-BE,basil-seeds,13,30.0
2025-07-26,DE-BE,mint-oil,6,66.5
2025-07-26,DE-BE,dried-sage,8,53.07
2025-07-26,DE-BY,herbal-tea,30,138.24
2025-07-26,DE-BY,basil-seeds,26,58.25
2025-07-26,DE-BY,mint-oil,36,389.09
2025-07-26,DE-BY,dried-sage,22,154.63
2025-07-26,DE-HH,herbal-tea,6,27.06
2025-07-26,DE-HH,basil-seeds,7,15.89
2025-07-26,DE-HH,mint-oil,5,54.49
2025-07-26,DE-HH,dried-sage,6,41.83
2025-07-26,FR-IDF,herbal-tea,110,492.71
2025-07-26,FR-IDF,basil-seeds,39,88.67
2025-07-26,FR-IDF,mint-oil,35,365.77
2025-07-26,FR-IDF,dried-sage,27,188.99
2025-07-26,FR-ARA,herbal-tea,47,203.98
2025-07-26,FR-ARA,basil-seeds,20,42.12
2025-07-26,FR-ARA,mint-oil,24,261.52
2025-07-26,FR-ARA,dried-sage,19,133.4
2025-07-26,NL-NH,herbal-tea,17,78.91
2025-07-26,NL-NH,basil-seeds,7,14.67
2025-07-26,NL-NH,mint-oil,8,85.23
2025-07-26,NL-NH,dried-sage,7,48.91
2025-07-26,ES-MD,herbal-tea,56,263.37
2025-07-26,ES-MD,basil-seeds,19,41.47
2025-07-26,ES-MD,mint-oil,14,157.05
2025-07-26,ES-MD,dried-sage,21,139.95
2025-07-26,IT-LOM,herbal-tea,57,254.67
2025-07-26,IT-LOM,basil-seeds,28,62.15
2025-07-26,IT-LOM,mint-oil,15,157.44
2025-07-26,IT-LOM,dried-sage,26,176.65
2025-07-27,DE-BE,herbal-tea,33,141.54
2025-07-27,DE-BE,basil-seeds,10,22.44
2025-07-27,DE-BE,mint-oil,11,121.47
2025-07-27,DE-BE,dried-sage,7,45.69
2025-07-27,DE-BY,herbal-tea,76,336.91
2025-07-27,DE-BY,basil-seeds,21,48.38
2025-07-27,DE-BY,mint-oil,31,325.27
2025-07-27,DE-BY,dried-sage,34,230.91
2025-07-27,DE-HH,herbal-tea,16,72.31
2025-07-27,DE-HH,basil-seeds,3,6.32
2025-07-27,DE-HH,mint-oil,4,45.86
2025-07-27,DE-HH,dried-sage,2,13.54
2025-07-27,FR-IDF,herbal-tea,83,391.58
2025-07-27,FR-IDF,basil-seeds,24,50.34
2025-07-27,FR-IDF,mint-oil,25,284.75
2025-07-27,FR-IDF,dried-sage,46,303.93
2025-07-27,FR-ARA,herbal-tea,53,229.64
2025-07-27,FR-ARA,basil-seeds,21,47.88
2025-07-27,FR-ARA,mint-oil,23,251.59
2025-07-27,FR-ARA,dried-sage,6,40.81
2025-07-27,NL-NH,herbal-tea,11,48.95
2025-07-27,NL-NH,basil-seeds,8,18.35
2025-07-27,NL-NH,mint-oil,7,77.66
2025-07-27,NL-NH,dried-sage,6,41.61
2025-07-27,ES-MD,herbal-tea,17,74.92
2025-07-27,ES-MD,basil-seeds,18,38.26
2025-07-27,ES-MD,mint-oil,16,169.13
2025-07-27,ES-MD,dried-sage,21,137.87
2025-07-27,IT-LOM,herbal-tea,75,337.04
2025-07-27,IT-LOM,basil-seeds,21,43.92
2025-07-27,IT-LOM,mint-oil,27,309.04
2025-07-27,IT-LOM,dried-sage,12,83.82
2025-07-28,DE-BE,herbal-tea,35,154.98
2025-07-28,DE-BE,basil-seeds,12,26.88
2025-07-28,DE-BE,mint-oil,12,131.27
2025-07-28,DE-BE,dried-sage,9,62.43
2025-07-28,DE-BY,herbal-tea,117,507.5
2025-07-28,DE-BY,basil-seeds,37,83.36
2025-07-28,DE-BY,mint-oil,52,568.46
2025-07-28,DE-BY,dried-sage,35,234.83
2025-07-28,DE-HH,herbal-tea,14,63.16
2025-07-28,DE-HH,basil-seeds,5,11.21
2025-07-28,DE-HH,mint-oil,5,54.86
2025-07-28,DE-HH,dried-sage,5,33.25
2025-07-28,FR-IDF,herbal-tea,74,318.52
2025-07-28,FR-IDF,basil-seeds,33,70.88
2025-07-28,FR-IDF,mint-oil,45,490.12
2025-07-28,FR-IDF,dried-sage,34,240.89
2025-07-28,FR-ARA,herbal-tea,92,398.31
2025-07-28,FR-ARA,basil-seeds,17,36.14
2025-07-28,FR-ARA,mint-oil,16,175.05
2025-07-28,FR-ARA,dried-sage,20,142.75
2025-07-28,NL-NH,herbal-tea,20,86.1
2025-07-28,NL-NH,basil-seeds,10,22.64
2025-07-28,NL-NH,mint-oil,9,99.59
2025-07-28,NL-NH,dried-sage,10,66.18
2025-07-28,ES-MD,herbal-tea,59,270.85
2025-07-28,ES-MD,basil-seeds,22,46.03
2025-07-28,ES-MD,mint-oil,29,306.65
2025-07-28,ES-MD,dried-sage,23,158.99
2025-07-28,IT-LOM,herbal-tea,77,359.68
2025-07-28,IT-LOM,basil-seeds,29,61.48
2025-07-28,IT-LOM,mint-oil,43,487.25
2025-07-28,IT-LOM,dried-sage,22,144.94
2025-07-29,DE-BE,herbal-tea,22,95.03
2025-07-29,DE-BE,basil-seeds,12,26.1
2025-07-29,DE-BE,mint-oil,9,102.01
2025-07-29,DE-BE,dried-sage,8,52.47
2025-07-29,DE-BY,herbal-tea,129,601.47
2025-07-29,DE-BY,basil-seeds,48,101.04
2025-07-29,DE-BY,mint-oil,10,110.73
2025-07-29,DE-BY,dried-sage,37,245.24
2025-07-29,DE-HH,herbal-tea,15,66.57
2025-07-29,DE-HH,basil-seeds,2,4.28
2025-07-29,DE-HH,mint-oil,5,54.63
2025-07-29,DE-HH,dried-sage,6,42.31
2025-07-29,FR-IDF,herbal-tea,99,453.15
2025-07-29,FR-IDF,basil-seeds,34,78.02
2025-07-29,FR-IDF,mint-oil,27,307.9
2025-07-29,FR-IDF,dried-sage,44,306.64
2025-07-29,FR-ARA,herbal-tea,80,370.46
2025-07-29,FR-ARA,basil-seeds,30,68.57
2025-07-29,FR-ARA,mint-oil,18,191.21
2025-07-29,FR-ARA,dried-sage,16,109.88
2025-07-29,NL-NH,herbal-tea,21,93.86
2025-07-29,NL-NH,basil-seeds,12,25.16
2025-07-29,NL-NH,mint-oil,9,102.88
2025-07-29,NL-NH,dried-sage,9,59.03
2025-07-29,ES-MD,herbal-tea,46,204.79
2025-07-29,ES-MD,basil-seeds,16,35.08
2025-07-29,ES-MD,mint-oil,24,258.81
2025-07-29,ES-MD,dried-sage,9,61.42
2025-07-29,IT-LOM,herbal-tea,72,338.53
2025-07-29,IT-LOM,basil-seeds,35,77.09
2025-07-29,IT-LOM,mint-oil,18,201.73
2025-07-29,IT-LOM,dried-sage,40,277.31
2025-07-30,DE-BE,herbal-tea,40,182.9
2025-07-30,DE-BE,basil-seeds,9,19.95
2025-07-30,DE-BE,mint-oil,10,109.89
2025-07-30,DE-BE,dried-sage,11,73.62
2025-07-30,DE-BY,herbal-tea,69,302.79
2025-07-30,DE-BY,basil-seeds,38,81.66
2025-07-30,DE-BY,mint-oil,39,429.58
2025-07-30,DE-BY,dried-sage,48,320.3
2025-07-30,DE-HH,herbal-tea,21,95.12
2025-07-30,DE-HH,basil-seeds,3,6.5
2025-07-30,DE-HH,mint-oil,4,44.08
2025-07-30,DE-HH,dried-sage,8,53.92
2025-07-30,FR-IDF,herbal-tea,95,434.3
2025-07-30,FR-IDF,basil-seeds,46,103.92
2025-07-30,FR-IDF,mint-oil,40,451.88
2025-07-30,FR-IDF,dried-sage,33,219.8
2025-07-30,FR-ARA,herbal-tea,58,262.12
2025-07-30,FR-ARA,basil-seeds,19,41.05
2025-07-30,FR-ARA,mint-oil,26,276.66
2025-07-30,FR-ARA,dried-sage,16,111.24
2025-07-30,NL-NH,herbal-tea,29,126.66
2025-07-30,NL-NH,basil-seeds,6,13.58
2025-07-30,NL-NH,mint-oil,9,100.46
2025-07-30,NL-NH,dried-sage,7,47.59
2025-07-30,ES-MD,herbal-tea,55,241.83
2025-07-30,ES-MD,basil-seeds,26,57.59
2025-07-30,ES-MD,mint-oil,17,188.98
2025-07-30,ES-MD,dried-sage,19,126.0
2025-07-30,IT-LOM,herbal-tea,116,547.26
2025-07-30,IT-LOM,basil-seeds,27,56.45
2025-07-30,IT-LOM,mint-oil,36,412.94
2025-07-30,IT-LOM,dried-sage,46,311.38
2025-07-31,DE-BE,herbal-tea,41,180.39
2025-07-31,DE-BE,basil-seeds,11,24.36
2025-07-31,DE-BE,mint-oil,11,120.13
2025-07-31,DE-BE,dried-sage,12,85.53
2025-07-31,DE-BY,herbal-tea,81,360.38
2025-07-31,DE-BY,basil-seeds,33,69.84
2025-07-31,DE-BY,mint-oil,44,498.58
2025-07-31,DE-BY,dried-sage,48,311.86
2025-07-31,DE-HH,herbal-tea,16,72.35
2025-07-31,DE-HH,basil-seeds,4,8.6
2025-07-31,DE-HH,mint-oil,6,67.23
2025-07-31,DE-HH,dried-sage,2,13.2
2025-07-31,FR-IDF,herbal-tea,122,522.09
2025-07-31,FR-IDF,basil-seeds,29,62.76
2025-07-31,FR-IDF,mint-oil,31,338.61
2025-07-31,FR-IDF,dried-sage,31,205.12
2025-07-31,FR-ARA,herbal-tea,49,215.36
2025-07-31,FR-ARA,basil-seeds,18,39.81
2025-07-31,FR-ARA,mint-oil,26,287.54
2025-07-31,FR-ARA,dried-sage,21,140.18
2025-07-31,NL-NH,herbal-tea,25,116.16
2025-07-31,NL-NH,basil-seeds,12,25.62
2025-07-31,NL-NH,mint-oil,4,42.2
2025-07-31,NL-NH,dried-sage,5,34.82
2025-07-31,ES-MD,herbal-tea,65,292.1
2025-07-31,ES-MD,basil-seeds,20,42.22
2025-07-31,ES-MD,mint-oil,22,241.02
2025-07-31,ES-MD,dried-sage,17,111.73
2025-07-31,IT-LOM,herbal-tea,86,371.81
2025-07-31,IT-LOM,basil-seeds,34,72.85
2025-07-31,IT-LOM,mint-oil,26,288.85
2025-07-31,IT-LOM,dried-sage,39,262.2
2025-08-01,DE-BE,herbal-tea,31,133.67
2025-08-01,DE-BE,basil-seeds,12,26.96
2025-08-01,DE-BE,mint-oil,7,76.11
2025-08-01,DE-BE,dried-sage,13,89.42
2025-08-01,DE-BY,herbal-tea,82,360.58
2025-08-01,DE-BY,basil-seeds,48,109.63
2025-08-01,DE-BY,mint-oil,22,242.58
2025-08-01,DE-BY,dried-sage,41,273.84
2025-08-01,DE-HH,herbal-tea,9,41.87
2025-08-01,DE-HH,basil-seeds,5,11.12
2025-08-01,DE-HH,mint-oil,4,44.44
2025-08-01,DE-HH,dried-sage,7,48.55
2025-08-01,FR-IDF,herbal-tea,67,292.67
2025-08-01,FR-IDF,basil-seeds,48,103.64
2025-08-01,FR-IDF,mint-oil,31,333.86
2025-08-01,FR-IDF,dried-sage,40,264.68
2025-08-01,FR-ARA,herbal-tea,50,214.3
2025-08-01,FR-ARA,basil-seeds,20,45.92
2025-08-01,FR-ARA,mint-oil,24,262.74
2025-08-01,FR-ARA,dried-sage,33,231.13
2025-08-01,NL-NH,herbal-tea,19,84.48
2025-08-01,NL-NH,basil-seeds,10,21.98
2025-08-01,NL-NH,mint-oil,8,84.39
2025-08-01,NL-NH,dried-sage,4,26.53
2025-08-01,ES-MD,herbal-tea,56,264.53
2025-08-01,ES-MD,basil-seeds,25,54.88
2025-08-01,ES-MD,mint-oil,25,278.99
2025-08-01,ES-MD,dried-sage,29,199.15
2025-08-01,IT-LOM,herbal-tea,94,443.27
2025-08-01,IT-LOM,basil-seeds,16,34.72
2025-08-01,IT-LOM,mint-oil,30,343.72
2025-08-01,IT-LOM,dried-sage,26,169.59
2025-08-02,DE-BE,herbal-tea,25,107.77
2025-08-02,DE-BE,basil-seeds,9,20.66
2025-08-02,DE-BE,mint-oil,7,79.76
2025-08-02,DE-BE,dried-sage,10,66.49
2025-08-02,DE-BY,herbal-tea,107,472.43
2025-08-02,DE-BY,basil-seeds,30,66.14
2025-08-02,DE-BY,mint-oil,34,357.25
2025-08-02,DE-BY,dried-sage,38,262.4
2025-08-02,DE-HH,herbal-tea,14,65.78
2025-08-02,DE-HH,basil-seeds,1,2.13
2025-08-02,DE-HH,mint-oil,1,11.43
2025-08-02,DE-HH,dried-sage,3,19.86
2025-08-02,FR-IDF,herbal-tea,89,409.01
2025-08-02,FR-IDF,basil-seeds,25,52.62
2025-08-02,FR-IDF,mint-oil,44,468.45
2025-08-02,FR-IDF,dried-sage,41,268.32
2025-08-02,FR-ARA,herbal-tea,28,128.81
2025-08-02,FR-ARA,basil-seeds,23,48.84
2025-08-02,FR-ARA,mint-oil,24,251.03
2025-08-02,FR-ARA,dried-sage,18,126.75
2025-08-02,NL-NH,herbal-tea,20,85.69
2025-08-02,NL-NH,basil-seeds,4,8.8
2025-08-02,NL-NH,mint-oil,8,84.03
2025-08-02,NL-NH,dried-sage,7,45.96
2025-08-02,ES-MD,herbal-tea,65,302.28
2025-08-02,ES-MD,basil-seeds,25,55.41
2025-08-02,ES-MD,mint-oil,16,170.28
2025-08-02,ES-MD,dried-sage,21,137.23
2025-08-02,IT-LOM,herbal-tea,68,313.79
2025-08-02,IT-LOM,basil-seeds,36,75.77
2025-08-02,IT-LOM,mint-oil,25,273.92
2025-08-02,IT-LOM,dried-sage,25,175.08
2025-08-03,DE-BE,herbal-tea,22,99.41
2025-08-03,DE-BE,basil-seeds,7,15.25
2025-08-03,DE-BE,mint-oil,2,22.98
2025-08-03,DE-BE,dried-sage,8,53.61
2025-08-03,DE-BY,herbal-tea,57,262.9
2025-08-03,DE-BY,basil-seeds,24,54.13
2025-08-03,DE-BY,mint-oil,23,253.08
2025-08-03,DE-BY,dried-sage,32,217.59
2025-08-03,DE-HH,herbal-tea,13,59.08
2025-08-03,DE-HH,basil-seeds,3,6.51
2025-08-03,DE-HH,mint-oil,4,43.61
2025-08-03,DE-HH,dried-sage,6,40.29
2025-08-03,FR-IDF,herbal-tea,68,296.78
2025-08-03,FR-IDF,basil-seeds,36,75.37
2025-08-03,FR-IDF,mint-oil,19,201.63
2025-08-03,FR-IDF,dried-sage,36,253.74
2025-08-03,FR-ARA,herbal-tea,61,278.59
2025-08-03,FR-ARA,basil-seeds,10,21.56
2025-08-03,FR-ARA,mint-oil,20,214.0
2025-08-03,FR-ARA,dried-sage,21,141.93
2025-08-03,NL-NH,herbal-tea,13,58.3
2025-08-03,NL-NH,basil-seeds,7,15.99
2025-08-03,NL-NH,mint-oil,5,52.53
2025-08-03,NL-NH,dried-sage,8,56.84
2025-08-03,ES-MD,herbal-tea,71,312.96
2025-08-03,ES-MD,basil-seeds,10,21.02
2025-08-03,ES-MD,mint-oil,12,134.03
2025-08-03,ES-MD,dried-sage,18,121.58
2025-08-03,IT-LOM,herbal-tea,52,234.29
2025-08-03,IT-LOM,basil-seeds,21,46.09
2025-08-03,IT-LOM,mint-oil,39,428.12
2025-08-03,IT-LOM,dried-sage,19,127.29
2025-08-04,DE-BE,herbal-tea,37,160.94
2025-08-04,DE-BE,basil-seeds,17,39.24
2025-08-04,DE-BE,mint-oil,14,150.45
2025-08-04,DE-BE,dried-sage,15,97.15
2025-08-04,DE-BY,herbal-tea,113,484.3
2025-08-04,DE-BY,basil-seeds,52,113.3
2025-08-04,DE-BY,mint-oil,43,478.76
2025-08-04,DE-BY,dried-sage,29,192.96
2025-08-04,DE-HH,herbal-tea,19,82.28
2025-08-04,DE-HH,basil-seeds,6,13.12
2025-08-04,DE-HH,mint-oil,3,31.47
2025-08-04,DE-HH,dried-sage,5,34.95
2025-08-04,FR-IDF,herbal-tea,93,400.39
2025-08-04,FR-IDF,basil-seeds,25,57.57
2025-08-04,FR-IDF,mint-oil,44,491.77
2025-08-04,FR-IDF,dried-sage,33,223.05
2025-08-04,FR-ARA,herbal-tea,62,269.02
2025-08-04,FR-ARA,basil-seeds,19,43.53
2025-08-04,FR-ARA,mint-oil,29,315.63
2025-08-04,FR-ARA,dried-sage,27,175.19
2025-08-04,NL-NH,herbal-tea,18,78.53
2025-08-04,NL-NH,basil-seeds,14,31.01
2025-08-04,NL-NH,mint-oil,5,53.08
2025-08-04,NL-NH,dried-sage,10,68.32
2025-08-04,ES-MD,herbal-tea,53,226.59
2025-08-04,ES-MD,basil-seeds,32,67.35
2025-08-04,ES-MD,mint-oil,23,252.56
2025-08-04,ES-MD,dried-sage,17,110.58
2025-08-04,IT-LOM,herbal-tea,24,112.59
2025-08-04,IT-LOM,basil-seeds,34,74.75
2025-08-04,IT-LOM,mint-oil,37,423.26
2025-08-04,IT-LOM,dried-sage,34,233.9
2025-08-05,DE-BE,herbal-tea,46,216.43
2025-08-05,DE-BE,basil-seeds,10,21.47
2025-08-05,DE-BE,mint-oil,5,56.73
2025-08-05,DE-BE,dried-sage,9,60.16
2025-08-05,DE-BY,herbal-tea,90,411.79
2025-08-05,DE-BY,basil-seeds,29,65.94
2025-08-05,DE-BY,mint-oil,27,306.09
2025-08-05,DE-BY,dried-sage,31,216.67
2025-08-05,DE-HH,herbal-tea,15,67.05
2025-08-05,DE-HH,basil-seeds,8,17.2
2025-08-05,DE-HH,mint-oil,6,69.12
2025-08-05,DE-HH,dried-sage,5,35.67
2025-08-05,FR-IDF,herbal-tea,129,598.01
2025-08-05,FR-IDF,basil-seeds,40,85.87
2025-08-05,FR-IDF,mint-oil,42,477.92
2025-08-05,FR-IDF,dried-sage,26,171.83
2025-08-05,FR-ARA,herbal-tea,82,356.21
2025-08-05,FR-ARA,basil-seeds,22,46.46
2025-08-05,FR-ARA,mint-oil,18,202.8
2025-08-05,FR-ARA,dried-sage,22,148.39
2025-08-05,NL-NH,herbal-tea,22,95.66
2025-08-05,NL-NH,basil-seeds,9,19.76
2025-08-05,NL-NH,mint-oil,9,97.16
2025-08-05,NL-NH,dried-sage,8,56.52
2025-08-05,ES-MD,herbal-tea,31,134.67
2025-08-05,ES-MD,basil-seeds,24,52.66
2025-08-05,ES-MD,mint-oil,32,338.56
2025-08-05,ES-MD,dried-sage,22,145.65
2025-08-05,IT-LOM,herbal-tea,97,456.5
2025-08-05,IT-LOM,basil-seeds,24,53.27
2025-08-05,IT-LOM,mint-oil,17,183.01
2025-08-05,IT-LOM,dried-sage,38,261.26
2025-08-06,DE-BE,herbal-tea,33,145.93
2025-08-06,DE-BE,basil-seeds,13,28.25
2025-08-06,DE-BE,mint-oil,12,135.91
2025-08-06,DE-BE,dried-sage,12,77.59
2025-08-06,DE-BY,herbal-tea,76,328.06
2025-08-06,DE-BY,basil-seeds,37,85.23
2025-08-06,DE-BY,mint-oil,45,519.35
2025-08-06,DE-BY,dried-sage,26,168.0
2025-08-06,DE-HH,herbal-tea,16,75.48
2025-08-06,DE-HH,basil-seeds,6,13.02
2025-08-06,DE-HH,mint-oil,4,43.37
2025-08-06,DE-HH,dried-sage,3,20.55
2025-08-06,FR-IDF,herbal-tea,148,654.69
2025-08-06,FR-IDF,basil-seeds,41,86.04
2025-08-06,FR-IDF,mint-oil,13,144.64
2025-08-06,FR-IDF,dried-sage,23,161.43
2025-08-06,FR-ARA,herbal-tea,68,302.66
2025-08-06,FR-ARA,basil-seeds,27,62.33
2025-08-06,FR-ARA,mint-oil,30,333.81
2025-08-06,FR-ARA,dried-sage,29,197.71
2025-08-06,NL-NH,herbal-tea,25,107.61
2025-08-06,NL-NH,basil-seeds,7,15.56
2025-08-06,NL-NH,mint-oil,8,89.76
2025-08-06,NL-NH,dried-sage,12,78.3
2025-08-06,ES-MD,herbal-tea,38,163.0
2025-08-06,ES-MD,basil-seeds,15,34.16
2025-08-06,ES-MD,mint-oil,16,181.46
2025-08-06,ES-MD,dried-sage,13,87.15
2025-08-06,IT-LOM,herbal-tea,63,289.33
2025-08-06,IT-LOM,basil-seeds,29,63.17
2025-08-06,IT-LOM,mint-oil,31,357.52
2025-08-06,IT-LOM,dried-sage,24,160.09
2025-08-07,DE-BE,herbal-tea,28,121.57
2025-08-07,DE-BE,basil-seeds,13,27.61
2025-08-07,DE-BE,mint-oil,15,158.69
2025-08-07,DE-BE,dried-sage,13,84.93
2025-08-07,DE-BY,herbal-tea,92,396.34
2025-08-07,DE-BY,basil-seeds,41,92.64
2025-08-07,DE-BY,mint-oil,35,393.42
2025-08-07,DE-BY,dried-sage,27,182.41
2025-08-07,DE-HH,herbal-tea,19,89.28
2025-08-07,DE-HH,basil-seeds,7,15.48
2025-08-07,DE-HH,mint-oil,2,21.36
2025-08-07,DE-HH,dried-sage,3,20.35
2025-08-07,FR-IDF,herbal-tea,112,488.45
2025-08-07,FR-IDF,basil-seeds,37,77.87
2025-08-07,FR-IDF,mint-oil,54,579.28
2025-08-07,FR-IDF,dried-sage,40,263.47
2025-08-07,FR-ARA,herbal-tea,41,182.61
2025-08-07,FR-ARA,basil-seeds,24,53.9
2025-08-07,FR-ARA,mint-oil,22,237.81
2025-08-07,FR-ARA,dried-sage,27,192.17
2025-08-07,NL-NH,herbal-tea,19,89.05
2025-08-07,NL-NH,basil-seeds,9,19.93
2025-08-07,NL-NH,mint-oil,8,90.49
2025-08-07,NL-NH,dried-sage,8,56.87
2025-08-07,ES-MD,herbal-tea,41,193.51
2025-08-07,ES-MD,basil-seeds,23,48.82
2025-08-07,ES-MD,mint-oil,23,255.63
2025-08-07,ES-MD,dried-sage,18,127.99
2025-08-07,IT-LOM,herbal-tea,106,473.08
2025-08-07,IT-LOM,basil-seeds,23,51.97
2025-08-07,IT-LOM,mint-oil,22,249.27
2025-08-07,IT-LOM,dried-sage,21,140.99
2025-08-08,DE-BE,herbal-tea,39,181.19
2025-08-08,DE-BE,basil-seeds,11,24.2
2025-08-08,DE-BE,mint-oil,12,134.09
2025-08-08,DE-BE,dried-sage,14,97.45
2025-08-08,DE-BY,herbal-tea,74,345.97
2025-08-08,DE-BY,basil-seeds,39,90.04
2025-08-08,DE-BY,mint-oil,29,316.92
2025-08-08,DE-BY,dried-sage,31,220.28
2025-08-08,DE-HH,herbal-tea,16,73.58
2025-08-08,DE-HH,basil-seeds,4,8.84
2025-08-08,DE-HH,mint-oil,3,31.5
2025-08-08,DE-HH,dried-sage,5,33.43
2025-08-08,FR-IDF,herbal-tea,69,319.56
2025-08-08,FR-IDF,basil-seeds,43,94.36
2025-08-08,FR-IDF,mint-oil,52,595.69
2025-08-08,FR-IDF,dried-sage,22,151.23
2025-08-08,FR-ARA,herbal-tea,66,299.7
2025-08-08,FR-ARA,basil-seeds,29,63.48
2025-08-08,FR-ARA,mint-oil,21,220.34
2025-08-08,FR-ARA,dried-sage,32,211.71
2025-08-08,NL-NH,herbal-tea,27,118.65
2025-08-08,NL-NH,basil-seeds,7,15.45
2025-08-08,NL-NH,mint-oil,14,153.22
2025-08-08,NL-NH,dried-sage,10,67.3
2025-08-08,ES-MD,herbal-tea,23,106.63
2025-08-08,ES-MD,basil-seeds,26,55.91
2025-08-08,ES-MD,mint-oil,23,250.89
2025-08-08,ES-MD,dried-sage,14,95.22
2025-08-08,IT-LOM,herbal-tea,114,520.18
2025-08-08,IT-LOM,basil-seeds,26,56.09
2025-08-08,IT-LOM,mint-oil,28,323.06
2025-08-08,IT-LOM,dried-sage,28,184.94
2025-08-09,DE-BE,herbal-tea,22,95.2
2025-08-09,DE-BE,basil-seeds,7,14.99
2025-08-09,DE-BE,mint-oil,13,140.55
2025-08-09,DE-BE,dried-sage,9,61.48
2025-08-09,DE-BY,herbal-tea,103,444.02
2025-08-09,DE-BY,basil-seeds,48,107.15
2025-08-09,DE-BY,mint-oil,36,381.34
2025-08-09,DE-BY,dried-sage,33,230.0
2025-08-09,DE-HH,herbal-tea,12,54.93
2025-08-09,DE-HH,basil-seeds,6,13.09
2025-08-09,DE-HH,mint-oil,5,53.15
2025-08-09,DE-HH,dried-sage,4,26.11
2025-08-09,FR-IDF,herbal-tea,102,460.94
2025-08-09,FR-IDF,basil-seeds,27,59.69
2025-08-09,FR-IDF,mint-oil,55,627.58
2025-08-09,FR-IDF,dried-sage,42,295.68
2025-08-09,FR-ARA,herbal-tea,67,309.9
2025-08-09,FR-ARA,basil-seeds,20,45.3
2025-08-09,FR-ARA,mint-oil,35,370.11
2025-08-09,FR-ARA,dried-sage,15,101.5
2025-08-09,NL-NH,herbal-tea,27,124.9
2025-08-09,NL-NH,basil-seeds,10,21.92
2025-08-09,NL-NH,mint-oil,9,96.81
2025-08-09,NL-NH,dried-sage,9,58.65
2025-08-09,ES-MD,herbal-tea,49,218.03
2025-08-09,ES-MD,basil-seeds,12,25.58
2025-08-09,ES-MD,mint-oil,25,286.3
2025-08-09,ES-MD,dried-sage,14,96.35
2025-08-09,IT-LOM,herbal-tea,101,476.87
2025-08-09,IT-LOM,basil-seeds,23,48.89
2025-08-09,IT-LOM,mint-oil,20,224.17
2025-08-09,IT-LOM,dried-sage,33,217.54
2025-08-10,DE-BE,herbal-tea,39,172.89
2025-08-10,DE-BE,basil-seeds,9,19.48
2025-08-10,DE-BE,mint-oil,6,63.38
2025-08-10,DE-BE,dried-sage,13,88.51
2025-08-10,DE-BY,herbal-tea,97,422.97
2025-08-10,DE-BY,basil-seeds,27,60.22
2025-08-10,DE-BY,mint-oil,36,378.85
2025-08-10,DE-BY,dried-sage,17,121.3
2025-08-10,DE-HH,herbal-tea,13,60.92
2025-08-10,DE-HH,basil-seeds,6,13.19
2025-08-10,DE-HH,mint-oil,5,55.78
2025-08-10,DE-HH,dried-sage,3,19.79
2025-08-10,FR-IDF,herbal-tea,109,466.16
2025-08-10,FR-IDF,basil-seeds,33,71.55
2025-08-10,FR-IDF,mint-oil,52,580.51
2025-08-10,FR-IDF,dried-sage,29,195.53
2025-08-10,FR-ARA,herbal-tea,77,359.04
2025-08-10,FR-ARA,basil-seeds,6,12.65
2025-08-10,FR-ARA,mint-oil,25,276.69
2025-08-10,FR-ARA,dried-sage,13,85.01
2025-08-10,NL-NH,herbal-tea,24,113.36
2025-08-10,NL-NH,basil-seeds,9,20.25
2025-08-10,NL-NH,mint-oil,5,52.43
2025-08-10,NL-NH,dried-sage,10,70.28
2025-08-10,ES-MD,herbal-tea,41,190.44
2025-08-10,ES-MD,basil-seeds,21,45.25
2025-08-10,ES-MD,mint-oil,18,194.04
2025-08-10,ES-MD,dried-sage,16,113.85
2025-08-10,IT-LOM,herbal-tea,78,346.77
2025-08-10,IT-LOM,basil-seeds,29,61.59
2025-08-10,IT-LOM,mint-oil,21,221.17
2025-08-10,IT-LOM,dried-sage,32,218.27
2025-08-11,DE-BE,herbal-tea,36,158.76
2025-08-11,DE-BE,basil-seeds,12,25.14
2025-08-11,DE-BE,mint-oil,14,157.26
2025-08-11,DE-BE,dried-sage,11,77.56
2025-08-11,DE-BY,herbal-tea,139,647.49
2025-08-11,DE-BY,basil-seeds,34,73.77
2025-08-11,DE-BY,mint-oil,46,497.59
2025-08-11,DE-BY,dried-sage,44,310.82
2025-08-11,DE-HH,herbal-tea,16,74.16
2025-08-11,DE-HH,basil-seeds,6,12.85
2025-08-11,DE-HH,mint-oil,5,55.28
2025-08-11,DE-HH,dried-sage,8,54.62
2025-08-11,FR-IDF,herbal-tea,126,569.77
2025-08-11,FR-IDF,basil-seeds,23,50.99
2025-08-11,FR-IDF,mint-oil,33,364.9
2025-08-11,FR-IDF,dried-sage,29,193.21
2025-08-11,FR-ARA,herbal-tea,86,369.23
2025-08-11,FR-ARA,basil-seeds,18,41.26
2025-08-11,FR-ARA,mint-oil,16,171.94
2025-08-11,FR-ARA,dried-sage,28,181.87
2025-08-11,NL-NH,herbal-tea,36,163.43
2025-08-11,NL-NH,basil-seeds,11,23.25
2025-08-11,NL-NH,mint-oil,6,65.08
2025-08-11,NL-NH,dried-sage,9,61.46
2025-08-11,ES-MD,herbal-tea,53,239.96
2025-08-11,ES-MD,basil-seeds,27,61.15
2025-08-11,ES-MD,mint-oil,23,256.76
2025-08-11,ES-MD,dried-sage,22,150.63
2025-08-11,IT-LOM,herbal-tea,99,423.98
2025-08-11,IT-LOM,basil-seeds,22,47.04
2025-08-11,IT-LOM,mint-oil,28,322.08
2025-08-11,IT-LOM,dried-sage,25,176.19
2025-08-12,DE-BE,herbal-tea,7,29.94
2025-08-12,DE-BE,basil-seeds,11,24.26
2025-08-12,DE-BE,mint-oil,10,113.04
2025-08-12,DE-BE,dried-sage,16,105.4
2025-08-12,DE-BY,herbal-tea,98,428.26
2025-08-12,DE-BY,basil-seeds,39,87.23
2025-08-12,DE-BY,mint-oil,44,476.46
2025-08-12,DE-BY,dried-sage,51,343.49
2025-08-12,DE-HH,herbal-tea,8,35.24
2025-08-12,DE-HH,basil-seeds,3,6.43
2025-08-12,DE-HH,mint-oil,6,65.47
2025-08-12,DE-HH,dried-sage,5,34.5
2025-08-12,FR-IDF,herbal-tea,30,133.72
2025-08-12,FR-IDF,basil-seeds,37,78.89
2025-08-12,FR-IDF,mint-oil,36,383.5
2025-08-12,FR-IDF,dried-sage,41,282.73
2025-08-12,FR-ARA,herbal-tea,82,355.44
2025-08-12,FR-ARA,basil-seeds,30,62.97
2025-08-12,FR-ARA,mint-oil,34,382.65
2025-08-12,FR-ARA,dried-sage,24,166.2
2025-08-12,NL-NH,herbal-tea,26,122.37
2025-08-12,NL-NH,basil-seeds,10,22.16
2025-08-12,NL-NH,mint-oil,6,68.18
2025-08-12,NL-NH,dried-sage,5,32.35
2025-08-12,ES-MD,herbal-tea,62,269.08
2025-08-12,ES-MD,basil-seeds,22,49.49
2025-08-12,ES-MD,mint-oil,22,237.77
2025-08-12,ES-MD,dried-sage,10,67.4
2025-08-12,IT-LOM,herbal-tea,63,281.9
2025-08-12,IT-LOM,basil-seeds,20,42.69
2025-08-12,IT-LOM,mint-oil,26,281.8
2025-08-12,IT-LOM,dried-sage,26,183.34
2025-08-13,DE-BE,herbal-tea,38,170.83
2025-08-13,DE-BE,basil-seeds,8,18.39
2025-08-13,DE-BE,mint-oil,9,98.34
2025-08-13,DE-BE,dried-sage,12,78.81
2025-08-13,DE-BY,herbal-tea,116,534.96
2025-08-13,DE-BY,basil-seeds,21,46.31
2025-08-13,DE-BY,mint-oil,41,441.4
2025-08-13,DE-BY,dried-sage,44,292.72
2025-08-13,DE-HH,herbal-tea,18,80.78
2025-08-13,DE-HH,basil-seeds,7,15.8
2025-08-13,DE-HH,mint-oil,7,75.48
2025-08-13,DE-HH,dried-sage,6,39.68
2025-08-13,FR-IDF,herbal-tea,113,525.76
2025-08-13,FR-IDF,basil-seeds,54,124.31
2025-08-13,FR-IDF,mint-oil,35,382.62
2025-08-13,FR-IDF,dried-sage,47,307.89
2025-08-13,FR-ARA,herbal-tea,69,306.92
2025-08-13,FR-ARA,basil-seeds,15,34.61
2025-08-13,FR-ARA,mint-oil,16,169.75
2025-08-13,FR-ARA,dried-sage,21,139.48
2025-08-13,NL-NH,herbal-tea,20,86.39
2025-08-13,NL-NH,basil-seeds,10,22.8
2025-08-13,NL-NH,mint-oil,6,65.36
2025-08-13,NL-NH,dried-sage,8,52.02
2025-08-13,ES-MD,herbal-tea,61,285.45
2025-08-13,ES-MD,basil-seeds,19,40.76
2025-08-13,ES-MD,mint-oil,21,240.96
2025-08-13,ES-MD,dried-sage,33,232.39
2025-08-13,IT-LOM,herbal-tea,39,182.9
2025-08-13,IT-LOM,basil-seeds,22,49.02
2025-08-13,IT-LOM,mint-oil,30,345.13
2025-08-13,IT-LOM,dried-sage,29,193.8
2025-08-14,DE-BE,herbal-tea,27,122.33
2025-08-14,DE-BE,basil-seeds,8,16.72
2025-08-14,DE-BE,mint-oil,12,129.44
2025-08-14,DE-BE,dried-sage,12,83.76
2025-08-14,DE-BY,herbal-tea,106,481.11
2025-08-14,DE-BY,basil-seeds,58,129.24
2025-08-14,DE-BY,mint-oil,27,298.94
2025-08-14,DE-BY,dried-sage,17,113.95
2025-08-14,DE-HH,herbal-tea,11,51.43
2025-08-14,DE-HH,basil-seeds,7,15.13
2025-08-14,DE-HH,mint-oil,6,67.71
2025-08-14,DE-HH,dried-sage,4,27.29
2025-08-14,FR-IDF,herbal-tea,72,326.02
2025-08-14,FR-IDF,basil-seeds,37,82.94
2025-08-14,FR-IDF,mint-oil,52,556.63
2025-08-14,FR-IDF,dried-sage,48,338.36
2025-08-14,FR-ARA,herbal-tea,69,325.9
2025-08-14,FR-ARA,basil-seeds,30,63.18
2025-08-14,FR-ARA,mint-oil,17,185.9
2025-08-14,FR-ARA,dried-sage,9,58.97
2025-08-14,NL-NH,herbal-tea,23,99.33
2025-08-14,NL-NH,basil-seeds,7,15.02
2025-08-14,NL-NH,mint-oil,10,115.4
2025-08-14,NL-NH,dried-sage,7,48.28
2025-08-14,ES-MD,herbal-tea,77,332.41
2025-08-14,ES-MD,basil-seeds,13,29.81
2025-08-14,ES-MD,mint-oil,18,193.06
2025-08-14,ES-MD,dried-sage,19,130.47
2025-08-14,IT-LOM,herbal-tea,79,346.3
2025-08-14,IT-LOM,basil-seeds,12,26.34
2025-08-14,IT-LOM,mint-oil,29,327.21
2025-08-14,IT-LOM,dried-sage,34,236.49
2025-08-15,DE-BE,herbal-tea,39,184.14
2025-08-15,DE-BE,basil-seeds,10,22.65
2025-08-15,DE-BE,mint-oil,12,132.05
2025-08-15,DE-BE,dried-sage,10,66.16
2025-08-15,DE-BY,herbal-tea,106,486.37
2025-08-15,DE-BY,basil-seeds,40,91.82
2025-08-15,DE-BY,mint-oil,40,425.23
2025-08-15,DE-BY,dried-sage,27,187.99
2025-08-15,DE-HH,herbal-tea,20,91.51
2025-08-15,DE-HH,basil-seeds,5,10.66
2025-08-15,DE-HH,mint-oil,6,63.0
2025-08-15,DE-HH,dried-sage,4,26.33
2025-08-15,FR-IDF,herbal-tea,105,462.81
2025-08-15,FR-IDF,basil-seeds,31,65.21
2025-08-15,FR-IDF,mint-oil,24,251.63
2025-08-15,FR-IDF,dried-sage,40,278.14
2025-08-15,FR-ARA,herbal-tea,62,286.16
2025-08-15,FR-ARA,basil-seeds,18,40.63
2025-08-15,FR-ARA,mint-oil,27,302.58
2025-08-15,FR-ARA,dried-sage,18,126.48
2025-08-15,NL-NH,herbal-tea,26,113.16
2025-08-15,NL-NH,basil-seeds,10,20.98
2025-08-15,NL-NH,mint-oil,10,109.12
2025-08-15,NL-NH,dried-sage,12,78.21
2025-08-15,ES-MD,herbal-tea,57,254.32
2025-08-15,ES-MD,basil-seeds,22,48.08
2025-08-15,ES-MD,mint-oil,19,213.47
2025-08-15,ES-MD,dried-sage,17,118.07
2025-08-15,IT-LOM,herbal-tea,98,458.68
2025-08-15,IT-LOM,basil-seeds,23,51.06
2025-08-15,IT-LOM,mint-oil,39,421.71
2025-08-15,IT-LOM,dried-sage,27,182.74
2025-08-16,DE-BE,herbal-tea,31,141.74
2025-08-16,DE-BE,basil-seeds,6,12.82
2025-08-16,DE-BE,mint-oil,8,90.96
2025-08-16,DE-BE,dried-sage,10,67.63
2025-08-16,DE-BY,herbal-tea,76,356.58
2025-08-16,DE-BY,basil-seeds,46,104.22
2025-08-16,DE-BY,mint-oil,37,398.68
2025-08-16,DE-BY,dried-sage,28,195.59
2025-08-16,DE-HH,herbal-tea,11,49.9
2025-08-16,DE-HH,basil-seeds,4,9.06
2025-08-16,DE-HH,mint-oil,5,56.3
2025-08-16,DE-HH,dried-sage,5,34.11
2025-08-16,FR-IDF,herbal-tea,103,458.62
2025-08-16,FR-IDF,basil-seeds,22,49.12
2025-08-16,FR-IDF,mint-oil,27,283.72
2025-08-16,FR-IDF,dried-sage,14,92.15
2025-08-16,FR-ARA,herbal-tea,75,328.74
2025-08-16,FR-ARA,basil-seeds,13,27.32
2025-08-16,FR-ARA,mint-oil,25,263.29
2025-08-16,FR-ARA,dried-sage,14,95.57
2025-08-16,NL-NH,herbal-tea,26,112.24
2025-08-16,NL-NH,basil-seeds,8,17.18
2025-08-16,NL-NH,mint-oil,3,31.5
2025-08-16,NL-NH,dried-sage,6,40.76
2025-08-16,ES-MD,herbal-tea,50,231.53
2025-08-16,ES-MD,basil-seeds,15,33.66
2025-08-16,ES-MD,mint-oil,19,207.8
2025-08-16,ES-MD,dried-sage,19,128.19
2025-08-16,IT-LOM,herbal-tea,62,286.26
2025-08-16,IT-LOM,basil-seeds,23,50.4
2025-08-16,IT-LOM,mint-oil,15,162.32
2025-08-16,IT-LOM,dried-sage,4,25.93
2025-08-17,DE-BE,herbal-tea,28,128.08
2025-08-17,DE-BE,basil-seeds,9,18.86
2025-08-17,DE-BE,mint-oil,10,108.05
2025-08-17,DE-BE,dried-sage,9,62.78
2025-08-17,DE-BY,herbal-tea,103,444.16
2025-08-17,DE-BY,basil-seeds,21,44.77
2025-08-17,DE-BY,mint-oil,38,429.86
2025-08-17,DE-BY,dried-sage,32,218.45
2025-08-17,DE-HH,herbal-tea,8,36.89
2025-08-17,DE-HH,basil-seeds,6,13.34
2025-08-17,DE-HH,mint-oil,4,43.18
2025-08-17,DE-HH,dried-sage,0,0.0
2025-08-17,FR-IDF,herbal-tea,91,400.89
2025-08-17,FR-IDF,basil-seeds,20,43.09
2025-08-17,FR-IDF,mint-oil,37,392.67
2025-08-17,FR-IDF,dried-sage,41,283.49
2025-08-17,FR-ARA,herbal-tea,42,189.42
2025-08-17,FR-ARA,basil-seeds,19,42.92
2025-08-17,FR-ARA,mint-oil,27,290.73
2025-08-17,FR-ARA,dried-sage,29,199.6
2025-08-17,NL-NH,herbal-tea,25,107.33
2025-08-17,NL-NH,basil-seeds,8,17.49
2025-08-17,NL-NH,mint-oil,10,104.53
2025-08-17,NL-NH,dried-sage,8,53.1
2025-08-17,ES-MD,herbal-tea,47,208.15
2025-08-17,ES-MD,basil-seeds,22,47.73
2025-08-17,ES-MD,mint-oil,11,119.85
2025-08-17,ES-MD,dried-sage,16,109.49
2025-08-17,IT-LOM,herbal-tea,69,303.34
2025-08-17,IT-LOM,basil-seeds,29,62.06
2025-08-17,IT-LOM,mint-oil,20,217.06
2025-08-17,IT-LOM,dried-sage,35,245.65
2025-08-18,DE-BE,herbal-tea,32,137.4
2025-08-18,DE-BE,basil-seeds,8,17.98
2025-08-18,DE-BE,mint-oil,10,106.79
2025-08-18,DE-BE,dried-sage,10,67.39
2025-08-18,DE-BY,herbal-tea,128,582.8
2025-08-18,DE-BY,basil-seeds,30,67.89
2025-08-18,DE-BY,mint-oil,54,602.09
2025-08-18,DE-BY,dried-sage,41,291.03
2025-08-18,DE-HH,herbal-tea,17,73.17
2025-08-18,DE-HH,basil-seeds,5,10.74
2025-08-18,DE-HH,mint-oil,6,65.29
2025-08-18,DE-HH,dried-sage,5,35.14
2025-08-18,FR-IDF,herbal-tea,120,541.58
2025-08-18,FR-IDF,basil-seeds,45,94.1
2025-08-18,FR-IDF,mint-oil,31,353.17
2025-08-18,FR-IDF,dried-sage,31,204.0
2025-08-18,FR-ARA,herbal-tea,82,384.9
2025-08-18,FR-ARA,basil-seeds,22,48.48
2025-08-18,FR-ARA,mint-oil,16,176.5
2025-08-18,FR-ARA,dried-sage,31,201.61
2025-08-18,NL-NH,herbal-tea,23,99.0
2025-08-18,NL-NH,basil-seeds,10,22.43
2025-08-18,NL-NH,mint-oil,7,74.47
2025-08-18,NL-NH,dried-sage,7,47.94
2025-08-18,ES-MD,herbal-tea,44,196.17
2025-08-18,ES-MD,basil-seeds,13,27.62
2025-08-18,ES-MD,mint-oil,20,224.77
2025-08-18,ES-MD,dried-sage,25,167.76
2025-08-18,IT-LOM,herbal-tea,76,332.21
2025-08-18,IT-LOM,basil-seeds,20,43.16
2025-08-18,IT-LOM,mint-oil,30,342.32
2025-08-18,IT-LOM,dried-sage,26,182.49
2025-08-19,DE-BE,herbal-tea,25,111.26
2025-08-19,DE-BE,basil-seeds,19,41.19
2025-08-19,DE-BE,mint-oil,11,125.43
2025-08-19,DE-BE,dried-sage,6,38.93
2025-08-19,DE-BY,herbal-tea,91,416.7
2025-08-19,DE-BY,basil-seeds,44,95.25
2025-08-19,DE-BY,mint-oil,36,414.19
2025-08-19,DE-BY,dried-sage,32,226.55
2025-08-19,DE-HH,herbal-tea,16,71.12
2025-08-19,DE-HH,basil-seeds,5,10.9
2025-08-19,DE-HH,mint-oil,5,55.42
2025-08-19,DE-HH,dried-sage,6,42.08
2025-08-19,FR-IDF,herbal-tea,43,198.76
2025-08-19,FR-IDF,basil-seeds,36,81.03
2025-08-19,FR-IDF,mint-oil,28,308.03
2025-08-19,FR-IDF,dried-sage,45,296.16
2025-08-19,FR-ARA,herbal-tea,79,372.3
2025-08-19,FR-ARA,basil-seeds,23,50.43
2025-08-19,FR-ARA,mint-oil,25,280.18
2025-08-19,FR-ARA,dried-sage,22,142.68
2025-08-19,NL-NH,herbal-tea,22,102.49
2025-08-19,NL-NH,basil-seeds,8,17.14
2025-08-19,NL-NH,mint-oil,10,112.92
2025-08-19,NL-NH,dried-sage,8,53.61
2025-08-19,ES-MD,herbal-tea,59,260.59
2025-08-19,ES-MD,basil-seeds,17,38.18
2025-08-19,ES-MD,mint-oil,17,180.29
2025-08-19,ES-MD,dried-sage,22,143.65
2025-08-19,IT-LOM,herbal-tea,102,460.2
2025-08-19,IT-LOM,basil-seeds,35,78.7
2025-08-19,IT-LOM,mint-oil,32,355.75
2025-08-19,IT-LOM,dried-sage,20,131.9
2025-08-20,DE-BE,herbal-tea,21,91.65
2025-08-20,DE-BE,basil-seeds,9,19.24
2025-08-20,DE-BE,mint-oil,9,96.28
2025-08-20,DE-BE,dried-sage,13,91.78
2025-08-20,DE-BY,herbal-tea,133,625.8
2025-08-20,DE-BY,basil-seeds,27,61.88
2025-08-20,DE-BY,mint-oil,31,349.81
2025-08-20,DE-BY,dried-sage,32,213.85
2025-08-20,DE-HH,herbal-tea,11,49.5
2025-08-20,DE-HH,basil-seeds,6,13.08
2025-08-20,DE-HH,mint-oil,2,22.86
2025-08-20,DE-HH,dried-sage,4,25.87
2025-08-20,FR-IDF,herbal-tea,116,547.96
2025-08-20,FR-IDF,basil-seeds,52,109.02
2025-08-20,FR-IDF,mint-oil,49,518.09
2025-08-20,FR-IDF,dried-sage,46,301.16
2025-08-20,FR-ARA,herbal-tea,34,149.09
2025-08-20,FR-ARA,basil-seeds,16,34.77
2025-08-20,FR-ARA,mint-oil,15,161.1
2025-08-20,FR-ARA,dried-sage,25,166.32
2025-08-20,NL-NH,herbal-tea,26,119.63
2025-08-20,NL-NH,basil-seeds,8,17.45
2025-08-20,NL-NH,mint-oil,11,117.54
2025-08-20,NL-NH,dried-sage,8,53.68
2025-08-20,ES-MD,herbal-tea,56,240.86
2025-08-20,ES-MD,basil-seeds,17,36.69
2025-08-20,ES-MD,mint-oil,22,242.63
2025-08-20,ES-MD,dried-sage,21,146.68
2025-08-20,IT-LOM,herbal-tea,74,323.87
2025-08-20,IT-LOM,basil-seeds,39,84.92
2025-08-20,IT-LOM,mint-oil,15,166.43
2025-08-20,IT-LOM,dried-sage,32,223.18
2025-08-21,DE-BE,herbal-tea,27,124.21
2025-08-21,DE-BE,basil-seeds,12,27.57
2025-08-21,DE-BE,mint-oil,8,84.25
2025-08-21,DE-BE,dried-sage,9,60.9
2025-08-21,DE-BY,herbal-tea,92,397.12
2025-08-21,DE-BY,basil-seeds,49,112.48
2025-08-21,DE-BY,mint-oil,33,355.52
2025-08-21,DE-BY,dried-sage,21,143.08
2025-08-21,DE-HH,herbal-tea,9,41.83
2025-08-21,DE-HH,basil-seeds,6,13.37
2025-08-21,DE-HH,mint-oil,5,54.96
2025-08-21,DE-HH,dried-sage,4,26.92
2025-08-21,FR-IDF,herbal-tea,58,249.16
2025-08-21,FR-IDF,basil-seeds,43,96.43
2025-08-21,FR-IDF,mint-oil,40,452.33
2025-08-21,FR-IDF,dried-sage,40,258.89
2025-08-21,FR-ARA,herbal-tea,75,354.05
2025-08-21,FR-ARA,basil-seeds,25,55.11
2025-08-21,FR-ARA,mint-oil,26,297.0
2025-08-21,FR-ARA,dried-sage,30,195.6
2025-08-21,NL-NH,herbal-tea,24,104.26
2025-08-21,NL-NH,basil-seeds,8,17.52
2025-08-21,NL-NH,mint-oil,7,73.92
2025-08-21,NL-NH,dried-sage,12,78.95
2025-08-21,ES-MD,herbal-tea,60,266.11
2025-08-21,ES-MD,basil-seeds,31,70.36
2025-08-21,ES-MD,mint-oil,17,188.35
2025-08-21,ES-MD,dried-sage,20,135.8
2025-08-21,IT-LOM,herbal-tea,92,416.54
2025-08-21,IT-LOM,basil-seeds,23,52.64
2025-08-21,IT-LOM,mint-oil,14,159.1
2025-08-21,IT-LOM,dried-sage,15,99.86
2025-08-22,DE-BE,herbal-tea,34,150.0
2025-08-22,DE-BE,basil-seeds,11,24.33
2025-08-22,DE-BE,mint-oil,13,147.01
2025-08-22,DE-BE,dried-sage,3,20.08
2025-08-22,DE-BY,herbal-tea,111,520.12
2025-08-22,DE-BY,basil-seeds,60,135.12
2025-08-22,DE-BY,mint-oil,30,320.49
2025-08-22,DE-BY,dried-sage,38,262.15
2025-08-22,DE-HH,herbal-tea,13,56.17
2025-08-22,DE-HH,basil-seeds,5,10.86
2025-08-22,DE-HH,mint-oil,5,56.77
2025-08-22,DE-HH,dried-sage,5,34.03
2025-08-22,FR-IDF,herbal-tea,130,559.54
2025-08-22,FR-IDF,basil-seeds,36,77.53
2025-08-22,FR-IDF,mint-oil,17,191.01
2025-08-22,FR-IDF,dried-sage,27,182.74
2025-08-22,FR-ARA,herbal-tea,63,280.75
2025-08-22,FR-ARA,basil-seeds,35,77.75
2025-08-22,FR-ARA,mint-oil,11,120.04
2025-08-22,FR-ARA,dried-sage,17,117.04
2025-08-22,NL-NH,herbal-tea,27,123.4
2025-08-22,NL-NH,basil-seeds,4,9.09
2025-08-22,NL-NH,mint-oil,6,67.62
2025-08-22,NL-NH,dried-sage,5,34.6
2025-08-22,ES-MD,herbal-tea,56,241.66
2025-08-22,ES-MD,basil-seeds,10,22.05
2025-08-22,ES-MD,mint-oil,26,288.27
2025-08-22,ES-MD,dried-sage,27,186.11
2025-08-22,IT-LOM,herbal-tea,69,312.53
2025-08-22,IT-LOM,basil-seeds,28,60.33
2025-08-22,IT-LOM,mint-oil,32,354.45
2025-08-22,IT-LOM,dried-sage,14,97.98
2025-08-23,DE-BE,herbal-tea,38,177.68
2025-08-23,DE-BE,basil-seeds,4,8.46
2025-08-23,DE-BE,mint-oil,12,128.34
2025-08-23,DE-BE,dried-sage,5,34.95
2025-08-23,DE-BY,herbal-tea,95,430.23
2025-08-23,DE-BY,basil-seeds,23,52.93
2025-08-23,DE-BY,mint-oil,47,492.34
2025-08-23,DE-BY,dried-sage,38,259.9
2025-08-23,DE-HH,herbal-tea,15,67.21
2025-08-23,DE-HH,basil-seeds,6,13.09
2025-08-23,DE-HH,mint-oil,6,63.85
2025-08-23,DE-HH,dried-sage,3,19.82
2025-08-23,FR-IDF,herbal-tea,9,39.4
2025-08-23,FR-IDF,basil-seeds,20,44.47
2025-08-23,FR-IDF,mint-oil,25,286.22
2025-08-23,FR-IDF,dried-sage,43,296.79
2025-08-23,FR-ARA,herbal-tea,70,319.95
2025-08-23,FR-ARA,basil-seeds,16,35.42
2025-08-23,FR-ARA,mint-oil,31,333.66
2025-08-23,FR-ARA,dried-sage,21,135.7
2025-08-23,NL-NH,herbal-tea,16,73.18
2025-08-23,NL-NH,basil-seeds,9,20.75
2025-08-23,NL-NH,mint-oil,9,98.35
2025-08-23,NL-NH,dried-sage,5,32.4
2025-08-23,ES-MD,herbal-tea,54,240.72
2025-08-23,ES-MD,basil-seeds,9,20.32
2025-08-23,ES-MD,mint-oil,14,156.48
2025-08-23,ES-MD,dried-sage,16,104.38
2025-08-23,IT-LOM,herbal-tea,43,190.5
2025-08-23,IT-LOM,basil-seeds,22,49.03
2025-08-23,IT-LOM,mint-oil,30,332.04
2025-08-23,IT-LOM,dried-sage,23,161.23
2025-08-24,DE-BE,herbal-tea,38,177.54
2025-08-24,DE-BE,basil-seeds,13,29.36
2025-08-24,DE-BE,mint-oil,10,108.21
2025-08-24,DE-BE,dried-sage,7,49.62
2025-08-24,DE-BY,herbal-tea,128,591.97
2025-08-24,DE-BY,basil-seeds,47,102.35
2025-08-24,DE-BY,mint-oil,42,474.62
2025-08-24,DE-BY,dried-sage,44,309.66
2025-08-24,DE-HH,herbal-tea,11,51.26
2025-08-24,DE-HH,basil-seeds,7,15.91
2025-08-24,DE-HH,mint-oil,6,62.71
2025-08-24,DE-HH,dried-sage,6,41.48
2025-08-24,FR-IDF,herbal-tea,50,234.17
2025-08-24,FR-IDF,basil-seeds,30,65.27
2025-08-24,FR-IDF,mint-oil,35,403.47
2025-08-24,FR-IDF,dried-sage,31,208.42
2025-08-24,FR-ARA,herbal-tea,57,248.63
2025-08-24,FR-ARA,basil-seeds,23,51.17
2025-08-24,FR-ARA,mint-oil,25,261.95
2025-08-24,FR-ARA,dried-sage,10,71.03
2025-08-24,NL-NH,herbal-tea,18,82.2
2025-08-24,NL-NH,basil-seeds,8,16.86
2025-08-24,NL-NH,mint-oil,6,67.57
2025-08-24,NL-NH,dried-sage,6,38.98
2025-08-24,ES-MD,herbal-tea,39,177.77
2025-08-24,ES-MD,basil-seeds,19,40.53
2025-08-24,ES-MD,mint-oil,12,130.83
2025-08-24,ES-MD,dried-sage,14,91.81
2025-08-24,IT-LOM,herbal-tea,66,290.46
2025-08-24,IT-LOM,basil-seeds,20,41.87
2025-08-24,IT-LOM,mint-oil,17,182.91
2025-08-24,IT-LOM,dried-sage,25,164.26
2025-08-25,DE-BE,herbal-tea,29,125.8
2025-08-25,DE-BE,basil-seeds,8,17.43
2025-08-25,DE-BE,mint-oil,14,155.48
2025-08-25,DE-BE,dried-sage,8,53.55
2025-08-25,DE-BY,herbal-tea,95,443.42
2025-08-25,DE-BY,basil-seeds,38,85.48
2025-08-25,DE-BY,mint-oil,50,573.27
2025-08-25,DE-BY,dried-sage,19,135.43
2025-08-25,DE-HH,herbal-tea,7,30.14
2025-08-25,DE-HH,basil-seeds,4,9.04
2025-08-25,DE-HH,mint-oil,8,89.54
2025-08-25,DE-HH,dried-sage,6,39.83
2025-08-25,FR-IDF,herbal-tea,114,510.63
2025-08-25,FR-IDF,basil-seeds,35,73.84
2025-08-25,FR-IDF,mint-oil,51,553.03
2025-08-25,FR-IDF,dried-sage,52,368.83
2025-08-25,FR-ARA,herbal-tea,75,334.17
2025-08-25,FR-ARA,basil-seeds,37,81.13
2025-08-25,FR-ARA,mint-oil,30,320.26
2025-08-25,FR-ARA,dried-sage,21,149.88
2025-08-25,NL-NH,herbal-tea,31,133.62
2025-08-25,NL-NH,basil-seeds,7,14.88
2025-08-25,NL-NH,mint-oil,7,76.4
2025-08-25,NL-NH,dried-sage,9,63.19
2025-08-25,ES-MD,herbal-tea,66,296.04
2025-08-25,ES-MD,basil-seeds,20,44.2
2025-08-25,ES-MD,mint-oil,25,266.49
2025-08-25,ES-MD,dried-sage,19,128.52
2025-08-25,IT-LOM,herbal-tea,99,436.91
2025-08-25,IT-LOM,basil-seeds,24,53.29
2025-08-25,IT-LOM,mint-oil,29,321.51
2025-08-25,IT-LOM,dried-sage,25,162.31
2025-08-26,DE-BE,herbal-tea,35,150.3
2025-08-26,DE-BE,basil-seeds,9,20.43
2025-08-26,DE-BE,mint-oil,9,94.57
2025-08-26,DE-BE,dried-sage,12,81.21
2025-08-26,DE-BY,herbal-tea,86,383.07
2025-08-26,DE-BY,basil-seeds,22,48.57
2025-08-26,DE-BY,mint-oil,59,664.64
2025-08-26,DE-BY,dried-sage,30,203.99
2025-08-26,DE-HH,herbal-tea,6,25.85
2025-08-26,DE-HH,basil-seeds,5,11.37
2025-08-26,DE-HH,mint-oil,3,34.3
2025-08-26,DE-HH,dried-sage,3,20.58
2025-08-26,FR-IDF,herbal-tea,103,449.29
2025-08-26,FR-IDF,basil-seeds,33,72.74
2025-08-26,FR-IDF,mint-oil,42,464.13
2025-08-26,FR-IDF,dried-sage,35,243.58
2025-08-26,FR-ARA,herbal-tea,38,172.82
2025-08-26,FR-ARA,basil-seeds,24,51.39
2025-08-26,FR-ARA,mint-oil,14,159.77
2025-08-26,FR-ARA,dried-sage,29,197.98
2025-08-26,NL-NH,herbal-tea,31,135.0
2025-08-26,NL-NH,basil-seeds,5,11.2
2025-08-26,NL-NH,mint-oil,8,85.61
2025-08-26,NL-NH,dried-sage,9,62.73
2025-08-26,ES-MD,herbal-tea,57,263.83
2025-08-26,ES-MD,basil-seeds,20,44.39
2025-08-26,ES-MD,mint-oil,19,212.78
2025-08-26,ES-MD,dried-sage,15,107.04
2025-08-26,IT-LOM,herbal-tea,50,222.81
2025-08-26,IT-LOM,basil-seeds,33,75.78
2025-08-26,IT-LOM,mint-oil,30,339.24
2025-08-26,IT-LOM,dried-sage,37,242.71
2025-08-27,DE-BE,herbal-tea,32,136.83
2025-08-27,DE-BE,basil-seeds,8,17.67
2025-08-27,DE-BE,mint-oil,16,170.38
2025-08-27,DE-BE,dried-sage,14,96.43
2025-08-27,DE-BY,herbal-tea,99,467.43
2025-08-27,DE-BY,basil-seeds,45,100.77
2025-08-27,DE-BY,mint-oil,39,421.92
2025-08-27,DE-BY,dried-sage,38,271.03
2025-08-27,DE-HH,herbal-tea,20,89.14
2025-08-27,DE-HH,basil-seeds,4,8.49
2025-08-27,DE-HH,mint-oil,7,80.37
2025-08-27,DE-HH,dried-sage,6,39.06
2025-08-27,FR-IDF,herbal-tea,78,347.42
2025-08-27,FR-IDF,basil-seeds,33,72.29
2025-08-27,FR-IDF,mint-oil,34,377.39
2025-08-27,FR-IDF,dried-sage,35,244.49
2025-08-27,FR-ARA,herbal-tea,62,282.04
2025-08-27,FR-ARA,basil-seeds,30,64.61
2025-08-27,FR-ARA,mint-oil,23,244.36
2025-08-27,FR-ARA,dried-sage,24,169.6
2025-08-27,NL-NH,herbal-tea,28,120.13
2025-08-27,NL-NH,basil-seeds,9,20.01
2025-08-27,NL-NH,mint-oil,8,88.37
2025-08-27,NL-NH,dried-sage,5,35.62
2025-08-27,ES-MD,herbal-tea,37,166.62
2025-08-27,ES-MD,basil-seeds,16,34.47
2025-08-27,ES-MD,mint-oil,27,292.18
2025-08-27,ES-MD,dried-sage,28,194.88
2025-08-27,IT-LOM,herbal-tea,52,237.45
2025-08-27,IT-LOM,basil-seeds,29,62.42
2025-08-27,IT-LOM,mint-oil,21,230.03
2025-08-27,IT-LOM,dried-sage,32,224.35
2025-08-28,DE-BE,herbal-tea,41,183.42
2025-08-28,DE-BE,basil-seeds,9,19.52
2025-08-28,DE-BE,mint-oil,14,152.49
2025-08-28,DE-BE,dried-sage,17,114.33
2025-08-28,DE-BY,herbal-tea,122,557.6
2025-08-28,DE-BY,basil-seeds,56,117.36
2025-08-28,DE-BY,mint-oil,34,384.48
2025-08-28,DE-BY,dried-sage,34,241.92
2025-08-28,DE-HH,herbal-tea,20,94.26
2025-08-28,DE-HH,basil-seeds,6,13.19
2025-08-28,DE-HH,mint-oil,4,42.46
2025-08-28,DE-HH,dried-sage,5,34.42
2025-08-28,FR-IDF,herbal-tea,123,565.6
2025-08-28,FR-IDF,basil-seeds,31,65.84
2025-08-28,FR-IDF,mint-oil,40,443.38
2025-08-28,FR-IDF,dried-sage,29,197.08
2025-08-28,FR-ARA,herbal-tea,64,288.93
2025-08-28,FR-ARA,basil-seeds,13,29.12
2025-08-28,FR-ARA,mint-oil,33,369.62
2025-08-28,FR-ARA,dried-sage,24,167.97
2025-08-28,NL-NH,herbal-tea,17,79.43
2025-08-28,NL-NH,basil-seeds,11,24.6
2025-08-28,NL-NH,mint-oil,11,119.67
2025-08-28,NL-NH,dried-sage,6,41.73
2025-08-28,ES-MD,herbal-tea,47,201.74
2025-08-28,ES-MD,basil-seeds,25,55.95
2025-08-28,ES-MD,mint-oil,26,276.73
2025-08-28,ES-MD,dried-sage,30,209.03
2025-08-28,IT-LOM,herbal-tea,89,387.79
2025-08-28,IT-LOM,basil-seeds,25,55.13
2025-08-28,IT-LOM,mint-oil,22,233.3
2025-08-28,IT-LOM,dried-sage,31,217.68
2025-08-29,DE-BE,herbal-tea,27,118.42
2025-08-29,DE-BE,basil-seeds,10,22.99
2025-08-29,DE-BE,mint-oil,9,102.43
2025-08-29,DE-BE,dried-sage,7,48.98
2025-08-29,DE-BY,herbal-tea,116,545.0
2025-08-29,DE-BY,basil-seeds,33,72.94
2025-08-29,DE-BY,mint-oil,50,528.17
2025-08-29,DE-BY,dried-sage,32,215.53
2025-08-29,DE-HH,herbal-tea,14,65.62
2025-08-29,DE-HH,basil-seeds,7,14.92
2025-08-29,DE-HH,mint-oil,5,57.38
2025-08-29,DE-HH,dried-sage,3,19.74
2025-08-29,FR-IDF,herbal-tea,121,570.02
2025-08-29,FR-IDF,basil-seeds,33,70.22
2025-08-29,FR-IDF,mint-oil,42,470.99
2025-08-29,FR-IDF,dried-sage,34,227.58
2025-08-29,FR-ARA,herbal-tea,45,194.44
2025-08-29,FR-ARA,basil-seeds,18,41.03
2025-08-29,FR-ARA,mint-oil,27,303.26
2025-08-29,FR-ARA,dried-sage,23,154.35
2025-08-29,NL-NH,herbal-tea,32,144.27
2025-08-29,NL-NH,basil-seeds,9,20.7
2025-08-29,NL-NH,mint-oil,11,115.14
2025-08-29,NL-NH,dried-sage,7,46.75
2025-08-29,ES-MD,herbal-tea,34,157.97
2025-08-29,ES-MD,basil-seeds,21,44.93
2025-08-29,ES-MD,mint-oil,23,243.39
2025-08-29,ES-MD,dried-sage,27,186.82
2025-08-29,IT-LOM,herbal-tea,53,248.67
2025-08-29,IT-LOM,basil-seeds,29,61.33
2025-08-29,IT-LOM,mint-oil,21,220.53
2025-08-29,IT-LOM,dried-sage,31,211.25
2025-08-30,DE-BE,herbal-tea,23,101.11
2025-08-30,DE-BE,basil-seeds,6,12.59
2025-08-30,DE-BE,mint-oil,10,107.88
2025-08-30,DE-BE,dried-sage,8,53.45
2025-08-30,DE-BY,herbal-tea,68,300.73
2025-08-30,DE-BY,basil-seeds,36,76.09
2025-08-30,DE-BY,mint-oil,32,365.59
2025-08-30,DE-BY,dried-sage,24,168.38
2025-08-30,DE-HH,herbal-tea,5,22.56
2025-08-30,DE-HH,basil-seeds,5,10.71
2025-08-30,DE-HH,mint-oil,2,21.0
2025-08-30,DE-HH,dried-sage,6,42.68
2025-08-30,FR-IDF,herbal-tea,78,357.92
2025-08-30,FR-IDF,basil-seeds,49,109.34
2025-08-30,FR-IDF,mint-oil,48,543.44
2025-08-30,FR-IDF,dried-sage,45,291.78
2025-08-30,FR-ARA,herbal-tea,44,200.29
2025-08-30,FR-ARA,basil-seeds,26,59.76
2025-08-30,FR-ARA,mint-oil,26,285.22
2025-08-30,FR-ARA,dried-sage,26,169.02
2025-08-30,NL-NH,herbal-tea,19,85.31
2025-08-30,NL-NH,basil-seeds,6,12.9
2025-08-30,NL-NH,mint-oil,10,110.29
2025-08-30,NL-NH,dried-sage,10,70.42
2025-08-30,ES-MD,herbal-tea,41,177.8
2025-08-30,ES-MD,basil-seeds,20,43.26
2025-08-30,ES-MD,mint-oil,20,218.42
2025-08-30,ES-MD,dried-sage,8,52.0
2025-08-30,IT-LOM,herbal-tea,52,234.15
2025-08-30,IT-LOM,basil-seeds,37,83.78
2025-08-30,IT-LOM,mint-oil,17,183.23
2025-08-30,IT-LOM,dried-sage,28,184.07
2025-08-31,DE-BE,herbal-tea,19,84.11
2025-08-31,DE-BE,basil-seeds,10,22.53
2025-08-31,DE-BE,mint-oil,8,86.59
2025-08-31,DE-BE,dried-sage,6,41.16
2025-08-31,DE-BY,herbal-tea,137,605.24
2025-08-31,DE-BY,basil-seeds,30,67.4
2025-08-31,DE-BY,mint-oil,29,307.16
2025-08-31,DE-BY,dried-sage,29,206.23
2025-08-31,DE-HH,herbal-tea,21,97.45
2025-08-31,DE-HH,basil-seeds,2,4.37
2025-08-31,DE-HH,mint-oil,4,45.54
2025-08-31,DE-HH,dried-sage,5,35.3
2025-08-31,FR-IDF,herbal-tea,125,555.33
2025-08-31,FR-IDF,basil-seeds,35,74.92
2025-08-31,FR-IDF,mint-oil,27,310.62
2025-08-31,FR-IDF,dried-sage,25,163.73
2025-08-31,FR-ARA,herbal-tea,79,367.13
2025-08-31,FR-ARA,basil-seeds,11,24.92
2025-08-31,FR-ARA,mint-oil,22,230.03
2025-08-31,FR-ARA,dried-sage,18,120.44
2025-08-31,NL-NH,herbal-tea,23,104.88
2025-08-31,NL-NH,basil-seeds,7,15.49
2025-08-31,NL-NH,mint-oil,7,75.49
2025-08-31,NL-NH,dried-sage,8,56.31
2025-08-31,ES-MD,herbal-tea,33,149.78
2025-08-31,ES-MD,basil-seeds,16,36.94
2025-08-31,ES-MD,mint-oil,11,125.24
2025-08-31,ES-MD,dried-sage,17,121.27
2025-08-31,IT-LOM,herbal-tea,71,323.89
2025-08-31,IT-LOM,basil-seeds,33,72.17
2025-08-31,IT-LOM,mint-oil,35,371.51
2025-08-31,IT-LOM,dried-sage,22,142.22
2025-09-01,DE-BE,herbal-tea,24,110.58
2025-09-01,DE-BE,basil-seeds,14,29.78
2025-09-01,DE-BE,mint-oil,10,115.05
2025-09-01,DE-BE,dried-sage,13,88.63
2025-09-01,DE-BY,herbal-tea,112,506.19
2025-09-01,DE-BY,basil-seeds,34,77.17
2025-09-01,DE-BY,mint-oil,39,410.25
2025-09-01,DE-BY,dried-sage,33,217.67
2025-09-01,DE-HH,herbal-tea,19,81.29
2025-09-01,DE-HH,basil-seeds,7,15.1
2025-09-01,DE-HH,mint-oil,6,62.75
2025-09-01,DE-HH,dried-sage,6,39.13
2025-09-01,FR-IDF,herbal-tea,98,426.01
2025-09-01,FR-IDF,basil-seeds,43,96.66
2025-09-01,FR-IDF,mint-oil,34,361.47
2025-09-01,FR-IDF,dried-sage,37,250.89
2025-09-01,FR-ARA,herbal-tea,58,259.85
2025-09-01,FR-ARA,basil-seeds,24,54.31
2025-09-01,FR-ARA,mint-oil,29,313.29
2025-09-01,FR-ARA,dried-sage,20,139.36
2025-09-01,NL-NH,herbal-tea,18,80.87
2025-09-01,NL-NH,basil-seeds,11,23.91
2025-09-01,NL-NH,mint-oil,12,129.7
2025-09-01,NL-NH,dried-sage,4,27.52
2025-09-01,ES-MD,herbal-tea,31,141.87
2025-09-01,ES-MD,basil-seeds,20,43.8
2025-09-01,ES-MD,mint-oil,25,281.31
2025-09-01,ES-MD,dried-sage,16,107.63
2025-09-01,IT-LOM,herbal-tea,68,304.15
2025-09-01,IT-LOM,basil-seeds,28,59.26
2025-09-01,IT-LOM,mint-oil,27,302.57
2025-09-01,IT-LOM,dried-sage,30,197.85
2025-09-02,DE-BE,herbal-tea,33,154.82
2025-09-02,DE-BE,basil-seeds,7,15.64
2025-09-02,DE-BE,mint-oil,18,206.44
2025-09-02,DE-BE,dried-sage,10,66.82
2025-09-02,DE-BY,herbal-tea,123,557.2
2025-09-02,DE-BY,basil-seeds,51,113.49
2025-09-02,DE-BY,mint-oil,38,437.03
2025-09-02,DE-BY,dried-sage,19,132.21
2025-09-02,DE-HH,herbal-tea,16,72.61
2025-09-02,DE-HH,basil-seeds,3,6.69
2025-09-02,DE-HH,mint-oil,5,53.55
2025-09-02,DE-HH,dried-sage,7,46.01
2025-09-02,FR-IDF,herbal-tea,76,333.26
2025-09-02,FR-IDF,basil-seeds,25,55.43
2025-09-02,FR-IDF,mint-oil,41,453.52
2025-09-02,FR-IDF,dried-sage,32,213.42
2025-09-02,FR-ARA,herbal-tea,48,219.12
2025-09-02,FR-ARA,basil-seeds,27,60.81
2025-09-02,FR-ARA,mint-oil,27,306.15
2025-09-02,FR-ARA,dried-sage,21,139.8
2025-09-02,NL-NH,herbal-tea,30,131.77
2025-09-02,NL-NH,basil-seeds,7,15.02
2025-09-02,NL-NH,mint-oil,10,111.22
2025-09-02,NL-NH,dried-sage,5,34.77
2025-09-02,ES-MD,herbal-tea,61,283.42
2025-09-02,ES-MD,basil-seeds,25,56.98
2025-09-02,ES-MD,mint-oil,17,180.91
2025-09-02,ES-MD,dried-sage,21,136.66
2025-09-02,IT-LOM,herbal-tea,94,439.97
2025-09-02,IT-LOM,basil-seeds,31,67.99
2025-09-02,IT-LOM,mint-oil,21,222.05
2025-09-02,IT-LOM,dried-sage,28,190.22
2025-09-03,DE-BE,herbal-tea,36,163.29
2025-09-03,DE-BE,basil-seeds,10,22.13
2025-09-03,DE-BE,mint-oil,13,137.98
2025-09-03,DE-BE,dried-sage,10,70.12
2025-09-03,DE-BY,herbal-tea,107,495.62
2025-09-03,DE-BY,basil-seeds,35,76.21
2025-09-03,DE-BY,mint-oil,45,497.37
2025-09-03,DE-BY,dried-sage,20,131.56
2025-09-03,DE-HH,herbal-tea,17,76.91
2025-09-03,DE-HH,basil-seeds,4,8.89
2025-09-03,DE-HH,mint-oil,8,88.16
2025-09-03,DE-HH,dried-sage,4,27.22
2025-09-03,FR-IDF,herbal-tea,77,336.47
2025-09-03,FR-IDF,basil-seeds,33,74.34
2025-09-03,FR-IDF,mint-oil,34,374.54
2025-09-03,FR-IDF,dried-sage,28,184.4
2025-09-03,FR-ARA,herbal-tea,54,232.33
2025-09-03,FR-ARA,basil-seeds,19,43.21
2025-09-03,FR-ARA,mint-oil,24,271.09
2025-09-03,FR-ARA,dried-sage,3,19.79
2025-09-03,NL-NH,herbal-tea,22,103.18
2025-09-03,NL-NH,basil-seeds,10,22.32
2025-09-03,NL-NH,mint-oil,10,110.81
2025-09-03,NL-NH,dried-sage,4,26.14
2025-09-03,ES-MD,herbal-tea,78,339.17
2025-09-03,ES-MD,basil-seeds,24,51.27
2025-09-03,ES-MD,mint-oil,19,216.68
2025-09-03,ES-MD,dried-sage,9,58.28
2025-09-03,IT-LOM,herbal-tea,95,439.44
2025-09-03,IT-LOM,basil-seeds,38,85.52
2025-09-03,IT-LOM,mint-oil,24,251.43
2025-09-03,IT-LOM,dried-sage,26,173.31
2025-09-04,DE-BE,herbal-tea,19,87.51
2025-09-04,DE-BE,basil-seeds,12,25.59
2025-09-04,DE-BE,mint-oil,10,104.55
2025-09-04,DE-BE,dried-sage,10,67.43
2025-09-04,DE-BY,herbal-tea,88,399.7
2025-09-04,DE-BY,basil-seeds,41,86.53
2025-09-04,DE-BY,mint-oil,45,472.65
2025-09-04,DE-BY,dried-sage,38,249.38
2025-09-04,DE-HH,herbal-tea,16,69.25
2025-09-04,DE-HH,basil-seeds,6,13.45
2025-09-04,DE-HH,mint-oil,5,54.82
2025-09-04,DE-HH,dried-sage,4,27.64
2025-09-04,FR-IDF,herbal-tea,129,594.78
2025-09-04,FR-IDF,basil-seeds,40,84.39
2025-09-04,FR-IDF,mint-oil,43,455.48
2025-09-04,FR-IDF,dried-sage,42,276.48
2025-09-04,FR-ARA,herbal-tea,83,371.5
2025-09-04,FR-ARA,basil-seeds,31,69.72
2025-09-04,FR-ARA,mint-oil,17,191.86
2025-09-04,FR-ARA,dried-sage,12,85.13
2025-09-04,NL-NH,herbal-tea,26,119.69
2025-09-04,NL-NH,basil-seeds,11,23.08
2025-09-04,NL-NH,mint-oil,6,64.93
2025-09-04,NL-NH,dried-sage,7,47.77
2025-09-04,ES-MD,herbal-tea,46,214.8
2025-09-04,ES-MD,basil-seeds,15,34.03
2025-09-04,ES-MD,mint-oil,21,237.11
2025-09-04,ES-MD,dried-sage,18,119.73
2025-09-04,IT-LOM,herbal-tea,93,430.63
2025-09-04,IT-LOM,basil-seeds,33,73.93
2025-09-04,IT-LOM,mint-oil,27,292.16
2025-09-04,IT-LOM,dried-sage,27,174.58
2025-09-05,DE-BE,herbal-tea,19,82.51
2025-09-05,DE-BE,basil-seeds,4,8.61
2025-09-05,DE-BE,mint-oil,15,166.51
2025-09-05,DE-BE,dried-sage,15,104.05
2025-09-05,DE-BY,herbal-tea,60,275.98
2025-09-05,DE-BY,basil-seeds,59,134.21
2025-09-05,DE-BY,mint-oil,55,614.39
2025-09-05,DE-BY,dried-sage,46,322.35
2025-09-05,DE-HH,herbal-tea,16,72.69
2025-09-05,DE-HH,basil-seeds,7,14.83
2025-09-05,DE-HH,mint-oil,5,52.34
2025-09-05,DE-HH,dried-sage,4,26.1
2025-09-05,FR-IDF,herbal-tea,110,483.89
2025-09-05,FR-IDF,basil-seeds,35,76.41
2025-09-05,FR-IDF,mint-oil,31,336.45
2025-09-05,FR-IDF,dried-sage,43,286.76
2025-09-05,FR-ARA,herbal-tea,74,317.25
2025-09-05,FR-ARA,basil-seeds,22,50.54
2025-09-05,FR-ARA,mint-oil,32,335.3
2025-09-05,FR-ARA,dried-sage,17,121.27
2025-09-05,NL-NH,herbal-tea,29,128.7
2025-09-05,NL-NH,basil-seeds,7,14.88
2025-09-05,NL-NH,mint-oil,9,94.65
2025-09-05,NL-NH,dried-sage,11,75.54
2025-09-05,ES-MD,herbal-tea,75,353.16
2025-09-05,ES-MD,basil-seeds,23,50.25
2025-09-05,ES-MD,mint-oil,21,224.72
2025-09-05,ES-MD,dried-sage,19,124.37
2025-09-05,IT-LOM,herbal-tea,74,346.36
2025-09-05,IT-LOM,basil-seeds,40,86.61
2025-09-05,IT-LOM,mint-oil,29,329.46
2025-09-05,IT-LOM,dried-sage,45,311.64
2025-09-06,DE-BE,herbal-tea,22,101.08
2025-09-06,DE-BE,basil-seeds,8,17.22
2025-09-06,DE-BE,mint-oil,9,100.15
2025-09-06,DE-BE,dried-sage,11,77.85
2025-09-06,DE-BY,herbal-tea,64,299.93
2025-09-06,DE-BY,basil-seeds,40,89.23
2025-09-06,DE-BY,mint-oil,19,204.99
2025-09-06,DE-BY,dried-sage,49,318.7
2025-09-06,DE-HH,herbal-tea,7,33.07
2025-09-06,DE-HH,basil-seeds,5,10.86
2025-09-06,DE-HH,mint-oil,4,42.88
2025-09-06,DE-HH,dried-sage,5,33.93
2025-09-06,FR-IDF,herbal-tea,120,526.56
2025-09-06,FR-IDF,basil-seeds,42,91.79
2025-09-06,FR-IDF,mint-oil,40,451.84
2025-09-06,FR-IDF,dried-sage,38,266.08
2025-09-06,FR-ARA,herbal-tea,50,214.35
2025-09-06,FR-ARA,basil-seeds,20,45.81
2025-09-06,FR-ARA,mint-oil,22,232.33
2025-09-06,FR-ARA,dried-sage,13,87.5
2025-09-06,NL-NH,herbal-tea,20,86.96
2025-09-06,NL-NH,basil-seeds,6,13.22
2025-09-06,NL-NH,mint-oil,4,45.37
2025-09-06,NL-NH,dried-sage,6,41.49
2025-09-06,ES-MD,herbal-tea,39,167.26
2025-09-06,ES-MD,basil-seeds,18,40.47
2025-09-06,ES-MD,mint-oil,25,274.0
2025-09-06,ES-MD,dried-sage,16,105.49
2025-09-06,IT-LOM,herbal-tea,89,390.35
2025-09-06,IT-LOM,basil-seeds,27,59.17
2025-09-06,IT-LOM,mint-oil,25,262.56
2025-09-06,IT-LOM,dried-sage,28,197.45
2025-09-07,DE-BE,herbal-tea,20,87.98
2025-09-07,DE-BE,basil-seeds,12,25.87
2025-09-07,DE-BE,mint-oil,10,112.24
2025-09-07,DE-BE,dried-sage,8,51.81
2025-09-07,DE-BY,herbal-tea,75,338.57
2025-09-07,DE-BY,basil-seeds,31,68.39
2025-09-07,DE-BY,mint-oil,27,294.91
2025-09-07,DE-BY,dried-sage,42,278.57
2025-09-07,DE-HH,herbal-tea,14,59.88
2025-09-07,DE-HH,basil-seeds,4,8.54
2025-09-07,DE-HH,mint-oil,3,32.01
2025-09-07,DE-HH,dried-sage,2,13.47
2025-09-07,FR-IDF,herbal-tea,107,478.59
2025-09-07,FR-IDF,basil-seeds,12,25.75
2025-09-07,FR-IDF,mint-oil,22,249.82
2025-09-07,FR-IDF,dried-sage,34,221.46
2025-09-07,FR-ARA,herbal-tea,38,176.65
2025-09-07,FR-ARA,basil-seeds,16,35.9
2025-09-07,FR-ARA,mint-oil,19,219.03
2025-09-07,FR-ARA,dried-sage,20,134.68
2025-09-07,NL-NH,herbal-tea,15,66.35
2025-09-07,NL-NH,basil-seeds,8,17.76
2025-09-07,NL-NH,mint-oil,7,73.54
2025-09-07,NL-NH,dried-sage,3,20.58
2025-09-07,ES-MD,herbal-tea,43,188.71
2025-09-07,ES-MD,basil-seeds,15,31.41
2025-09-07,ES-MD,mint-oil,13,143.63
2025-09-07,ES-MD,dried-sage,11,78.1
2025-09-07,IT-LOM,herbal-tea,97,447.73
2025-09-07,IT-LOM,basil-seeds,30,68.36
2025-09-07,IT-LOM,mint-oil,21,219.52
2025-09-07,IT-LOM,dried-sage,21,139.22
2025-09-08,DE-BE,herbal-tea,33,152.72
2025-09-08,DE-BE,basil-seeds,11,23.09
2025-09-08,DE-BE,mint-oil,8,90.71
2025-09-08,DE-BE,dried-sage,9,59.96
2025-09-08,DE-BY,herbal-tea,130,610.11
2025-09-08,DE-BY,basil-seeds,23,50.07
2025-09-08,DE-BY,mint-oil,16,178.44
2025-09-08,DE-BY,dried-sage,21,144.91
2025-09-08,DE-HH,herbal-tea,16,73.33
2025-09-08,DE-HH,basil-seeds,7,15.88
2025-09-08,DE-HH,mint-oil,4,43.09
2025-09-08,DE-HH,dried-sage,6,40.44
2025-09-08,FR-IDF,herbal-tea,89,389.14
2025-09-08,FR-IDF,basil-seeds,39,83.97
2025-09-08,FR-IDF,mint-oil,46,494.17
2025-09-08,FR-IDF,dried-sage,40,264.75
2025-09-08,FR-ARA,herbal-tea,71,309.37
2025-09-08,FR-ARA,basil-seeds,29,65.31
2025-09-08,FR-ARA,mint-oil,33,366.45
2025-09-08,FR-ARA,dried-sage,22,150.84
2025-09-08,NL-NH,herbal-tea,40,179.03
2025-09-08,NL-NH,basil-seeds,5,10.47
2025-09-08,NL-NH,mint-oil,7,74.42
2025-09-08,NL-NH,dried-sage,4,27.01
2025-09-08,ES-MD,herbal-tea,75,321.51
2025-09-08,ES-MD,basil-seeds,20,43.86
2025-09-08,ES-MD,mint-oil,11,121.49
2025-09-08,ES-MD,dried-sage,19,124.96
2025-09-08,IT-LOM,herbal-tea,85,369.43
2025-09-08,IT-LOM,basil-seeds,31,69.33
2025-09-08,IT-LOM,mint-oil,43,479.04
2025-09-08,IT-LOM,dried-sage,32,208.79
2025-09-09,DE-BE,herbal-tea,47,220.88
2025-09-09,DE-BE,basil-seeds,8,18.13
2025-09-09,DE-BE,mint-oil,12,135.31
2025-09-09,DE-BE,dried-sage,16,109.58
2025-09-09,DE-BY,herbal-tea,61,282.19
2025-09-09,DE-BY,basil-seeds,28,61.28
2025-09-09,DE-BY,mint-oil,43,495.52
2025-09-09,DE-BY,dried-sage,43,305.92
2025-09-09,DE-HH,herbal-tea,14,63.79
2025-09-09,DE-HH,basil-seeds,3,6.91
2025-09-09,DE-HH,mint-oil,7,79.43
2025-09-09,DE-HH,dried-sage,4,28.16
2025-09-09,FR-IDF,herbal-tea,153,715.64
2025-09-09,FR-IDF,basil-seeds,32,69.02
2025-09-09,FR-IDF,mint-oil,46,503.54
2025-09-09,FR-IDF,dried-sage,48,338.81
2025-09-09,FR-ARA,herbal-tea,52,243.99
2025-09-09,FR-ARA,basil-seeds,30,66.47
2025-09-09,FR-ARA,mint-oil,17,185.83
2025-09-09,FR-ARA,dried-sage,26,168.16
2025-09-09,NL-NH,herbal-tea,28,122.97
2025-09-09,NL-NH,basil-seeds,12,25.2
2025-09-09,NL-NH,mint-oil,6,63.32
2025-09-09,NL-NH,dried-sage,9,63.3
2025-09-09,ES-MD,herbal-tea,62,267.43
2025-09-09,ES-MD,basil-seeds,16,35.54
2025-09-09,ES-MD,mint-oil,26,274.1
2025-09-09,ES-MD,dried-sage,24,157.62
2025-09-09,IT-LOM,herbal-tea,103,467.69
2025-09-09,IT-LOM,basil-seeds,22,49.81
2025-09-09,IT-LOM,mint-oil,23,263.22
2025-09-09,IT-LOM,dried-sage,25,164.06
2025-09-10,DE-BE,herbal-tea,29,136.28
2025-09-10,DE-BE,basil-seeds,8,17.9
2025-09-10,DE-BE,mint-oil,14,147.07
2025-09-10,DE-BE,dried-sage,8,51.91
2025-09-10,DE-BY,herbal-tea,81,355.7
2025-09-10,DE-BY,basil-seeds,52,117.72
2025-09-10,DE-BY,mint-oil,42,455.28
2025-09-10,DE-BY,dried-sage,29,188.21
2025-09-10,DE-HH,herbal-tea,19,82.74
2025-09-10,DE-HH,basil-seeds,4,8.61
2025-09-10,DE-HH,mint-oil,7,77.45
2025-09-10,DE-HH,dried-sage,4,26.75
2025-09-10,FR-IDF,herbal-tea,89,417.76
2025-09-10,FR-IDF,basil-seeds,39,86.5
2025-09-10,FR-IDF,mint-oil,45,501.99
2025-09-10,FR-IDF,dried-sage,26,171.17
2025-09-10,FR-ARA,herbal-tea,43,201.75
2025-09-10,FR-ARA,basil-seeds,14,31.42
2025-09-10,FR-ARA,mint-oil,22,239.19
2025-09-10,FR-ARA,dried-sage,32,212.13
2025-09-10,NL-NH,herbal-tea,22,94.3
2025-09-10,NL-NH,basil-seeds,11,24.09
2025-09-10,NL-NH,mint-oil,8,83.7
2025-09-10,NL-NH,dried-sage,9,61.57
2025-09-10,ES-MD,herbal-tea,61,287.71
2025-09-10,ES-MD,basil-seeds,22,47.7
2025-09-10,ES-MD,mint-oil,21,228.84
2025-09-10,ES-MD,dried-sage,11,75.12
2025-09-10,IT-LOM,herbal-tea,96,435.19
2025-09-10,IT-LOM,basil-seeds,36,81.49
2025-09-10,IT-LOM,mint-oil,31,342.12
2025-09-10,IT-LOM,dried-sage,39,265.25
2025-09-11,DE-BE,herbal-tea,18,78.06
2025-09-11,DE-BE,basil-seeds,7,15.03
2025-09-11,DE-BE,mint-oil,2,22.56
2025-09-11,DE-BE,dried-sage,12,81.15
2025-09-11,DE-BY,herbal-tea,81,368.99
2025-09-11,DE-BY,basil-seeds,35,73.64
2025-09-11,DE-BY,mint-oil,37,420.42
2025-09-11,DE-BY,dried-sage,46,315.51
2025-09-11,DE-HH,herbal-tea,15,66.54
2025-09-11,DE-HH,basil-seeds,3,6.77
2025-09-11,DE-HH,mint-oil,3,34.65
2025-09-11,DE-HH,dried-sage,4,28.21
2025-09-11,FR-IDF,herbal-tea,95,415.25
2025-09-11,FR-IDF,basil-seeds,32,71.95
2025-09-11,FR-IDF,mint-oil,43,495.75
2025-09-11,FR-IDF,dried-sage,31,201.18
2025-09-11,FR-ARA,herbal-tea,64,276.32
2025-09-11,FR-ARA,basil-seeds,32,69.22
2025-09-11,FR-ARA,mint-oil,24,255.17
2025-09-11,FR-ARA,dried-sage,23,162.76
2025-09-11,NL-NH,herbal-tea,22,95.48
2025-09-11,NL-NH,basil-seeds,10,21.17
2025-09-11,NL-NH,mint-oil,10,104.85
2025-09-11,NL-NH,dried-sage,9,59.32
2025-09-11,ES-MD,herbal-tea,54,244.63
2025-09-11,ES-MD,basil-seeds,21,45.75
2025-09-11,ES-MD,mint-oil,28,307.51
2025-09-11,ES-MD,dried-sage,23,162.84
2025-09-11,IT-LOM,herbal-tea,79,342.23
2025-09-11,IT-LOM,basil-seeds,17,36.5
2025-09-11,IT-LOM,mint-oil,17,189.44
2025-09-11,IT-LOM,dried-sage,27,184.46
2025-09-12,DE-BE,herbal-tea,43,200.59
2025-09-12,DE-BE,basil-seeds,10,21.92
2025-09-12,DE-BE,mint-oil,10,105.38
2025-09-12,DE-BE,dried-sage,11,73.09
2025-09-12,DE-BY,herbal-tea,19,87.96
2025-09-12,DE-BY,basil-seeds,36,81.89
2025-09-12,DE-BY,mint-oil,23,256.2
2025-09-12,DE-BY,dried-sage,24,170.5
2025-09-12,DE-HH,herbal-tea,10,45.17
2025-09-12,DE-HH,basil-seeds,5,11.34
2025-09-12,DE-HH,mint-oil,5,54.43
2025-09-12,DE-HH,dried-sage,9,61.93
2025-09-12,FR-IDF,herbal-tea,45,200.09
2025-09-12,FR-IDF,basil-seeds,44,94.98
2025-09-12,FR-IDF,mint-oil,39,422.15
2025-09-12,FR-IDF,dried-sage,34,225.68
2025-09-12,FR-ARA,herbal-tea,55,237.86
2025-09-12,FR-ARA,basil-seeds,32,71.2
2025-09-12,FR-ARA,mint-oil,22,231.32
2025-09-12,FR-ARA,dried-sage,15,103.91
2025-09-12,NL-NH,herbal-tea,18,82.6
2025-09-12,NL-NH,basil-seeds,9,19.57
2025-09-12,NL-NH,mint-oil,8,84.22
2025-09-12,NL-NH,dried-sage,6,39.08
2025-09-12,ES-MD,herbal-tea,52,241.78
2025-09-12,ES-MD,basil-seeds,18,39.75
2025-09-12,ES-MD,mint-oil,21,224.23
2025-09-12,ES-MD,dried-sage,11,73.41
2025-09-12,IT-LOM,herbal-tea,53,229.57
2025-09-12,IT-LOM,basil-seeds,36,79.32
2025-09-12,IT-LOM,mint-oil,29,304.83
2025-09-12,IT-LOM,dried-sage,37,251.24
2025-09-13,DE-BE,herbal-tea,36,164.45
2025-09-13,DE-BE,basil-seeds,11,23.72
2025-09-13,DE-BE,mint-oil,12,133.06
2025-09-13,DE-BE,dried-sage,12,78.98
2025-09-13,DE-BY,herbal-tea,83,368.83
2025-09-13,DE-BY,basil-seeds,43,98.05
2025-09-13,DE-BY,mint-oil,37,409.31
2025-09-13,DE-BY,dried-sage,18,121.6
2025-09-13,DE-HH,herbal-tea,11,50.93
2025-09-13,DE-HH,basil-seeds,4,8.59
2025-09-13,DE-HH,mint-oil,7,75.54
2025-09-13,DE-HH,dried-sage,5,33.74
2025-09-13,FR-IDF,herbal-tea,56,247.97
2025-09-13,FR-IDF,basil-seeds,42,96.03
2025-09-13,FR-IDF,mint-oil,16,172.63
2025-09-13,FR-IDF,dried-sage,24,160.24
2025-09-13,FR-ARA,herbal-tea,60,278.24
2025-09-13,FR-ARA,basil-seeds,31,64.99
2025-09-13,FR-ARA,mint-oil,28,303.98
2025-09-13,FR-ARA,dried-sage,29,203.09
2025-09-13,NL-NH,herbal-tea,27,125.8
2025-09-13,NL-NH,basil-seeds,4,8.52
2025-09-13,NL-NH,mint-oil,4,42.04
2025-09-13,NL-NH,dried-sage,9,60.57
2025-09-13,ES-MD,herbal-tea,37,161.99
2025-09-13,ES-MD,basil-seeds,23,48.34
2025-09-13,ES-MD,mint-oil,14,148.77
2025-09-13,ES-MD,dried-sage,10,65.87
2025-09-13,IT-LOM,herbal-tea,75,353.14
2025-09-13,IT-LOM,basil-seeds,31,70.23
2025-09-13,IT-LOM,mint-oil,11,123.35
2025-09-13,IT-LOM,dried-sage,32,217.03
2025-09-14,DE-BE,herbal-tea,15,68.26
2025-09-14,DE-BE,basil-seeds,12,26.11
2025-09-14,DE-BE,mint-oil,11,123.53
2025-09-14,DE-BE,dried-sage,10,65.28
2025-09-14,DE-BY,herbal-tea,41,184.56
2025-09-14,DE-BY,basil-seeds,53,121.92
2025-09-14,DE-BY,mint-oil,22,239.3
2025-09-14,DE-BY,dried-sage,31,201.52
2025-09-14,DE-HH,herbal-tea,13,55.66
2025-09-14,DE-HH,basil-seeds,0,0.0
2025-09-14,DE-HH,mint-oil,3,33.7
2025-09-14,DE-HH,dried-sage,4,28.54
2025-09-14,FR-IDF,herbal-tea,118,513.63
2025-09-14,FR-IDF,basil-seeds,44,97.72
2025-09-14,FR-IDF,mint-oil,40,452.57
2025-09-14,FR-IDF,dried-sage,27,174.67
2025-09-14,FR-ARA,herbal-tea,60,283.34
2025-09-14,FR-ARA,basil-seeds,14,30.52
2025-09-14,FR-ARA,mint-oil,20,226.86
2025-09-14,FR-ARA,dried-sage,24,156.28
2025-09-14,NL-NH,herbal-tea,18,77.38
2025-09-14,NL-NH,basil-seeds,2,4.41
2025-09-14,NL-NH,mint-oil,8,87.81
2025-09-14,NL-NH,dried-sage,11,72.77
2025-09-14,ES-MD,herbal-tea,36,160.15
2025-09-14,ES-MD,basil-seeds,23,51.88
2025-09-14,ES-MD,mint-oil,23,264.98
2025-09-14,ES-MD,dried-sage,19,130.95
2025-09-14,IT-LOM,herbal-tea,57,256.86
2025-09-14,IT-LOM,basil-seeds,29,62.59
2025-09-14,IT-LOM,mint-oil,32,360.84
2025-09-14,IT-LOM,dried-sage,32,217.68
2025-09-15,DE-BE,herbal-tea,36,166.09
2025-09-15,DE-BE,basil-seeds,9,20.69
2025-09-15,DE-BE,mint-oil,15,163.83
2025-09-15,DE-BE,dried-sage,12,80.01
2025-09-15,DE-BY,herbal-tea,80,354.19
2025-09-15,DE-BY,basil-seeds,50,106.1
2025-09-15,DE-BY,mint-oil,46,486.34
2025-09-15,DE-BY,dried-sage,59,419.03
2025-09-15,DE-HH,herbal-tea,18,80.57
2025-09-15,DE-HH,basil-seeds,7,15.82
2025-09-15,DE-HH,mint-oil,3,34.57
2025-09-15,DE-HH,dried-sage,4,27.7
2025-09-15,FR-IDF,herbal-tea,65,280.36
2025-09-15,FR-IDF,basil-seeds,25,54.66
2025-09-15,FR-IDF,mint-oil,39,417.97
2025-09-15,FR-IDF,dried-sage,21,139.85
2025-09-15,FR-ARA,herbal-tea,48,215.77
2025-09-15,FR-ARA,basil-seeds,16,33.55
2025-09-15,FR-ARA,mint-oil,29,315.16
2025-09-15,FR-ARA,dried-sage,18,118.36
2025-09-15,NL-NH,herbal-tea,29,133.3
2025-09-15,NL-NH,basil-seeds,9,20.11
2025-09-15,NL-NH,mint-oil,12,133.41
2025-09-15,NL-NH,dried-sage,10,67.23
2025-09-15,ES-MD,herbal-tea,55,243.27
2025-09-15,ES-MD,basil-seeds,22,49.06
2025-09-15,ES-MD,mint-oil,27,305.7
2025-09-15,ES-MD,dried-sage,22,145.55
2025-09-15,IT-LOM,herbal-tea,75,325.51
2025-09-15,IT-LOM,basil-seeds,21,46.77
2025-09-15,IT-LOM,mint-oil,31,354.0
2025-09-15,IT-LOM,dried-sage,44,284.59
2025-09-16,DE-BE,herbal-tea,40,185.18
2025-09-16,DE-BE,basil-seeds,7,15.77
2025-09-16,DE-BE,mint-oil,7,76.2
2025-09-16,DE-BE,dried-sage,11,74.61
2025-09-16,DE-BY,herbal-tea,93,432.84
2025-09-16,DE-BY,basil-seeds,61,132.12
2025-09-16,DE-BY,mint-oil,43,492.71
2025-09-16,DE-BY,dried-sage,46,327.05
2025-09-16,DE-HH,herbal-tea,14,65.05
2025-09-16,DE-HH,basil-seeds,7,14.95
2025-09-16,DE-HH,mint-oil,4,42.09
2025-09-16,DE-HH,dried-sage,5,34.35
2025-09-16,FR-IDF,herbal-tea,105,474.98
2025-09-16,FR-IDF,basil-seeds,50,104.67
2025-09-16,FR-IDF,mint-oil,30,339.91
2025-09-16,FR-IDF,dried-sage,22,152.14
2025-09-16,FR-ARA,herbal-tea,66,286.52
2025-09-16,FR-ARA,basil-seeds,32,70.09
2025-09-16,FR-ARA,mint-oil,15,171.17
2025-09-16,FR-ARA,dried-sage,24,167.04
2025-09-16,NL-NH,herbal-tea,26,116.13
2025-09-16,NL-NH,basil-seeds,6,13.31
2025-09-16,NL-NH,mint-oil,7,79.98
2025-09-16,NL-NH,dried-sage,8,55.44
2025-09-16,ES-MD,herbal-tea,95,419.57
2025-09-16,ES-MD,basil-seeds,26,57.65
2025-09-16,ES-MD,mint-oil,24,258.04
2025-09-16,ES-MD,dried-sage,24,162.37
2025-09-16,IT-LOM,herbal-tea,92,394.81
2025-09-16,IT-LOM,basil-seeds,35,73.84
2025-09-16,IT-LOM,mint-oil,28,315.63
2025-09-16,IT-LOM,dried-sage,20,134.39
2025-09-17,DE-BE,herbal-tea,30,140.46
2025-09-17,DE-BE,basil-seeds,13,29.55
2025-09-17,DE-BE,mint-oil,9,95.66
2025-09-17,DE-BE,dried-sage,8,52.96
2025-09-17,DE-BY,herbal-tea,95,447.84
2025-09-17,DE-BY,basil-seeds,38,87.66
2025-09-17,DE-BY,mint-oil,33,359.08
2025-09-17,DE-BY,dried-sage,30,210.46
2025-09-17,DE-HH,herbal-tea,19,89.63
2025-09-17,DE-HH,basil-seeds,5,11.02
2025-09-17,DE-HH,mint-oil,5,55.43
2025-09-17,DE-HH,dried-sage,5,35.44
2025-09-17,FR-IDF,herbal-tea,104,482.8
2025-09-17,FR-IDF,basil-seeds,40,83.73
2025-09-17,FR-IDF,mint-oil,39,408.25
2025-09-17,FR-IDF,dried-sage,55,381.17
2025-09-17,FR-ARA,herbal-tea,51,220.66
2025-09-17,FR-ARA,basil-seeds,28,64.13
2025-09-17,FR-ARA,mint-oil,15,167.83
2025-09-17,FR-ARA,dried-sage,23,157.31
2025-09-17,NL-NH,herbal-tea,25,111.22
2025-09-17,NL-NH,basil-seeds,6,12.55
2025-09-17,NL-NH,mint-oil,10,108.6
2025-09-17,NL-NH,dried-sage,9,63.02
2025-09-17,ES-MD,herbal-tea,47,205.9
2025-09-17,ES-MD,basil-seeds,31,68.56
2025-09-17,ES-MD,mint-oil,27,301.19
2025-09-17,ES-MD,dried-sage,17,110.8
2025-09-17,IT-LOM,herbal-tea,73,327.93
2025-09-17,IT-LOM,basil-seeds,29,63.3
2025-09-17,IT-LOM,mint-oil,30,334.67
2025-09-17,IT-LOM,dried-sage,15,98.89
2025-09-18,DE-BE,herbal-tea,25,113.5
2025-09-18,DE-BE,basil-seeds,17,38.64
2025-09-18,DE-BE,mint-oil,11,117.35
2025-09-18,DE-BE,dried-sage,10,69.86
2025-09-18,DE-BY,herbal-tea,157,699.74
2025-09-18,DE-BY,basil-seeds,42,89.47
2025-09-18,DE-BY,mint-oil,27,310.17
2025-09-18,DE-BY,dried-sage,53,376.71
2025-09-18,DE-HH,herbal-tea,11,47.39
2025-09-18,DE-HH,basil-seeds,4,8.38
2025-09-18,DE-HH,mint-oil,5,57.6
2025-09-18,DE-HH,dried-sage,4,27.66
2025-09-18,FR-IDF,herbal-tea,88,376.72
2025-09-18,FR-IDF,basil-seeds,38,84.83
2025-09-18,FR-IDF,mint-oil,43,453.44
2025-09-18,FR-IDF,dried-sage,32,208.68
2025-09-18,FR-ARA,herbal-tea,92,402.61
2025-09-18,FR-ARA,basil-seeds,8,17.22
2025-09-18,FR-ARA,mint-oil,27,285.14
2025-09-18,FR-ARA,dried-sage,17,116.92
2025-09-18,NL-NH,herbal-tea,30,138.68
2025-09-18,NL-NH,basil-seeds,7,15.35
2025-09-18,NL-NH,mint-oil,8,90.4
2025-09-18,NL-NH,dried-sage,8,55.82
2025-09-18,ES-MD,herbal-tea,39,171.89
2025-09-18,ES-MD,basil-seeds,23,48.78
2025-09-18,ES-MD,mint-oil,14,155.88
2025-09-18,ES-MD,dried-sage,19,124.8
2025-09-18,IT-LOM,herbal-tea,52,234.65
2025-09-18,IT-LOM,basil-seeds,21,46.38
2025-09-18,IT-LOM,mint-oil,21,234.12
2025-09-18,IT-LOM,dried-sage,26,170.05
2025-09-19,DE-BE,herbal-tea,19,86.7
2025-09-19,DE-BE,basil-seeds,10,22.62
2025-09-19,DE-BE,mint-oil,12,136.0
2025-09-19,DE-BE,dried-sage,11,74.27
2025-09-19,DE-BY,herbal-tea,73,330.78
2025-09-19,DE-BY,basil-seeds,54,123.51
2025-09-19,DE-BY,mint-oil,53,561.23
2025-09-19,DE-BY,dried-sage,42,298.26
2025-09-19,DE-HH,herbal-tea,20,92.38
2025-09-19,DE-HH,basil-seeds,7,15.18
2025-09-19,DE-HH,mint-oil,6,66.51
2025-09-19,DE-HH,dried-sage,4,28.1
2025-09-19,FR-IDF,herbal-tea,99,466.79
2025-09-19,FR-IDF,basil-seeds,38,84.05
2025-09-19,FR-IDF,mint-oil,58,663.35
2025-09-19,FR-IDF,dried-sage,37,248.29
2025-09-19,FR-ARA,herbal-tea,68,304.81
2025-09-19,FR-ARA,basil-seeds,26,56.26
2025-09-19,FR-ARA,mint-oil,18,197.22
2025-09-19,FR-ARA,dried-sage,38,257.29
2025-09-19,NL-NH,herbal-tea,21,91.08
2025-09-19,NL-NH,basil-seeds,5,10.78
2025-09-19,NL-NH,mint-oil,5,52.78
2025-09-19,NL-NH,dried-sage,6,41.51
2025-09-19,ES-MD,herbal-tea,63,277.27
2025-09-19,ES-MD,basil-seeds,14,31.13
2025-09-19,ES-MD,mint-oil,10,109.29
2025-09-19,ES-MD,dried-sage,13,85.54
2025-09-19,IT-LOM,herbal-tea,110,486.8
2025-09-19,IT-LOM,basil-seeds,43,95.43
2025-09-19,IT-LOM,mint-oil,17,194.14
2025-09-19,IT-LOM,dried-sage,34,240.76
2025-09-20,DE-BE,herbal-tea,25,109.87
2025-09-20,DE-BE,basil-seeds,14,29.67
2025-09-20,DE-BE,mint-oil,11,118.5
2025-09-20,DE-BE,dried-sage,7,47.53
2025-09-20,DE-BY,herbal-tea,102,471.83
2025-09-20,DE-BY,basil-seeds,26,55.06
2025-09-20,DE-BY,mint-oil,37,421.02
2025-09-20,DE-BY,dried-sage,29,194.58
2025-09-20,DE-HH,herbal-tea,15,64.25
2025-09-20,DE-HH,basil-seeds,2,4.5
2025-09-20,DE-HH,mint-oil,6,68.81
2025-09-20,DE-HH,dried-sage,5,35.35
2025-09-20,FR-IDF,herbal-tea,32,143.41
2025-09-20,FR-IDF,basil-seeds,43,91.87
2025-09-20,FR-IDF,mint-oil,43,471.58
2025-09-20,FR-IDF,dried-sage,44,289.55
2025-09-20,FR-ARA,herbal-tea,65,287.47
2025-09-20,FR-ARA,basil-seeds,27,60.71
2025-09-20,FR-ARA,mint-oil,20,210.96
2025-09-20,FR-ARA,dried-sage,20,136.27
2025-09-20,NL-NH,herbal-tea,30,130.72
2025-09-20,NL-NH,basil-seeds,6,13.45
2025-09-20,NL-NH,mint-oil,7,74.2
2025-09-20,NL-NH,dried-sage,5,33.73
2025-09-20,ES-MD,herbal-tea,22,103.2
2025-09-20,ES-MD,basil-seeds,25,56.62
2025-09-20,ES-MD,mint-oil,13,136.69
2025-09-20,ES-MD,dried-sage,21,140.68
2025-09-20,IT-LOM,herbal-tea,39,183.38
2025-09-20,IT-LOM,basil-seeds,21,44.31
2025-09-20,IT-LOM,mint-oil,7,77.85
2025-09-20,IT-LOM,dried-sage,16,112.54
2025-09-21,DE-BE,herbal-tea,29,134.63
2025-09-21,DE-BE,basil-seeds,8,16.87
2025-09-21,DE-BE,mint-oil,10,114.18
2025-09-21,DE-BE,dried-sage,10,69.66
2025-09-21,DE-BY,herbal-tea,97,449.33
2025-09-21,DE-BY,basil-seeds,52,109.29
2025-09-21,DE-BY,mint-oil,28,293.61
2025-09-21,DE-BY,dried-sage,31,201.75
2025-09-21,DE-HH,herbal-tea,9,38.53
2025-09-21,DE-HH,basil-seeds,5,11.5
2025-09-21,DE-HH,mint-oil,4,46.15
2025-09-21,DE-HH,dried-sage,7,45.63
2025-09-21,FR-IDF,herbal-tea,40,181.11
2025-09-21,FR-IDF,basil-seeds,30,64.86
2025-09-21,FR-IDF,mint-oil,26,275.73
2025-09-21,FR-IDF,dried-sage,47,321.76
2025-09-21,FR-ARA,herbal-tea,33,149.59
2025-09-21,FR-ARA,basil-seeds,22,50.17
2025-09-21,FR-ARA,mint-oil,17,182.46
2025-09-21,FR-ARA,dried-sage,22,156.43
2025-09-21,NL-NH,herbal-tea,20,92.09
2025-09-21,NL-NH,basil-seeds,5,11.51
2025-09-21,NL-NH,mint-oil,8,84.84
2025-09-21,NL-NH,dried-sage,4,27.13
2025-09-21,ES-MD,herbal-tea,55,237.17
2025-09-21,ES-MD,basil-seeds,8,18.31
2025-09-21,ES-MD,mint-oil,17,182.47
2025-09-21,ES-MD,dried-sage,15,97.36
2025-09-21,IT-LOM,herbal-tea,52,236.59
2025-09-21,IT-LOM,basil-seeds,33,70.58
2025-09-21,IT-LOM,mint-oil,28,301.74
2025-09-21,IT-LOM,dried-sage,33,234.97
2025-09-22,DE-BE,herbal-tea,33,147.58
2025-09-22,DE-BE,basil-seeds,7,15.44
2025-09-22,DE-BE,mint-oil,13,148.31
2025-09-22,DE-BE,dried-sage,10,65.63
2025-09-22,DE-BY,herbal-tea,80,351.83
2025-09-22,DE-BY,basil-seeds,38,83.98
2025-09-22,DE-BY,mint-oil,50,533.16
2025-09-22,DE-BY,dried-sage,42,286.97
2025-09-22,DE-HH,herbal-tea,27,126.25
2025-09-22,DE-HH,basil-seeds,5,11.47
2025-09-22,DE-HH,mint-oil,3,34.54
2025-09-22,DE-HH,dried-sage,5,33.38
2025-09-22,FR-IDF,herbal-tea,105,486.57
2025-09-22,FR-IDF,basil-seeds,57,127.04
2025-09-22,FR-IDF,mint-oil,42,445.27
2025-09-22,FR-IDF,dried-sage,29,188.28
2025-09-22,FR-ARA,herbal-tea,56,250.6
2025-09-22,FR-ARA,basil-seeds,30,64.53
2025-09-22,FR-ARA,mint-oil,29,322.82
2025-09-22,FR-ARA,dried-sage,26,174.19
2025-09-22,NL-NH,herbal-tea,19,82.99
2025-09-22,NL-NH,basil-seeds,10,21.3
2025-09-22,NL-NH,mint-oil,10,110.45
2025-09-22,NL-NH,dried-sage,6,40.12
2025-09-22,ES-MD,herbal-tea,55,247.34
2025-09-22,ES-MD,basil-seeds,18,40.39
2025-09-22,ES-MD,mint-oil,19,211.09
2025-09-22,ES-MD,dried-sage,13,91.84
2025-09-22,IT-LOM,herbal-tea,86,371.52
2025-09-22,IT-LOM,basil-seeds,31,70.1
2025-09-22,IT-LOM,mint-oil,33,380.65
2025-09-22,IT-LOM,dried-sage,28,181.24
2025-09-23,DE-BE,herbal-tea,27,126.88
2025-09-23,DE-BE,basil-seeds,13,29.12
2025-09-23,DE-BE,mint-oil,15,159.53
2025-09-23,DE-BE,dried-sage,13,84.19
2025-09-23,DE-BY,herbal-tea,101,442.4
2025-09-23,DE-BY,basil-seeds,30,68.1
2025-09-23,DE-BY,mint-oil,54,569.24
2025-09-23,DE-BY,dried-sage,33,217.15
2025-09-23,DE-HH,herbal-tea,16,69.37
2025-09-23,DE-HH,basil-seeds,5,10.93
2025-09-23,DE-HH,mint-oil,4,44.29
2025-09-23,DE-HH,dried-sage,7,49.37
2025-09-23,FR-IDF,herbal-tea,111,495.39
2025-09-23,FR-IDF,basil-seeds,38,86.21
2025-09-23,FR-IDF,mint-oil,40,422.88
2025-09-23,FR-IDF,dried-sage,34,224.6
2025-09-23,FR-ARA,herbal-tea,62,289.56
2025-09-23,FR-ARA,basil-seeds,20,46.05
2025-09-23,FR-ARA,mint-oil,19,203.98
2025-09-23,FR-ARA,dried-sage,16,110.25
2025-09-23,NL-NH,herbal-tea,22,96.85
2025-09-23,NL-NH,basil-seeds,8,18.4
2025-09-23,NL-NH,mint-oil,5,56.12
2025-09-23,NL-NH,dried-sage,9,63.31
2025-09-23,ES-MD,herbal-tea,38,178.37
2025-09-23,ES-MD,basil-seeds,22,49.41
2025-09-23,ES-MD,mint-oil,16,167.69
2025-09-23,ES-MD,dried-sage,17,112.49
2025-09-23,IT-LOM,herbal-tea,80,342.35
2025-09-23,IT-LOM,basil-seeds,27,58.76
2025-09-23,IT-LOM,mint-oil,40,460.67
2025-09-23,IT-LOM,dried-sage,27,188.61
2025-09-24,DE-BE,herbal-tea,42,190.49
2025-09-24,DE-BE,basil-seeds,11,23.0
2025-09-24,DE-BE,mint-oil,7,79.91
2025-09-24,DE-BE,dried-sage,17,114.77
2025-09-24,DE-BY,herbal-tea,65,300.11
2025-09-24,DE-BY,basil-seeds,39,82.06
2025-09-24,DE-BY,mint-oil,26,297.72
2025-09-24,DE-BY,dried-sage,36,255.95
2025-09-24,DE-HH,herbal-tea,18,81.93
2025-09-24,DE-HH,basil-seeds,5,11.43
2025-09-24,DE-HH,mint-oil,6,67.72
2025-09-24,DE-HH,dried-sage,5,33.13
2025-09-24,FR-IDF,herbal-tea,75,325.57
2025-09-24,FR-IDF,basil-seeds,45,97.63
2025-09-24,FR-IDF,mint-oil,39,448.9
2025-09-24,FR-IDF,dried-sage,38,260.19
2025-09-24,FR-ARA,herbal-tea,44,195.98
2025-09-24,FR-ARA,basil-seeds,20,43.69
2025-09-24,FR-ARA,mint-oil,34,357.5
2025-09-24,FR-ARA,dried-sage,18,122.97
2025-09-24,NL-NH,herbal-tea,22,94.49
2025-09-24,NL-NH,basil-seeds,6,13.46
2025-09-24,NL-NH,mint-oil,8,85.95
2025-09-24,NL-NH,dried-sage,11,76.15
2025-09-24,ES-MD,herbal-tea,47,214.93
2025-09-24,ES-MD,basil-seeds,7,15.51
2025-09-24,ES-MD,mint-oil,18,207.17
2025-09-24,ES-MD,dried-sage,27,181.3
2025-09-24,IT-LOM,herbal-tea,80,359.67
2025-09-24,IT-LOM,basil-seeds,30,65.19
2025-09-24,IT-LOM,mint-oil,32,345.95
2025-09-24,IT-LOM,dried-sage,26,171.81
2025-09-25,DE-BE,herbal-tea,21,90.46
2025-09-25,DE-BE,basil-seeds,7,14.96
2025-09-25,DE-BE,mint-oil,10,114.39
2025-09-25,DE-BE,dried-sage,13,85.6
2025-09-25,DE-BY,herbal-tea,133,579.57
2025-09-25,DE-BY,basil-seeds,47,98.86
2025-09-25,DE-BY,mint-oil,49,549.91
2025-09-25,DE-BY,dried-sage,62,406.82
2025-09-25,DE-HH,herbal-tea,15,69.9
2025-09-25,DE-HH,basil-seeds,4,8.42
2025-09-25,DE-HH,mint-oil,5,52.47
2025-09-25,DE-HH,dried-sage,5,35.34
2025-09-25,FR-IDF,herbal-tea,65,288.29
2025-09-25,FR-IDF,basil-seeds,43,89.92
2025-09-25,FR-IDF,mint-oil,37,423.83
2025-09-25,FR-IDF,dried-sage,25,170.18
2025-09-25,FR-ARA,herbal-tea,65,304.28
2025-09-25,FR-ARA,basil-seeds,27,56.96
2025-09-25,FR-ARA,mint-oil,20,211.99
2025-09-25,FR-ARA,dried-sage,27,191.45
2025-09-25,NL-NH,herbal-tea,21,98.83
2025-09-25,NL-NH,basil-seeds,12,27.52
2025-09-25,NL-NH,mint-oil,5,57.73
2025-09-25,NL-NH,dried-sage,9,61.55
2025-09-25,ES-MD,herbal-tea,69,321.59
2025-09-25,ES-MD,basil-seeds,19,43.31
2025-09-25,ES-MD,mint-oil,26,288.68
2025-09-25,ES-MD,dried-sage,24,161.95
2025-09-25,IT-LOM,herbal-tea,83,390.43
2025-09-25,IT-LOM,basil-seeds,32,68.57
2025-09-25,IT-LOM,mint-oil,22,249.2
2025-09-25,IT-LOM,dried-sage,16,112.99
2025-09-26,DE-BE,herbal-tea,35,157.83
2025-09-26,DE-BE,basil-seeds,13,27.39
2025-09-26,DE-BE,mint-oil,8,83.82
2025-09-26,DE-BE,dried-sage,12,82.38
2025-09-26,DE-BY,herbal-tea,135,582.64
2025-09-26,DE-BY,basil-seeds,40,86.63
2025-09-26,DE-BY,mint-oil,48,530.68
2025-09-26,DE-BY,dried-sage,53,348.9
2025-09-26,DE-HH,herbal-tea,6,25.92
2025-09-26,DE-HH,basil-seeds,7,15.85
2025-09-26,DE-HH,mint-oil,5,54.19
2025-09-26,DE-HH,dried-sage,4,28.32
2025-09-26,FR-IDF,herbal-tea,104,487.18
2025-09-26,FR-IDF,basil-seeds,25,56.23
2025-09-26,FR-IDF,mint-oil,32,349.67
2025-09-26,FR-IDF,dried-sage,25,174.64
2025-09-26,FR-ARA,herbal-tea,53,235.43
2025-09-26,FR-ARA,basil-seeds,24,53.07
2025-09-26,FR-ARA,mint-oil,31,334.62
2025-09-26,FR-ARA,dried-sage,28,195.15
2025-09-26,NL-NH,herbal-tea,21,96.43
2025-09-26,NL-NH,basil-seeds,6,12.66
2025-09-26,NL-NH,mint-oil,8,84.04
2025-09-26,NL-NH,dried-sage,8,57.08
2025-09-26,ES-MD,herbal-tea,49,221.27
2025-09-26,ES-MD,basil-seeds,23,52.16
2025-09-26,ES-MD,mint-oil,17,187.89
2025-09-26,ES-MD,dried-sage,18,120.88
2025-09-26,IT-LOM,herbal-tea,102,462.76
2025-09-26,IT-LOM,basil-seeds,26,59.48
2025-09-26,IT-LOM,mint-oil,32,368.24
2025-09-26,IT-LOM,dried-sage,24,160.12
2025-09-27,DE-BE,herbal-tea,29,130.68
2025-09-27,DE-BE,basil-seeds,10,21.27
2025-09-27,DE-BE,mint-oil,9,94.58
2025-09-27,DE-BE,dried-sage,8,54.68
2025-09-27,DE-BY,herbal-tea,66,300.72
2025-09-27,DE-BY,basil-seeds,25,56.86
2025-09-27,DE-BY,mint-oil,36,382.36
2025-09-27,DE-BY,dried-sage,48,318.3
2025-09-27,DE-HH,herbal-tea,12,52.81
2025-09-27,DE-HH,basil-seeds,6,12.82
2025-09-27,DE-HH,mint-oil,6,66.16
2025-09-27,DE-HH,dried-sage,6,39.21
2025-09-27,FR-IDF,herbal-tea,29,128.67
2025-09-27,FR-IDF,basil-seeds,42,93.35
2025-09-27,FR-IDF,mint-oil,31,328.26
2025-09-27,FR-IDF,dried-sage,32,220.37
2025-09-27,FR-ARA,herbal-tea,59,257.74
2025-09-27,FR-ARA,basil-seeds,20,42.02
2025-09-27,FR-ARA,mint-oil,29,310.04
2025-09-27,FR-ARA,dried-sage,17,111.34
2025-09-27,NL-NH,herbal-tea,18,83.84
2025-09-27,NL-NH,basil-seeds,4,8.47
2025-09-27,NL-NH,mint-oil,8,89.92
2025-09-27,NL-NH,dried-sage,6,38.93
2025-09-27,ES-MD,herbal-tea,47,202.9
2025-09-27,ES-MD,basil-seeds,14,30.29
2025-09-27,ES-MD,mint-oil,21,224.0
2025-09-27,ES-MD,dried-sage,18,124.63
2025-09-27,IT-LOM,herbal-tea,76,352.02
2025-09-27,IT-LOM,basil-seeds,19,40.67
2025-09-27,IT-LOM,mint-oil,29,314.4
2025-09-27,IT-LOM,dried-sage,18,127.33
2025-09-28,DE-BE,herbal-tea,34,147.37
2025-09-28,DE-BE,basil-seeds,11,23.16
2025-09-28,DE-BE,mint-oil,11,122.19
2025-09-28,DE-BE,dried-sage,10,67.43
2025-09-28,DE-BY,herbal-tea,121,557.69
2025-09-28,DE-BY,basil-seeds,23,50.45
2025-09-28,DE-BY,mint-oil,24,273.52
2025-09-28,DE-BY,dried-sage,43,282.43
2025-09-28,DE-HH,herbal-tea,12,51.94
2025-09-28,DE-HH,basil-seeds,3,6.79
2025-09-28,DE-HH,mint-oil,4,45.06
2025-09-28,DE-HH,dried-sage,7,49.13
2025-09-28,FR-IDF,herbal-tea,105,456.54
2025-09-28,FR-IDF,basil-seeds,35,77.52
2025-09-28,FR-IDF,mint-oil,33,349.15
2025-09-28,FR-IDF,dried-sage,25,169.78
2025-09-28,FR-ARA,herbal-tea,39,176.5
2025-09-28,FR-ARA,basil-seeds,20,43.42
2025-09-28,FR-ARA,mint-oil,27,309.1
2025-09-28,FR-ARA,dried-sage,10,67.73
2025-09-28,NL-NH,herbal-tea,20,88.95
2025-09-28,NL-NH,basil-seeds,2,4.49
2025-09-28,NL-NH,mint-oil,8,88.11
2025-09-28,NL-NH,dried-sage,7,47.09
2025-09-28,ES-MD,herbal-tea,39,171.76
2025-09-28,ES-MD,basil-seeds,20,45.16
2025-09-28,ES-MD,mint-oil,17,185.9
2025-09-28,ES-MD,dried-sage,25,168.84
2025-09-28,IT-LOM,herbal-tea,98,445.62
2025-09-28,IT-LOM,basil-seeds,24,51.16
2025-09-28,IT-LOM,mint-oil,26,271.94
2025-09-28,IT-LOM,dried-sage,33,227.7
2025-09-29,DE-BE,herbal-tea,24,104.0
2025-09-29,DE-BE,basil-seeds,13,27.65
2025-09-29,DE-BE,mint-oil,15,158.69
2025-09-29,DE-BE,dried-sage,16,106.58
2025-09-29,DE-BY,herbal-tea,118,526.27
2025-09-29,DE-BY,basil-seeds,45,95.41
2025-09-29,DE-BY,mint-oil,44,491.48
2025-09-29,DE-BY,dried-sage,32,221.85
2025-09-29,DE-HH,herbal-tea,14,64.13
2025-09-29,DE-HH,basil-seeds,6,13.66
2025-09-29,DE-HH,mint-oil,3,33.11
2025-09-29,DE-HH,dried-sage,3,20.39
2025-09-29,FR-IDF,herbal-tea,158,719.37
2025-09-29,FR-IDF,basil-seeds,34,76.59
2025-09-29,FR-IDF,mint-oil,41,439.28
2025-09-29,FR-IDF,dried-sage,34,226.83
2025-09-29,FR-ARA,herbal-tea,67,304.54
2025-09-29,FR-ARA,basil-seeds,22,49.28
2025-09-29,FR-ARA,mint-oil,23,248.92
2025-09-29,FR-ARA,dried-sage,28,185.44
2025-09-29,NL-NH,herbal-tea,33,155.77
2025-09-29,NL-NH,basil-seeds,13,29.88
2025-09-29,NL-NH,mint-oil,10,108.52
2025-09-29,NL-NH,dried-sage,8,51.99
2025-09-29,ES-MD,herbal-tea,45,197.66
2025-09-29,ES-MD,basil-seeds,19,40.56
2025-09-29,ES-MD,mint-oil,24,257.16
2025-09-29,ES-MD,dried-sage,12,78.16
2025-09-29,IT-LOM,herbal-tea,99,446.79
2025-09-29,IT-LOM,basil-seeds,17,37.05
2025-09-29,IT-LOM,mint-oil,21,227.99
2025-09-29,IT-LOM,dried-sage,38,257.54
2025-09-30,DE-BE,herbal-tea,28,126.8
2025-09-30,DE-BE,basil-seeds,5,10.75
2025-09-30,DE-BE,mint-oil,10,110.96
2025-09-30,DE-BE,dried-sage,14,98.96
2025-09-30,DE-BY,herbal-tea,113,522.34
2025-09-30,DE-BY,basil-seeds,32,73.23
2025-09-30,DE-BY,mint-oil,24,260.32
2025-09-30,DE-BY,dried-sage,21,139.09
2025-09-30,DE-HH,herbal-tea,12,55.93
2025-09-30,DE-HH,basil-seeds,6,13.06
2025-09-30,DE-HH,mint-oil,7,77.02
2025-09-30,DE-HH,dried-sage,4,28.46
2025-09-30,FR-IDF,herbal-tea,113,497.33
2025-09-30,FR-IDF,basil-seeds,39,82.19
2025-09-30,FR-IDF,mint-oil,31,342.21
2025-09-30,FR-IDF,dried-sage,44,311.42
2025-09-30,FR-ARA,herbal-tea,31,145.59
2025-09-30,FR-ARA,basil-seeds,18,41.25
2025-09-30,FR-ARA,mint-oil,23,248.99
2025-09-30,FR-ARA,dried-sage,26,181.4
2025-09-30,NL-NH,herbal-tea,19,89.26
2025-09-30,NL-NH,basil-seeds,7,15.52
2025-09-30,NL-NH,mint-oil,5,53.25
2025-09-30,NL-NH,dried-sage,11,77.44
2025-09-30,ES-MD,herbal-tea,55,259.4
2025-09-30,ES-MD,basil-seeds,26,55.12
2025-09-30,ES-MD,mint-oil,15,173.04
2025-09-30,ES-MD,dried-sage,26,172.66
2025-09-30,IT-LOM,herbal-tea,45,198.16
2025-09-30,IT-LOM,basil-seeds,41,94.69
2025-09-30,IT-LOM,mint-oil,40,443.67
2025-09-30,IT-LOM,dried-sage,26,172.34
2025-10-01,DE-BE,herbal-tea,45,208.91
2025-10-01,DE-BE,basil-seeds,7,15.09
2025-10-01,DE-BE,mint-oil,10,112.4
2025-10-01,DE-BE,dried-sage,13,84.47
2025-10-01,DE-BY,herbal-tea,89,411.33
2025-10-01,DE-BY,basil-seeds,37,79.17
2025-10-01,DE-BY,mint-oil,54,565.37
2025-10-01,DE-BY,dried-sage,36,245.64
2025-10-01,DE-HH,herbal-tea,14,65.77
2025-10-01,DE-HH,basil-seeds,5,11.35
2025-10-01,DE-HH,mint-oil,6,63.49
2025-10-01,DE-HH,dried-sage,5,33.55
2025-10-01,FR-IDF,herbal-tea,87,408.43
2025-10-01,FR-IDF,basil-seeds,35,75.31
2025-10-01,FR-IDF,mint-oil,41,472.17
2025-10-01,FR-IDF,dried-sage,44,292.6
2025-10-01,FR-ARA,herbal-tea,78,365.25
2025-10-01,FR-ARA,basil-seeds,20,45.31
2025-10-01,FR-ARA,mint-oil,23,256.81
2025-10-01,FR-ARA,dried-sage,36,249.17
2025-10-01,NL-NH,herbal-tea,30,136.93
2025-10-01,NL-NH,basil-seeds,9,19.13
2025-10-01,NL-NH,mint-oil,6,62.87
2025-10-01,NL-NH,dried-sage,5,34.1
2025-10-01,ES-MD,herbal-tea,63,292.58
2025-10-01,ES-MD,basil-seeds,10,21.39
2025-10-01,ES-MD,mint-oil,15,166.28
2025-10-01,ES-MD,dried-sage,22,148.11
2025-10-01,IT-LOM,herbal-tea,74,331.94
2025-10-01,IT-LOM,basil-seeds,34,71.89
2025-10-01,IT-LOM,mint-oil,39,409.55
2025-10-01,IT-LOM,dried-sage,24,167.5
2025-10-02,DE-BE,herbal-tea,26,120.67
2025-10-02,DE-BE,basil-seeds,6,13.77
2025-10-02,DE-BE,mint-oil,17,184.52
2025-10-02,DE-BE,dried-sage,14,96.62
2025-10-02,DE-BY,herbal-tea,102,437.21
2025-10-02,DE-BY,basil-seeds,37,78.57
2025-10-02,DE-BY,mint-oil,43,455.41
2025-10-02,DE-BY,dried-sage,35,233.46
2025-10-02,DE-HH,herbal-tea,12,56.4
2025-10-02,DE-HH,basil-seeds,7,14.81
2025-10-02,DE-HH,mint-oil,6,69.09
2025-10-02,DE-HH,dried-sage,5,34.65
2025-10-02,FR-IDF,herbal-tea,137,632.72
2025-10-02,FR-IDF,basil-seeds,51,112.53
2025-10-02,FR-IDF,mint-oil,34,392.46
2025-10-02,FR-IDF,dried-sage,33,233.57
2025-10-02,FR-ARA,herbal-tea,68,309.75
2025-10-02,FR-ARA,basil-seeds,28,60.68
2025-10-02,FR-ARA,mint-oil,30,319.31
2025-10-02,FR-ARA,dried-sage,33,229.36
2025-10-02,NL-NH,herbal-tea,20,92.04
2025-10-02,NL-NH,basil-seeds,8,18.23
2025-10-02,NL-NH,mint-oil,9,101.17
2025-10-02,NL-NH,dried-sage,6,42.7
2025-10-02,ES-MD,herbal-tea,37,169.15
2025-10-02,ES-MD,basil-seeds,29,61.97
2025-10-02,ES-MD,mint-oil,20,223.08
2025-10-02,ES-MD,dried-sage,23,160.64
2025-10-02,IT-LOM,herbal-tea,51,222.39
2025-10-02,IT-LOM,basil-seeds,34,74.97
2025-10-02,IT-LOM,mint-oil,29,314.65
2025-10-02,IT-LOM,dried-sage,29,196.68
2025-10-03,DE-BE,herbal-tea,25,116.23
2025-10-03,DE-BE,basil-seeds,5,11.31
2025-10-03,DE-BE,mint-oil,11,120.11
2025-10-03,DE-BE,dried-sage,13,88.46
2025-10-03,DE-BY,herbal-tea,136,587.01
2025-10-03,DE-BY,basil-seeds,38,79.83
2025-10-03,DE-BY,mint-oil,43,458.22
2025-10-03,DE-BY,dried-sage,39,268.04
2025-10-03,DE-HH,herbal-tea,15,67.54
2025-10-03,DE-HH,basil-seeds,4,8.5
2025-10-03,DE-HH,mint-oil,6,63.35
2025-10-03,DE-HH,dried-sage,4,27.18
2025-10-03,FR-IDF,herbal-tea,104,474.78
2025-10-03,FR-IDF,basil-seeds,40,91.98
2025-10-03,FR-IDF,mint-oil,43,494.89
2025-10-03,FR-IDF,dried-sage,36,249.15
2025-10-03,FR-ARA,herbal-tea,57,245.97
2025-10-03,FR-ARA,basil-seeds,21,47.86
2025-10-03,FR-ARA,mint-oil,18,196.71
2025-10-03,FR-ARA,dried-sage,14,97.17
2025-10-03,NL-NH,herbal-tea,22,101.77
2025-10-03,NL-NH,basil-seeds,13,28.54
2025-10-03,NL-NH,mint-oil,7,74.16
2025-10-03,NL-NH,dried-sage,12,79.23
2025-10-03,ES-MD,herbal-tea,64,293.5
2025-10-03,ES-MD,basil-seeds,19,40.35
2025-10-03,ES-MD,mint-oil,31,341.29
2025-10-03,ES-MD,dried-sage,17,117.16
2025-10-03,IT-LOM,herbal-tea,80,377.9
2025-10-03,IT-LOM,basil-seeds,23,49.82
2025-10-03,IT-LOM,mint-oil,44,487.2
2025-10-03,IT-LOM,dried-sage,29,201.49
2025-10-04,DE-BE,herbal-tea,20,93.24
2025-10-04,DE-BE,basil-seeds,6,12.78
2025-10-04,DE-BE,mint-oil,12,130.38
2025-10-04,DE-BE,dried-sage,9,63.16
2025-10-04,DE-BY,herbal-tea,28,122.36
2025-10-04,DE-BY,basil-seeds,12,26.81
2025-10-04,DE-BY,mint-oil,40,457.47
2025-10-04,DE-BY,dried-sage,29,202.93
2025-10-04,DE-HH,herbal-tea,6,25.83
2025-10-04,DE-HH,basil-seeds,5,11.16
2025-10-04,DE-HH,mint-oil,3,33.61
2025-10-04,DE-HH,dried-sage,4,27.18
2025-10-04,FR-IDF,herbal-tea,97,435.87
2025-10-04,FR-IDF,basil-seeds,35,75.58
2025-10-04,FR-IDF,mint-oil,45,508.47
2025-10-04,FR-IDF,dried-sage,13,89.75
2025-10-04,FR-ARA,herbal-tea,53,242.32
2025-10-04,FR-ARA,basil-seeds,21,44.91
2025-10-04,FR-ARA,mint-oil,16,168.21
2025-10-04,FR-ARA,dried-sage,24,167.84
2025-10-04,NL-NH,herbal-tea,17,79.01
2025-10-04,NL-NH,basil-seeds,6,13.17
2025-10-04,NL-NH,mint-oil,6,67.52
2025-10-04,NL-NH,dried-sage,8,55.98
2025-10-04,ES-MD,herbal-tea,58,262.79
2025-10-04,ES-MD,basil-seeds,18,40.79
2025-10-04,ES-MD,mint-oil,24,260.52
2025-10-04,ES-MD,dried-sage,14,94.52
2025-10-04,IT-LOM,herbal-tea,66,298.97
2025-10-04,IT-LOM,basil-seeds,22,50.42
2025-10-04,IT-LOM,mint-oil,21,219.84
2025-10-04,IT-LOM,dried-sage,32,227.03
2025-10-05,DE-BE,herbal-tea,36,163.5
2025-10-05,DE-BE,basil-seeds,12,25.64
2025-10-05,DE-BE,mint-oil,8,86.75
2025-10-05,DE-BE,dried-sage,13,85.61
2025-10-05,DE-BY,herbal-tea,90,390.3
2025-10-05,DE-BY,basil-seeds,34,72.96
2025-10-05,DE-BY,mint-oil,28,293.06
2025-10-05,DE-BY,dried-sage,36,247.8
2025-10-05,DE-HH,herbal-tea,11,50.63
2025-10-05,DE-HH,basil-seeds,4,8.44
2025-10-05,DE-HH,mint-oil,3,33.24
2025-10-05,DE-HH,dried-sage,7,48.8
2025-10-05,FR-IDF,herbal-tea,29,129.24
2025-10-05,FR-IDF,basil-seeds,40,88.28
2025-10-05,FR-IDF,mint-oil,25,276.83
2025-10-05,FR-IDF,dried-sage,23,156.76
2025-10-05,FR-ARA,herbal-tea,57,256.26
2025-10-05,FR-ARA,basil-seeds,24,52.71
2025-10-05,FR-ARA,mint-oil,27,305.03
2025-10-05,FR-ARA,dried-sage,24,157.19
2025-10-05,NL-NH,herbal-tea,14,60.03
2025-10-05,NL-NH,basil-seeds,4,9.2
2025-10-05,NL-NH,mint-oil,5,55.19
2025-10-05,NL-NH,dried-sage,2,13.57
2025-10-05,ES-MD,herbal-tea,34,158.21
2025-10-05,ES-MD,basil-seeds,16,36.73
2025-10-05,ES-MD,mint-oil,24,274.56
2025-10-05,ES-MD,dried-sage,14,97.09
2025-10-05,IT-LOM,herbal-tea,64,276.24
2025-10-05,IT-LOM,basil-seeds,29,65.52
2025-10-05,IT-LOM,mint-oil,23,264.48
2025-10-05,IT-LOM,dried-sage,29,200.59
2025-10-06,DE-BE,herbal-tea,33,143.77
2025-10-06,DE-BE,basil-seeds,7,14.82
2025-10-06,DE-BE,mint-oil,13,136.84
2025-10-06,DE-BE,dried-sage,12,84.39
2025-10-06,DE-BY,herbal-tea,111,493.41
2025-10-06,DE-BY,basil-seeds,28,64.64
2025-10-06,DE-BY,mint-oil,29,332.45
2025-10-06,DE-BY,dried-sage,35,237.52
2025-10-06,DE-HH,herbal-tea,15,66.97
2025-10-06,DE-HH,basil-seeds,5,11.07
2025-10-06,DE-HH,mint-oil,4,44.73
2025-10-06,DE-HH,dried-sage,6,40.54
2025-10-06,FR-IDF,herbal-tea,72,327.02
2025-10-06,FR-IDF,basil-seeds,43,98.6
2025-10-06,FR-IDF,mint-oil,39,442.57
2025-10-06,FR-IDF,dried-sage,34,228.56
2025-10-06,FR-ARA,herbal-tea,50,214.51
2025-10-06,FR-ARA,basil-seeds,31,70.64
2025-10-06,FR-ARA,mint-oil,30,325.15
2025-10-06,FR-ARA,dried-sage,25,173.38
2025-10-06,NL-NH,herbal-tea,22,101.37
2025-10-06,NL-NH,basil-seeds,8,18.44
2025-10-06,NL-NH,mint-oil,6,69.06
2025-10-06,NL-NH,dried-sage,7,47.32
2025-10-06,ES-MD,herbal-tea,70,319.73
2025-10-06,ES-MD,basil-seeds,25,53.01
2025-10-06,ES-MD,mint-oil,19,202.85
2025-10-06,ES-MD,dried-sage,17,117.85
2025-10-06,IT-LOM,herbal-tea,53,230.85
2025-10-06,IT-LOM,basil-seeds,23,49.84
2025-10-06,IT-LOM,mint-oil,32,348.96
2025-10-06,IT-LOM,dried-sage,33,217.81
2025-10-07,DE-BE,herbal-tea,23,107.16
2025-10-07,DE-BE,basil-seeds,19,42.28
2025-10-07,DE-BE,mint-oil,15,165.98
2025-10-07,DE-BE,dried-sage,9,61.63
2025-10-07,DE-BY,herbal-tea,93,436.19
2025-10-07,DE-BY,basil-seeds,48,104.69
2025-10-07,DE-BY,mint-oil,32,346.03
2025-10-07,DE-BY,dried-sage,43,285.43
2025-10-07,DE-HH,herbal-tea,22,101.43
2025-10-07,DE-HH,basil-seeds,3,6.47
2025-10-07,DE-HH,mint-oil,5,57.18
2025-10-07,DE-HH,dried-sage,6,41.26
2025-10-07,FR-IDF,herbal-tea,53,240.62
2025-10-07,FR-IDF,basil-seeds,49,110.53
2025-10-07,FR-IDF,mint-oil,37,421.56
2025-10-07,FR-IDF,dried-sage,51,339.02
2025-10-07,FR-ARA,herbal-tea,53,247.58
2025-10-07,FR-ARA,basil-seeds,25,57.07
2025-10-07,FR-ARA,mint-oil,23,257.45
2025-10-07,FR-ARA,dried-sage,31,214.12
2025-10-07,NL-NH,herbal-tea,20,85.93
2025-10-07,NL-NH,basil-seeds,8,17.3
2025-10-07,NL-NH,mint-oil,6,65.85
2025-10-07,NL-NH,dried-sage,10,70.96
2025-10-07,ES-MD,herbal-tea,75,338.62
2025-10-07,ES-MD,basil-seeds,20,45.19
2025-10-07,ES-MD,mint-oil,10,107.47
2025-10-07,ES-MD,dried-sage,19,125.96
2025-10-07,IT-LOM,herbal-tea,82,383.55
2025-10-07,IT-LOM,basil-seeds,30,66.47
2025-10-07,IT-LOM,mint-oil,37,391.34
2025-10-07,IT-LOM,dried-sage,38,257.85
2025-10-08,DE-BE,herbal-tea,37,173.15
2025-10-08,DE-BE,basil-seeds,12,26.45
2025-10-08,DE-BE,mint-oil,13,147.07
2025-10-08,DE-BE,dried-sage,15,100.68
2025-10-08,DE-BY,herbal-tea,71,330.97
2025-10-08,DE-BY,basil-seeds,42,88.94
2025-10-08,DE-BY,mint-oil,40,430.24
2025-10-08,DE-BY,dried-sage,43,290.44
2025-10-08,DE-HH,herbal-tea,12,52.1
2025-10-08,DE-HH,basil-seeds,8,17.8
2025-10-08,DE-HH,mint-oil,3,31.82
2025-10-08,DE-HH,dried-sage,4,27.85
2025-10-08,FR-IDF,herbal-tea,89,385.07
2025-10-08,FR-IDF,basil-seeds,40,90.06
2025-10-08,FR-IDF,mint-oil,19,216.61
2025-10-08,FR-IDF,dried-sage,41,279.6
2025-10-08,FR-ARA,herbal-tea,56,254.08
2025-10-08,FR-ARA,basil-seeds,22,49.02
2025-10-08,FR-ARA,mint-oil,32,353.95
2025-10-08,FR-ARA,dried-sage,11,74.28
2025-10-08,NL-NH,herbal-tea,28,127.38
2025-10-08,NL-NH,basil-seeds,4,9.19
2025-10-08,NL-NH,mint-oil,8,86.23
2025-10-08,NL-NH,dried-sage,10,66.36
2025-10-08,ES-MD,herbal-tea,48,207.03
2025-10-08,ES-MD,basil-seeds,25,53.48
2025-10-08,ES-MD,mint-oil,15,171.35
2025-10-08,ES-MD,dried-sage,19,126.57
2025-10-08,IT-LOM,herbal-tea,95,412.86
2025-10-08,IT-LOM,basil-seeds,42,93.98
2025-10-08,IT-LOM,mint-oil,39,415.91
2025-10-08,IT-LOM,dried-sage,41,277.62
2025-10-09,DE-BE,herbal-tea,34,155.39
2025-10-09,DE-BE,basil-seeds,14,29.32
2025-10-09,DE-BE,mint-oil,11,121.96
2025-10-09,DE-BE,dried-sage,14,95.24
2025-10-09,DE-BY,herbal-tea,90,400.8
2025-10-09,DE-BY,basil-seeds,23,52.23
2025-10-09,DE-BY,mint-oil,41,464.15
2025-10-09,DE-BY,dried-sage,37,263.89
2025-10-09,DE-HH,herbal-tea,11,51.47
2025-10-09,DE-HH,basil-seeds,3,6.65
2025-10-09,DE-HH,mint-oil,5,57.53
2025-10-09,DE-HH,dried-sage,8,52.51
2025-10-09,FR-IDF,herbal-tea,101,461.89
2025-10-09,FR-IDF,basil-seeds,33,72.51
2025-10-09,FR-IDF,mint-oil,39,418.85
2025-10-09,FR-IDF,dried-sage,34,242.61
2025-10-09,FR-ARA,herbal-tea,54,232.27
2025-10-09,FR-ARA,basil-seeds,35,74.91
2025-10-09,FR-ARA,mint-oil,27,310.28
2025-10-09,FR-ARA,dried-sage,13,85.42
2025-10-09,NL-NH,herbal-tea,26,114.43
2025-10-09,NL-NH,basil-seeds,6,13.06
2025-10-09,NL-NH,mint-oil,10,112.53
2025-10-09,NL-NH,dried-sage,12,83.67
2025-10-09,ES-MD,herbal-tea,55,238.43
2025-10-09,ES-MD,basil-seeds,17,39.25
2025-10-09,ES-MD,mint-oil,17,180.2
2025-10-09,ES-MD,dried-sage,17,111.37
2025-10-09,IT-LOM,herbal-tea,29,126.79
2025-10-09,IT-LOM,basil-seeds,43,98.17
2025-10-09,IT-LOM,mint-oil,30,321.87
2025-10-09,IT-LOM,dried-sage,35,237.25
2025-10-10,DE-BE,herbal-tea,41,187.64
2025-10-10,DE-BE,basil-seeds,13,28.39
2025-10-10,DE-BE,mint-oil,5,52.31
2025-10-10,DE-BE,dried-sage,13,91.55
2025-10-10,DE-BY,herbal-tea,126,573.23
2025-10-10,DE-BY,basil-seeds,49,110.5
2025-10-10,DE-BY,mint-oil,31,325.88
2025-10-10,DE-BY,dried-sage,59,392.29
2025-10-10,DE-HH,herbal-tea,14,65.78
2025-10-10,DE-HH,basil-seeds,6,12.77
2025-10-10,DE-HH,mint-oil,5,56.48
2025-10-10,DE-HH,dried-sage,7,49.1
2025-10-10,FR-IDF,herbal-tea,101,444.09
2025-10-10,FR-IDF,basil-seeds,38,87.09
2025-10-10,FR-IDF,mint-oil,37,408.64
2025-10-10,FR-IDF,dried-sage,34,230.24
2025-10-10,FR-ARA,herbal-tea,92,426.81
2025-10-10,FR-ARA,basil-seeds,20,45.31
2025-10-10,FR-ARA,mint-oil,25,273.74
2025-10-10,FR-ARA,dried-sage,23,151.13
2025-10-10,NL-NH,herbal-tea,29,127.79
2025-10-10,NL-NH,basil-seeds,12,27.41
2025-10-10,NL-NH,mint-oil,12,134.93
2025-10-10,NL-NH,dried-sage,10,70.83
2025-10-10,ES-MD,herbal-tea,53,237.61
2025-10-10,ES-MD,basil-seeds,31,70.08
2025-10-10,ES-MD,mint-oil,29,323.54
2025-10-10,ES-MD,dried-sage,27,187.11
2025-10-10,IT-LOM,herbal-tea,73,315.55
2025-10-10,IT-LOM,basil-seeds,35,79.21
2025-10-10,IT-LOM,mint-oil,17,194.96
2025-10-10,IT-LOM,dried-sage,21,136.37
2025-10-11,DE-BE,herbal-tea,20,90.33
2025-10-11,DE-BE,basil-seeds,12,27.51
2025-10-11,DE-BE,mint-oil,12,133.7
2025-10-11,DE-BE,dried-sage,13,86.98
2025-10-11,DE-BY,herbal-tea,97,421.46
2025-10-11,DE-BY,basil-seeds,31,68.87
2025-10-11,DE-BY,mint-oil,38,425.86
2025-10-11,DE-BY,dried-sage,21,141.16
2025-10-11,DE-HH,herbal-tea,13,57.07
2025-10-11,DE-HH,basil-seeds,3,6.6
2025-10-11,DE-HH,mint-oil,4,43.94
2025-10-11,DE-HH,dried-sage,1,6.89
2025-10-11,FR-IDF,herbal-tea,43,185.3
2025-10-11,FR-IDF,basil-seeds,36,76.72
2025-10-11,FR-IDF,mint-oil,33,346.56
2025-10-11,FR-IDF,dried-sage,34,231.91
2025-10-11,FR-ARA,herbal-tea,59,270.73
2025-10-11,FR-ARA,basil-seeds,20,46.12
2025-10-11,FR-ARA,mint-oil,10,112.67
2025-10-11,FR-ARA,dried-sage,17,110.4
2025-10-11,NL-NH,herbal-tea,34,146.48
2025-10-11,NL-NH,basil-seeds,4,9.11
2025-10-11,NL-NH,mint-oil,9,100.92
2025-10-11,NL-NH,dried-sage,5,35.01
2025-10-11,ES-MD,herbal-tea,63,279.32
2025-10-11,ES-MD,basil-seeds,14,31.07
2025-10-11,ES-MD,mint-oil,14,151.77
2025-10-11,ES-MD,dried-sage,14,96.13
2025-10-11,IT-LOM,herbal-tea,64,276.75
2025-10-11,IT-LOM,basil-seeds,9,19.01
2025-10-11,IT-LOM,mint-oil,32,367.68
2025-10-11,IT-LOM,dried-sage,40,278.76
2025-10-12,DE-BE,herbal-tea,26,113.28
2025-10-12,DE-BE,basil-seeds,13,27.23
2025-10-12,DE-BE,mint-oil,10,105.74
2025-10-12,DE-BE,dried-sage,8,52.64
2025-10-12,DE-BY,herbal-tea,73,320.64
2025-10-12,DE-BY,basil-seeds,20,45.67
2025-10-12,DE-BY,mint-oil,15,171.74
2025-10-12,DE-BY,dried-sage,51,355.12
2025-10-12,DE-HH,herbal-tea,17,74.17
2025-10-12,DE-HH,basil-seeds,4,9.22
2025-10-12,DE-HH,mint-oil,4,45.78
2025-10-12,DE-HH,dried-sage,6,38.84
2025-10-12,FR-IDF,herbal-tea,53,238.7
2025-10-12,FR-IDF,basil-seeds,31,68.75
2025-10-12,FR-IDF,mint-oil,27,282.77
2025-10-12,FR-IDF,dried-sage,37,243.2
2025-10-12,FR-ARA,herbal-tea,69,306.7
2025-10-12,FR-ARA,basil-seeds,14,30.82
2025-10-12,FR-ARA,mint-oil,15,171.19
2025-10-12,FR-ARA,dried-sage,27,177.9
2025-10-12,NL-NH,herbal-tea,17,77.45
2025-10-12,NL-NH,basil-seeds,5,11.44
2025-10-12,NL-NH,mint-oil,5,53.4
2025-10-12,NL-NH,dried-sage,9,63.94
2025-10-12,ES-MD,herbal-tea,36,157.68
2025-10-12,ES-MD,basil-seeds,14,29.83
2025-10-12,ES-MD,mint-oil,22,249.13
2025-10-12,ES-MD,dried-sage,14,91.96
2025-10-12,IT-LOM,herbal-tea,60,267.8
2025-10-12,IT-LOM,basil-seeds,28,63.98
2025-10-12,IT-LOM,mint-oil,23,260.83
2025-10-12,IT-LOM,dried-sage,28,183.43
2025-10-13,DE-BE,herbal-tea,25,117.31
2025-10-13,DE-BE,basil-seeds,8,16.99
2025-10-13,DE-BE,mint-oil,11,126.13
2025-10-13,DE-BE,dried-sage,12,85.31
2025-10-13,DE-BY,herbal-tea,109,473.41
2025-10-13,DE-BY,basil-seeds,33,71.28
2025-10-13,DE-BY,mint-oil,40,435.7
2025-10-13,DE-BY,dried-sage,24,162.15
2025-10-13,DE-HH,herbal-tea,9,39.1
2025-10-13,DE-HH,basil-seeds,6,13.08
2025-10-13,DE-HH,mint-oil,6,67.08
2025-10-13,DE-HH,dried-sage,3,21.33
2025-10-13,FR-IDF,herbal-tea,121,535.53
2025-10-13,FR-IDF,basil-seeds,39,83.73
2025-10-13,FR-IDF,mint-oil,23,254.3
2025-10-13,FR-IDF,dried-sage,35,228.41
2025-10-13,FR-ARA,herbal-tea,67,306.16
2025-10-13,FR-ARA,basil-seeds,27,60.95
2025-10-13,FR-ARA,mint-oil,29,320.1
2025-10-13,FR-ARA,dried-sage,25,175.97
2025-10-13,NL-NH,herbal-tea,22,102.16
2025-10-13,NL-NH,basil-seeds,7,14.76
2025-10-13,NL-NH,mint-oil,9,102.26
2025-10-13,NL-NH,dried-sage,8,55.93
2025-10-13,ES-MD,herbal-tea,46,210.37
2025-10-13,ES-MD,basil-seeds,23,52.54
2025-10-13,ES-MD,mint-oil,19,216.73
2025-10-13,ES-MD,dried-sage,14,95.61
2025-10-13,IT-LOM,herbal-tea,19,83.77
2025-10-13,IT-LOM,basil-seeds,24,50.2
2025-10-13,IT-LOM,mint-oil,30,324.28
2025-10-13,IT-LOM,dried-sage,26,177.79
2025-10-14,DE-BE,herbal-tea,37,163.26
2025-10-14,DE-BE,basil-seeds,12,25.43
2025-10-14,DE-BE,mint-oil,11,124.56
2025-10-14,DE-BE,dried-sage,11,72.39
2025-10-14,DE-BY,herbal-tea,160,719.84
2025-10-14,DE-BY,basil-seeds,30,66.91
2025-10-14,DE-BY,mint-oil,21,231.48
2025-10-14,DE-BY,dried-sage,42,293.48
2025-10-14,DE-HH,herbal-tea,20,88.04
2025-10-14,DE-HH,basil-seeds,5,11.41
2025-10-14,DE-HH,mint-oil,5,52.9
2025-10-14,DE-HH,dried-sage,3,20.27
2025-10-14,FR-IDF,herbal-tea,112,487.89
2025-10-14,FR-IDF,basil-seeds,42,93.42
2025-10-14,FR-IDF,mint-oil,34,360.72
2025-10-14,FR-IDF,dried-sage,27,175.8
2025-10-14,FR-ARA,herbal-tea,70,301.26
2025-10-14,FR-ARA,basil-seeds,29,62.42
2025-10-14,FR-ARA,mint-oil,18,203.86
2025-10-14,FR-ARA,dried-sage,19,124.2
2025-10-14,NL-NH,herbal-tea,22,103.13
2025-10-14,NL-NH,basil-seeds,3,6.65
2025-10-14,NL-NH,mint-oil,11,116.04
2025-10-14,NL-NH,dried-sage,5,35.23
2025-10-14,ES-MD,herbal-tea,30,133.73
2025-10-14,ES-MD,basil-seeds,23,51.15
2025-10-14,ES-MD,mint-oil,24,269.03
2025-10-14,ES-MD,dried-sage,20,130.51
2025-10-14,IT-LOM,herbal-tea,96,415.19
2025-10-14,IT-LOM,basil-seeds,39,86.23
2025-10-14,IT-LOM,mint-oil,44,480.24
2025-10-14,IT-LOM,dried-sage,35,226.6
2025-10-15,DE-BE,herbal-tea,29,124.0
2025-10-15,DE-BE,basil-seeds,10,20.91
2025-10-15,DE-BE,mint-oil,16,176.69
2025-10-15,DE-BE,dried-sage,9,59.32
2025-10-15,DE-BY,herbal-tea,63,269.43
2025-10-15,DE-BY,basil-seeds,52,115.91
2025-10-15,DE-BY,mint-oil,37,396.59
2025-10-15,DE-BY,dried-sage,45,306.9
2025-10-15,DE-HH,herbal-tea,15,70.44
2025-10-15,DE-HH,basil-seeds,7,15.48
2025-10-15,DE-HH,mint-oil,6,68.05
2025-10-15,DE-HH,dried-sage,6,39.46
2025-10-15,FR-IDF,herbal-tea,105,451.83
2025-10-15,FR-IDF,basil-seeds,21,45.97
2025-10-15,FR-IDF,mint-oil,27,306.58
2025-10-15,FR-IDF,dried-sage,34,237.13
2025-10-15,FR-ARA,herbal-tea,94,409.35
2025-10-15,FR-ARA,basil-seeds,19,42.03
2025-10-15,FR-ARA,mint-oil,34,374.06
2025-10-15,FR-ARA,dried-sage,16,113.08
2025-10-15,NL-NH,herbal-tea,17,74.23
2025-10-15,NL-NH,basil-seeds,4,9.08
2025-10-15,NL-NH,mint-oil,5,55.03
2025-10-15,NL-NH,dried-sage,10,68.92
2025-10-15,ES-MD,herbal-tea,81,379.56
2025-10-15,ES-MD,basil-seeds,11,24.81
2025-10-15,ES-MD,mint-oil,20,219.01
2025-10-15,ES-MD,dried-sage,17,112.68
2025-10-15,IT-LOM,herbal-tea,31,134.04
2025-10-15,IT-LOM,basil-seeds,23,52.99
2025-10-15,IT-LOM,mint-oil,34,384.89
2025-10-15,IT-LOM,dried-sage,40,263.87
2025-10-16,DE-BE,herbal-tea,32,138.23
2025-10-16,DE-BE,basil-seeds,15,33.13
2025-10-16,DE-BE,mint-oil,3,32.5
2025-10-16,DE-BE,dried-sage,11,72.46
2025-10-16,DE-BY,herbal-tea,103,443.26
2025-10-16,DE-BY,basil-seeds,23,50.48
2025-10-16,DE-BY,mint-oil,35,401.98
2025-10-16,DE-BY,dried-sage,23,148.89
2025-10-16,DE-HH,herbal-tea,19,84.52
2025-10-16,DE-HH,basil-seeds,5,11.17
2025-10-16,DE-HH,mint-oil,3,32.57
2025-10-16,DE-HH,dried-sage,6,41.13
2025-10-16,FR-IDF,herbal-tea,150,677.58
2025-10-16,FR-IDF,basil-seeds,37,78.15
2025-10-16,FR-IDF,mint-oil,32,361.52
2025-10-16,FR-IDF,dried-sage,30,206.47
2025-10-16,FR-ARA,herbal-tea,47,209.59
2025-10-16,FR-ARA,basil-seeds,25,54.78
2025-10-16,FR-ARA,mint-oil,21,241.86
2025-10-16,FR-ARA,dried-sage,24,161.88
2025-10-16,NL-NH,herbal-tea,28,126.52
2025-10-16,NL-NH,basil-seeds,6,12.93
2025-10-16,NL-NH,mint-oil,8,89.54
2025-10-16,NL-NH,dried-sage,7,49.94
2025-10-16,ES-MD,herbal-tea,58,258.15
2025-10-16,ES-MD,basil-seeds,17,36.91
2025-10-16,ES-MD,mint-oil,25,271.82
2025-10-16,ES-MD,dried-sage,19,124.95
2025-10-16,IT-LOM,herbal-tea,98,423.1
2025-10-16,IT-LOM,basil-seeds,22,47.55
2025-10-16,IT-LOM,mint-oil,33,366.38
2025-10-16,IT-LOM,dried-sage,40,282.64
2025-10-17,DE-BE,herbal-tea,34,154.57
2025-10-17,DE-BE,basil-seeds,13,29.09
2025-10-17,DE-BE,mint-oil,11,120.33
2025-10-17,DE-BE,dried-sage,11,73.29
2025-10-17,DE-BY,herbal-tea,141,604.2
2025-10-17,DE-BY,basil-seeds,55,118.19
2025-10-17,DE-BY,mint-oil,23,250.77
2025-10-17,DE-BY,dried-sage,42,288.18
2025-10-17,DE-HH,herbal-tea,16,71.55
2025-10-17,DE-HH,basil-seeds,5,11.13
2025-10-17,DE-HH,mint-oil,3,33.18
2025-10-17,DE-HH,dried-sage,5,34.32
2025-10-17,FR-IDF,herbal-tea,85,373.13
2025-10-17,FR-IDF,basil-seeds,49,106.2
2025-10-17,FR-IDF,mint-oil,27,294.2
2025-10-17,FR-IDF,dried-sage,28,182.31
2025-10-17,FR-ARA,herbal-tea,35,162.26
2025-10-17,FR-ARA,basil-seeds,23,52.36
2025-10-17,FR-ARA,mint-oil,29,312.27
2025-10-17,FR-ARA,dried-sage,28,189.61
2025-10-17,NL-NH,herbal-tea,28,124.72
2025-10-17,NL-NH,basil-seeds,8,17.74
2025-10-17,NL-NH,mint-oil,9,97.82
2025-10-17,NL-NH,dried-sage,7,48.92
2025-10-17,ES-MD,herbal-tea,44,194.36
2025-10-17,ES-MD,basil-seeds,19,43.02
2025-10-17,ES-MD,mint-oil,24,272.08
2025-10-17,ES-MD,dried-sage,26,183.44
2025-10-17,IT-LOM,herbal-tea,74,344.18
2025-10-17,IT-LOM,basil-seeds,34,78.44
2025-10-17,IT-LOM,mint-oil,32,350.55
2025-10-17,IT-LOM,dried-sage,33,222.08
2025-10-18,DE-BE,herbal-tea,23,98.96
2025-10-18,DE-BE,basil-seeds,13,29.57
2025-10-18,DE-BE,mint-oil,11,118.01
2025-10-18,DE-BE,dried-sage,13,88.58
2025-10-18,DE-BY,herbal-tea,91,424.95
2025-10-18,DE-BY,basil-seeds,33,73.13
2025-10-18,DE-BY,mint-oil,39,409.32
2025-10-18,DE-BY,dried-sage,47,319.04
2025-10-18,DE-HH,herbal-tea,10,43.82
2025-10-18,DE-HH,basil-seeds,3,6.66
2025-10-18,DE-HH,mint-oil,2,22.54
2025-10-18,DE-HH,dried-sage,5,32.66
2025-10-18,FR-IDF,herbal-tea,42,184.02
2025-10-18,FR-IDF,basil-seeds,52,110.39
2025-10-18,FR-IDF,mint-oil,47,538.47
2025-10-18,FR-IDF,dried-sage,27,175.29
2025-10-18,FR-ARA,herbal-tea,60,275.95
2025-10-18,FR-ARA,basil-seeds,29,65.46
2025-10-18,FR-ARA,mint-oil,13,148.28
2025-10-18,FR-ARA,dried-sage,25,171.64
2025-10-18,NL-NH,herbal-tea,19,89.5
2025-10-18,NL-NH,basil-seeds,7,15.18
2025-10-18,NL-NH,mint-oil,6,67.76
2025-10-18,NL-NH,dried-sage,10,65.9
2025-10-18,ES-MD,herbal-tea,30,139.65
2025-10-18,ES-MD,basil-seeds,19,43.85
2025-10-18,ES-MD,mint-oil,11,121.03
2025-10-18,ES-MD,dried-sage,20,135.73
2025-10-18,IT-LOM,herbal-tea,67,289.99
2025-10-18,IT-LOM,basil-seeds,24,52.65
2025-10-18,IT-LOM,mint-oil,16,167.81
2025-10-18,IT-LOM,dried-sage,31,202.64
2025-10-19,DE-BE,herbal-tea,26,121.55
2025-10-19,DE-BE,basil-seeds,6,12.7
2025-10-19,DE-BE,mint-oil,10,107.83
2025-10-19,DE-BE,dried-sage,16,113.9
2025-10-19,DE-BY,herbal-tea,115,493.86
2025-10-19,DE-BY,basil-seeds,44,96.64
2025-10-19,DE-BY,mint-oil,21,232.35
2025-10-19,DE-BY,dried-sage,12,85.1
2025-10-19,DE-HH,herbal-tea,14,61.75
2025-10-19,DE-HH,basil-seeds,3,6.3
2025-10-19,DE-HH,mint-oil,6,63.47
2025-10-19,DE-HH,dried-sage,6,42.47
2025-10-19,FR-IDF,herbal-tea,63,282.87
2025-10-19,FR-IDF,basil-seeds,24,51.83
2025-10-19,FR-IDF,mint-oil,26,298.55
2025-10-19,FR-IDF,dried-sage,33,217.24
2025-10-19,FR-ARA,herbal-tea,43,187.99
2025-10-19,FR-ARA,basil-seeds,17,37.91
2025-10-19,FR-ARA,mint-oil,17,178.2
2025-10-19,FR-ARA,dried-sage,15,101.99
2025-10-19,NL-NH,herbal-tea,14,63.26
2025-10-19,NL-NH,basil-seeds,7,15.68
2025-10-19,NL-NH,mint-oil,6,66.67
2025-10-19,NL-NH,dried-sage,10,66.82
2025-10-19,ES-MD,herbal-tea,67,293.41
2025-10-19,ES-MD,basil-seeds,22,47.07
2025-10-19,ES-MD,mint-oil,27,310.94
2025-10-19,ES-MD,dried-sage,17,113.14
2025-10-19,IT-LOM,herbal-tea,66,287.09
2025-10-19,IT-LOM,basil-seeds,20,45.45
2025-10-19,IT-LOM,mint-oil,27,304.16
2025-10-19,IT-LOM,dried-sage,24,161.48
2025-10-20,DE-BE,herbal-tea,20,93.87
2025-10-20,DE-BE,basil-seeds,5,10.52
2025-10-20,DE-BE,mint-oil,10,114.65
2025-10-20,DE-BE,dried-sage,8,55.16
2025-10-20,DE-BY,herbal-tea,86,373.73
2025-10-20,DE-BY,basil-seeds,31,70.06
2025-10-20,DE-BY,mint-oil,27,289.47
2025-10-20,DE-BY,dried-sage,37,247.74
2025-10-20,DE-HH,herbal-tea,12,54.29
2025-10-20,DE-HH,basil-seeds,7,14.89
2025-10-20,DE-HH,mint-oil,4,44.8
2025-10-20,DE-HH,dried-sage,5,33.48
2025-10-20,FR-IDF,herbal-tea,93,414.57
2025-10-20,FR-IDF,basil-seeds,29,66.85
2025-10-20,FR-IDF,mint-oil,32,337.36
2025-10-20,FR-IDF,dried-sage,44,286.23
2025-10-20,FR-ARA,herbal-tea,62,288.81
2025-10-20,FR-ARA,basil-seeds,26,54.61
2025-10-20,FR-ARA,mint-oil,23,251.69
2025-10-20,FR-ARA,dried-sage,26,173.39
2025-10-20,NL-NH,herbal-tea,13,59.31
2025-10-20,NL-NH,basil-seeds,9,19.52
2025-10-20,NL-NH,mint-oil,10,110.32
2025-10-20,NL-NH,dried-sage,10,69.65
2025-10-20,ES-MD,herbal-tea,54,250.03
2025-10-20,ES-MD,basil-seeds,18,39.45
2025-10-20,ES-MD,mint-oil,17,192.72
2025-10-20,ES-MD,dried-sage,24,164.36
2025-10-20,IT-LOM,herbal-tea,85,397.85
2025-10-20,IT-LOM,basil-seeds,35,74.71
2025-10-20,IT-LOM,mint-oil,25,275.94
2025-10-20,IT-LOM,dried-sage,37,244.61
2025-10-21,DE-BE,herbal-tea,34,146.62
2025-10-21,DE-BE,basil-seeds,13,29.42
2025-10-21,DE-BE,mint-oil,10,111.59
2025-10-21,DE-BE,dried-sage,9,63.76
2025-10-21,DE-BY,herbal-tea,134,575.11
2025-10-21,DE-BY,basil-seeds,38,83.39
2025-10-21,DE-BY,mint-oil,34,389.47
2025-10-21,DE-BY,dried-sage,38,247.25
2025-10-21,DE-HH,herbal-tea,16,71.82
2025-10-21,DE-HH,basil-seeds,4,8.37
2025-10-21,DE-HH,mint-oil,6,64.79
2025-10-21,DE-HH,dried-sage,4,26.01
2025-10-21,FR-IDF,herbal-tea,109,480.97
2025-10-21,FR-IDF,basil-seeds,45,97.28
2025-10-21,FR-IDF,mint-oil,25,281.3
2025-10-21,FR-IDF,dried-sage,18,122.19
2025-10-21,FR-ARA,herbal-tea,71,306.77
2025-10-21,FR-ARA,basil-seeds,17,37.64
2025-10-21,FR-ARA,mint-oil,29,318.31
2025-10-21,FR-ARA,dried-sage,28,186.45
2025-10-21,NL-NH,herbal-tea,28,128.96
2025-10-21,NL-NH,basil-seeds,6,13.12
2025-10-21,NL-NH,mint-oil,7,79.38
2025-10-21,NL-NH,dried-sage,9,61.74
2025-10-21,ES-MD,herbal-tea,65,284.01
2025-10-21,ES-MD,basil-seeds,22,47.9
2025-10-21,ES-MD,mint-oil,14,159.99
2025-10-21,ES-MD,dried-sage,17,117.09
2025-10-21,IT-LOM,herbal-tea,31,137.29
2025-10-21,IT-LOM,basil-seeds,38,84.52
2025-10-21,IT-LOM,mint-oil,18,201.75
2025-10-21,IT-LOM,dried-sage,24,156.87
2025-10-22,DE-BE,herbal-tea,21,94.31
2025-10-22,DE-BE,basil-seeds,10,22.17
2025-10-22,DE-BE,mint-oil,9,103.27
2025-10-22,DE-BE,dried-sage,11,76.36
2025-10-22,DE-BY,herbal-tea,128,578.32
2025-10-22,DE-BY,basil-seeds,53,115.55
2025-10-22,DE-BY,mint-oil,18,191.47
2025-10-22,DE-BY,dried-sage,37,246.44
2025-10-22,DE-HH,herbal-tea,13,60.12
2025-10-22,DE-HH,basil-seeds,8,17.24
2025-10-22,DE-HH,mint-oil,5,55.93
2025-10-22,DE-HH,dried-sage,2,13.9
2025-10-22,FR-IDF,herbal-tea,75,339.56
2025-10-22,FR-IDF,basil-seeds,31,70.77
2025-10-22,FR-IDF,mint-oil,45,486.52
2025-10-22,FR-IDF,dried-sage,19,131.91
2025-10-22,FR-ARA,herbal-tea,53,249.12
2025-10-22,FR-ARA,basil-seeds,30,67.6
2025-10-22,FR-ARA,mint-oil,25,265.2
2025-10-22,FR-ARA,dried-sage,22,148.72
2025-10-22,NL-NH,herbal-tea,15,68.24
2025-10-22,NL-NH,basil-seeds,7,16.01
2025-10-22,NL-NH,mint-oil,11,124.87
2025-10-22,NL-NH,dried-sage,5,33.32
2025-10-22,ES-MD,herbal-tea,35,163.92
2025-10-22,ES-MD,basil-seeds,18,39.41
2025-10-22,ES-MD,mint-oil,21,227.03
2025-10-22,ES-MD,dried-sage,21,143.95
2025-10-22,IT-LOM,herbal-tea,64,300.25
2025-10-22,IT-LOM,basil-seeds,48,108.88
2025-10-22,IT-LOM,mint-oil,33,352.33
2025-10-22,IT-LOM,dried-sage,17,115.56
2025-10-23,DE-BE,herbal-tea,37,164.69
2025-10-23,DE-BE,basil-seeds,9,19.85
2025-10-23,DE-BE,mint-oil,15,167.28
2025-10-23,DE-BE,dried-sage,13,85.84
2025-10-23,DE-BY,herbal-tea,62,288.73
2025-10-23,DE-BY,basil-seeds,39,82.49
2025-10-23,DE-BY,mint-oil,46,530.6
2025-10-23,DE-BY,dried-sage,43,292.16
2025-10-23,DE-HH,herbal-tea,12,56.25
2025-10-23,DE-HH,basil-seeds,5,11.08
2025-10-23,DE-HH,mint-oil,5,56.62
2025-10-23,DE-HH,dried-sage,5,34.53
2025-10-23,FR-IDF,herbal-tea,129,584.73
2025-10-23,FR-IDF,basil-seeds,23,52.35
2025-10-23,FR-IDF,mint-oil,41,454.48
2025-10-23,FR-IDF,dried-sage,28,187.93
2025-10-23,FR-ARA,herbal-tea,84,394.05
2025-10-23,FR-ARA,basil-seeds,34,75.44
2025-10-23,FR-ARA,mint-oil,26,274.26
2025-10-23,FR-ARA,dried-sage,34,238.81
2025-10-23,NL-NH,herbal-tea,20,92.26
2025-10-23,NL-NH,basil-seeds,11,24.82
2025-10-23,NL-NH,mint-oil,5,56.48
2025-10-23,NL-NH,dried-sage,9,62.23
2025-10-23,ES-MD,herbal-tea,61,261.32
2025-10-23,ES-MD,basil-seeds,27,60.85
2025-10-23,ES-MD,mint-oil,23,255.14
2025-10-23,ES-MD,dried-sage,23,148.74
2025-10-23,IT-LOM,herbal-tea,104,484.51
2025-10-23,IT-LOM,basil-seeds,27,62.28
2025-10-23,IT-LOM,mint-oil,26,280.71
2025-10-23,IT-LOM,dried-sage,40,261.7
2025-10-24,DE-BE,herbal-tea,30,129.05
2025-10-24,DE-BE,basil-seeds,10,22.07
2025-10-24,DE-BE,mint-oil,14,159.48
2025-10-24,DE-BE,dried-sage,7,48.63
2025-10-24,DE-BY,herbal-tea,129,602.52
2025-10-24,DE-BY,basil-seeds,42,90.55
2025-10-24,DE-BY,mint-oil,38,400.01
2025-10-24,DE-BY,dried-sage,33,220.88
2025-10-24,DE-HH,herbal-tea,12,53.98
2025-10-24,DE-HH,basil-seeds,3,6.52
2025-10-24,DE-HH,mint-oil,3,31.61
2025-10-24,DE-HH,dried-sage,7,48.51
2025-10-24,FR-IDF,herbal-tea,65,294.5
2025-10-24,FR-IDF,basil-seeds,36,76.9
2025-10-24,FR-IDF,mint-oil,37,415.32
2025-10-24,FR-IDF,dried-sage,49,337.42
2025-10-24,FR-ARA,herbal-tea,22,103.72
2025-10-24,FR-ARA,basil-seeds,19,43.23
2025-10-24,FR-ARA,mint-oil,19,218.52
2025-10-24,FR-ARA,dried-sage,26,175.92
2025-10-24,NL-NH,herbal-tea,23,107.23
2025-10-24,NL-NH,basil-seeds,12,27.25
2025-10-24,NL-NH,mint-oil,9,95.89
2025-10-24,NL-NH,dried-sage,11,73.65
2025-10-24,ES-MD,herbal-tea,59,259.93
2025-10-24,ES-MD,basil-seeds,18,39.18
2025-10-24,ES-MD,mint-oil,19,201.35
2025-10-24,ES-MD,dried-sage,19,129.3
2025-10-24,IT-LOM,herbal-tea,81,362.93
2025-10-24,IT-LOM,basil-seeds,38,86.57
2025-10-24,IT-LOM,mint-oil,22,248.43
2025-10-24,IT-LOM,dried-sage,27,181.36
2025-10-25,DE-BE,herbal-tea,43,189.53
2025-10-25,DE-BE,basil-seeds,10,22.05
2025-10-25,DE-BE,mint-oil,8,84.2
2025-10-25,DE-BE,dried-sage,11,76.33
2025-10-25,DE-BY,herbal-tea,84,363.06
2025-10-25,DE-BY,basil-seeds,35,80.84
2025-10-25,DE-BY,mint-oil,10,111.48
2025-10-25,DE-BY,dried-sage,39,257.37
2025-10-25,DE-HH,herbal-tea,6,28.13
2025-10-25,DE-HH,basil-seeds,4,8.72
2025-10-25,DE-HH,mint-oil,4,46.04
2025-10-25,DE-HH,dried-sage,8,51.88
2025-10-25,FR-IDF,herbal-tea,68,294.84
2025-10-25,FR-IDF,basil-seeds,21,48.42
2025-10-25,FR-IDF,mint-oil,36,392.82
2025-10-25,FR-IDF,dried-sage,31,209.16
2025-10-25,FR-ARA,herbal-tea,72,311.12
2025-10-25,FR-ARA,basil-seeds,17,37.9
2025-10-25,FR-ARA,mint-oil,17,187.54
2025-10-25,FR-ARA,dried-sage,14,95.95
2025-10-25,NL-NH,herbal-tea,11,51.61
2025-10-25,NL-NH,basil-seeds,5,11.08
2025-10-25,NL-NH,mint-oil,6,65.97
2025-10-25,NL-NH,dried-sage,7,46.46
2025-10-25,ES-MD,herbal-tea,47,219.12
2025-10-25,ES-MD,basil-seeds,6,13.37
2025-10-25,ES-MD,mint-oil,17,180.9
2025-10-25,ES-MD,dried-sage,17,115.67
2025-10-25,IT-LOM,herbal-tea,69,314.03
2025-10-25,IT-LOM,basil-seeds,19,41.61
2025-10-25,IT-LOM,mint-oil,24,276.17
2025-10-25,IT-LOM,dried-sage,32,209.15
2025-10-26,DE-BE,herbal-tea,22,101.64
2025-10-26,DE-BE,basil-seeds,4,8.83
2025-10-26,DE-BE,mint-oil,11,120.89
2025-10-26,DE-BE,dried-sage,8,54.15
2025-10-26,DE-BY,herbal-tea,95,447.5
2025-10-26,DE-BY,basil-seeds,32,72.55
2025-10-26,DE-BY,mint-oil,62,701.7
2025-10-26,DE-BY,dried-sage,26,181.35
2025-10-26,DE-HH,herbal-tea,16,73.98
2025-10-26,DE-HH,basil-seeds,2,4.52
2025-10-26,DE-HH,mint-oil,6,64.07
2025-10-26,DE-HH,dried-sage,5,34.01
2025-10-26,FR-IDF,herbal-tea,74,332.78
2025-10-26,FR-IDF,basil-seeds,30,66.32
2025-10-26,FR-IDF,mint-oil,16,184.13
2025-10-26,FR-IDF,dried-sage,36,238.01
2025-10-26,FR-ARA,herbal-tea,56,258.58
2025-10-26,FR-ARA,basil-seeds,26,56.91
2025-10-26,FR-ARA,mint-oil,21,236.02
2025-10-26,FR-ARA,dried-sage,18,123.69
2025-10-26,NL-NH,herbal-tea,18,84.66
2025-10-26,NL-NH,basil-seeds,6,12.79
2025-10-26,NL-NH,mint-oil,9,103.65
2025-10-26,NL-NH,dried-sage,3,19.76
2025-10-26,ES-MD,herbal-tea,51,224.1
2025-10-26,ES-MD,basil-seeds,19,40.41
2025-10-26,ES-MD,mint-oil,21,234.59
2025-10-26,ES-MD,dried-sage,18,118.37
2025-10-26,IT-LOM,herbal-tea,97,441.35
2025-10-26,IT-LOM,basil-seeds,13,29.24
2025-10-26,IT-LOM,mint-oil,20,209.16
2025-10-26,IT-LOM,dried-sage,32,223.21
2025-10-27,DE-BE,herbal-tea,33,151.32
2025-10-27,DE-BE,basil-seeds,12,26.9
2025-10-27,DE-BE,mint-oil,12,132.86
2025-10-27,DE-BE,dried-sage,9,59.12
2025-10-27,DE-BY,herbal-tea,74,344.33
2025-10-27,DE-BY,basil-seeds,52,116.04
2025-10-27,DE-BY,mint-oil,50,556.39
2025-10-27,DE-BY,dried-sage,44,287.2
2025-10-27,DE-HH,herbal-tea,13,59.97
2025-10-27,DE-HH,basil-seeds,5,11.05
2025-10-27,DE-HH,mint-oil,3,33.78
2025-10-27,DE-HH,dried-sage,6,40.7
2025-10-27,FR-IDF,herbal-tea,95,443.13
2025-10-27,FR-IDF,basil-seeds,10,22.16
2025-10-27,FR-IDF,mint-oil,38,400.37
2025-10-27,FR-IDF,dried-sage,42,285.49
2025-10-27,FR-ARA,herbal-tea,62,273.13
2025-10-27,FR-ARA,basil-seeds,27,58.0
2025-10-27,FR-ARA,mint-oil,31,331.25
2025-10-27,FR-ARA,dried-sage,18,121.41
2025-10-27,NL-NH,herbal-tea,32,137.54
2025-10-27,NL-NH,basil-seeds,11,23.46
2025-10-27,NL-NH,mint-oil,7,78.44
2025-10-27,NL-NH,dried-sage,10,66.06
2025-10-27,ES-MD,herbal-tea,47,209.37
2025-10-27,ES-MD,basil-seeds,21,47.1
2025-10-27,ES-MD,mint-oil,26,276.03
2025-10-27,ES-MD,dried-sage,31,201.0
2025-10-27,IT-LOM,herbal-tea,51,223.45
2025-10-27,IT-LOM,basil-seeds,22,50.3
2025-10-27,IT-LOM,mint-oil,26,288.04
2025-10-27,IT-LOM,dried-sage,32,211.0
2025-10-28,DE-BE,herbal-tea,40,171.18
2025-10-28,DE-BE,basil-seeds,10,21.92
2025-10-28,DE-BE,mint-oil,11,116.11
2025-10-28,DE-BE,dried-sage,11,72.88
2025-10-28,DE-BY,herbal-tea,82,386.18
2025-10-28,DE-BY,basil-seeds,55,115.26
2025-10-28,DE-BY,mint-oil,26,274.26
2025-10-28,DE-BY,dried-sage,43,299.79
2025-10-28,DE-HH,herbal-tea,19,82.6
2025-10-28,DE-HH,basil-seeds,6,12.68
2025-10-28,DE-HH,mint-oil,4,41.98
2025-10-28,DE-HH,dried-sage,5,34.03
2025-10-28,FR-IDF,herbal-tea,124,557.76
2025-10-28,FR-IDF,basil-seeds,27,57.53
2025-10-28,FR-IDF,mint-oil,53,572.29
2025-10-28,FR-IDF,dried-sage,39,276.39
2025-10-28,FR-ARA,herbal-tea,68,314.95
2025-10-28,FR-ARA,basil-seeds,14,32.34
2025-10-28,FR-ARA,mint-oil,27,306.14
2025-10-28,FR-ARA,dried-sage,26,185.01
2025-10-28,NL-NH,herbal-tea,22,96.59
2025-10-28,NL-NH,basil-seeds,8,17.15
2025-10-28,NL-NH,mint-oil,14,159.01
2025-10-28,NL-NH,dried-sage,10,69.77
2025-10-28,ES-MD,herbal-tea,48,224.69
2025-10-28,ES-MD,basil-seeds,29,61.78
2025-10-28,ES-MD,mint-oil,25,261.67
2025-10-28,ES-MD,dried-sage,26,174.01
2025-10-28,IT-LOM,herbal-tea,86,396.88
2025-10-28,IT-LOM,basil-seeds,39,82.73
2025-10-28,IT-LOM,mint-oil,28,315.1
2025-10-28,IT-LOM,dried-sage,12,82.28
2025-10-29,DE-BE,herbal-tea,26,120.48
2025-10-29,DE-BE,basil-seeds,16,35.11
2025-10-29,DE-BE,mint-oil,13,138.83
2025-10-29,DE-BE,dried-sage,15,98.76
2025-10-29,DE-BY,herbal-tea,91,392.89
2025-10-29,DE-BY,basil-seeds,32,73.38
2025-10-29,DE-BY,mint-oil,36,394.64
2025-10-29,DE-BY,dried-sage,40,280.66
2025-10-29,DE-HH,herbal-tea,14,65.97
2025-10-29,DE-HH,basil-seeds,5,10.6
2025-10-29,DE-HH,mint-oil,8,86.76
2025-10-29,DE-HH,dried-sage,4,27.31
2025-10-29,FR-IDF,herbal-tea,103,445.23
2025-10-29,FR-IDF,basil-seeds,38,84.23
2025-10-29,FR-IDF,mint-oil,54,596.2
2025-10-29,FR-IDF,dried-sage,51,361.44
2025-10-29,FR-ARA,herbal-tea,89,402.12
2025-10-29,FR-ARA,basil-seeds,30,65.37
2025-10-29,FR-ARA,mint-oil,24,266.82
2025-10-29,FR-ARA,dried-sage,19,129.66
2025-10-29,NL-NH,herbal-tea,17,75.95
2025-10-29,NL-NH,basil-seeds,10,22.83
2025-10-29,NL-NH,mint-oil,12,127.08
2025-10-29,NL-NH,dried-sage,8,54.2
2025-10-29,ES-MD,herbal-tea,84,378.01
2025-10-29,ES-MD,basil-seeds,20,42.98
2025-10-29,ES-MD,mint-oil,19,214.21
2025-10-29,ES-MD,dried-sage,20,135.16
2025-10-29,IT-LOM,herbal-tea,49,231.01
2025-10-29,IT-LOM,basil-seeds,12,25.37
2025-10-29,IT-LOM,mint-oil,36,409.72
2025-10-29,IT-LOM,dried-sage,31,203.01
2025-10-30,DE-BE,herbal-tea,28,124.79
2025-10-30,DE-BE,basil-seeds,11,24.77
2025-10-30,DE-BE,mint-oil,12,135.54
2025-10-30,DE-BE,dried-sage,4,28.4
2025-10-30,DE-BY,herbal-tea,117,538.63
2025-10-30,DE-BY,basil-seeds,53,112.26
2025-10-30,DE-BY,mint-oil,42,449.55
2025-10-30,DE-BY,dried-sage,48,327.72
2025-10-30,DE-HH,herbal-tea,12,56.4
2025-10-30,DE-HH,basil-seeds,5,10.49
2025-10-30,DE-HH,mint-oil,6,69.07
2025-10-30,DE-HH,dried-sage,6,40.43
2025-10-30,FR-IDF,herbal-tea,95,436.67
2025-10-30,FR-IDF,basil-seeds,42,87.87
2025-10-30,FR-IDF,mint-oil,41,461.98
2025-10-30,FR-IDF,dried-sage,39,264.98
2025-10-30,FR-ARA,herbal-tea,73,312.55
2025-10-30,FR-ARA,basil-seeds,23,52.64
2025-10-30,FR-ARA,mint-oil,28,299.31
2025-10-30,FR-ARA,dried-sage,24,156.03
2025-10-30,NL-NH,herbal-tea,30,131.61
2025-10-30,NL-NH,basil-seeds,9,19.39
2025-10-30,NL-NH,mint-oil,8,85.71
2025-10-30,NL-NH,dried-sage,6,39.21
2025-10-30,ES-MD,herbal-tea,71,321.79
2025-10-30,ES-MD,basil-seeds,20,45.22
2025-10-30,ES-MD,mint-oil,23,243.36
2025-10-30,ES-MD,dried-sage,20,140.06
2025-10-30,IT-LOM,herbal-tea,129,600.84
2025-10-30,IT-LOM,basil-seeds,32,69.59
2025-10-30,IT-LOM,mint-oil,30,340.57
2025-10-30,IT-LOM,dried-sage,19,124.53
2025-10-31,DE-BE,herbal-tea,12,55.31
2025-10-31,DE-BE,basil-seeds,11,24.4
2025-10-31,DE-BE,mint-oil,6,67.5
2025-10-31,DE-BE,dried-sage,10,69.63
2025-10-31,DE-BY,herbal-tea,87,393.14
2025-10-31,DE-BY,basil-seeds,33,74.29
2025-10-31,DE-BY,mint-oil,30,344.88
2025-10-31,DE-BY,dried-sage,68,482.88
2025-10-31,DE-HH,herbal-tea,18,80.84
2025-10-31,DE-HH,basil-seeds,4,8.59
2025-10-31,DE-HH,mint-oil,5,57.32
2025-10-31,DE-HH,dried-sage,6,42.09
2025-10-31,FR-IDF,herbal-tea,127,582.03
2025-10-31,FR-IDF,basil-seeds,34,72.92
2025-10-31,FR-IDF,mint-oil,39,443.37
2025-10-31,FR-IDF,dried-sage,39,277.22
2025-10-31,FR-ARA,herbal-tea,71,331.72
2025-10-31,FR-ARA,basil-seeds,25,54.0
2025-10-31,FR-ARA,mint-oil,20,217.13
2025-10-31,FR-ARA,dried-sage,17,112.82
2025-10-31,NL-NH,herbal-tea,13,61.21
2025-10-31,NL-NH,basil-seeds,8,17.26
2025-10-31,NL-NH,mint-oil,10,107.36
2025-10-31,NL-NH,dried-sage,8,56.29
2025-10-31,ES-MD,herbal-tea,67,296.19
2025-10-31,ES-MD,basil-seeds,20,42.85
2025-10-31,ES-MD,mint-oil,19,205.27
2025-10-31,ES-MD,dried-sage,21,149.13
2025-10-31,IT-LOM,herbal-tea,68,308.51
2025-10-31,IT-LOM,basil-seeds,26,58.37
2025-10-31,IT-LOM,mint-oil,35,371.46
2025-10-31,IT-LOM,dried-sage,24,155.92
2025-11-01,DE-BE,herbal-tea,41,191.53
2025-11-01,DE-BE,basil-seeds,14,31.48
2025-11-01,DE-BE,mint-oil,15,165.64
2025-11-01,DE-BE,dried-sage,9,58.7
2025-11-01,DE-BY,herbal-tea,68,310.67
2025-11-01,DE-BY,basil-seeds,47,103.54
2025-11-01,DE-BY,mint-oil,34,391.51
2025-11-01,DE-BY,dried-sage,38,249.34
2025-11-01,DE-HH,herbal-tea,19,85.76
2025-11-01,DE-HH,basil-seeds,6,13.2
2025-11-01,DE-HH,mint-oil,7,75.65
2025-11-01,DE-HH,dried-sage,7,45.87
2025-11-01,FR-IDF,herbal-tea,125,570.22
2025-11-01,FR-IDF,basil-seeds,64,136.47
2025-11-01,FR-IDF,mint-oil,35,374.31
2025-11-01,FR-IDF,dried-sage,65,463.91
2025-11-01,FR-ARA,herbal-tea,91,395.56
2025-11-01,FR-ARA,basil-seeds,29,61.21
2025-11-01,FR-ARA,mint-oil,31,342.76
2025-11-01,FR-ARA,dried-sage,14,93.6
2025-11-01,NL-NH,herbal-tea,19,89.25
2025-11-01,NL-NH,basil-seeds,9,20.05
2025-11-01,NL-NH,mint-oil,11,119.14
2025-11-01,NL-NH,dried-sage,4,25.89
2025-11-01,ES-MD,herbal-tea,51,220.65
2025-11-01,ES-MD,basil-seeds,15,31.45
2025-11-01,ES-MD,mint-oil,21,220.73
2025-11-01,ES-MD,dried-sage,25,168.75
2025-11-01,IT-LOM,herbal-tea,104,470.88
2025-11-01,IT-LOM,basil-seeds,36,79.38
2025-11-01,IT-LOM,mint-oil,34,382.36
2025-11-01,IT-LOM,dried-sage,36,250.81
2025-11-02,DE-BE,herbal-tea,47,203.61
2025-11-02,DE-BE,basil-seeds,21,47.29
2025-11-02,DE-BE,mint-oil,16,173.37
2025-11-02,DE-BE,dried-sage,12,78.54
2025-11-02,DE-BY,herbal-tea,116,523.69
2025-11-02,DE-BY,basil-seeds,41,89.07
2025-11-02,DE-BY,mint-oil,37,417.23
2025-11-02,DE-BY,dried-sage,48,317.4
2025-11-02,DE-HH,herbal-tea,21,98.41
2025-11-02,DE-HH,basil-seeds,4,9.02
2025-11-02,DE-HH,mint-oil,5,57.59
2025-11-02,DE-HH,dried-sage,8,53.34
2025-11-02,FR-IDF,herbal-tea,123,550.17
2025-11-02,FR-IDF,basil-seeds,48,110.75
2025-11-02,FR-IDF,mint-oil,48,545.17
2025-11-02,FR-IDF,dried-sage,37,239.65
2025-11-02,FR-ARA,herbal-tea,67,286.63
2025-11-02,FR-ARA,basil-seeds,25,55.0
2025-11-02,FR-ARA,mint-oil,28,298.91
2025-11-02,FR-ARA,dried-sage,20,139.15
2025-11-02,NL-NH,herbal-tea,24,105.14
2025-11-02,NL-NH,basil-seeds,10,22.13
2025-11-02,NL-NH,mint-oil,8,87.21
2025-11-02,NL-NH,dried-sage,11,72.32
2025-11-02,ES-MD,herbal-tea,87,401.27
2025-11-02,ES-MD,basil-seeds,21,44.47
2025-11-02,ES-MD,mint-oil,12,130.6
2025-11-02,ES-MD,dried-sage,27,192.54
2025-11-02,IT-LOM,herbal-tea,57,261.72
2025-11-02,IT-LOM,basil-seeds,35,76.13
2025-11-02,IT-LOM,mint-oil,29,315.82
2025-11-02,IT-LOM,dried-sage,45,295.37
2025-11-03,DE-BE,herbal-tea,57,268.21
2025-11-03,DE-BE,basil-seeds,21,46.76
2025-11-03,DE-BE,mint-oil,6,68.33
2025-11-03,DE-BE,dried-sage,19,128.45
2025-11-03,DE-BY,herbal-tea,157,715.23
2025-11-03,DE-BY,basil-seeds,47,103.12
2025-11-03,DE-BY,mint-oil,61,676.25
2025-11-03,DE-BY,dried-sage,41,282.68
2025-11-03,DE-HH,herbal-tea,19,89.56
2025-11-03,DE-HH,basil-seeds,7,14.8
2025-11-03,DE-HH,mint-oil,5,54.91
2025-11-03,DE-HH,dried-sage,7,46.65
2025-11-03,FR-IDF,herbal-tea,143,666.93
2025-11-03,FR-IDF,basil-seeds,55,124.77
2025-11-03,FR-IDF,mint-oil,46,501.92
2025-11-03,FR-IDF,dried-sage,57,396.86
2025-11-03,FR-ARA,herbal-tea,80,345.98
2025-11-03,FR-ARA,basil-seeds,35,73.82
2025-11-03,FR-ARA,mint-oil,34,364.75
2025-11-03,FR-ARA,dried-sage,26,181.01
2025-11-03,NL-NH,herbal-tea,28,126.94
2025-11-03,NL-NH,basil-seeds,13,27.66
2025-11-03,NL-NH,mint-oil,15,161.31
2025-11-03,NL-NH,dried-sage,11,73.18
2025-11-03,ES-MD,herbal-tea,83,358.6
2025-11-03,ES-MD,basil-seeds,19,42.68
2025-11-03,ES-MD,mint-oil,24,265.33
2025-11-03,ES-MD,dried-sage,27,184.17
2025-11-03,IT-LOM,herbal-tea,106,485.05
2025-11-03,IT-LOM,basil-seeds,40,85.65
2025-11-03,IT-LOM,mint-oil,42,475.35
2025-11-03,IT-LOM,dried-sage,51,346.82
2025-11-04,DE-BE,herbal-tea,51,234.64
2025-11-04,DE-BE,basil-seeds,11,24.27
2025-11-04,DE-BE,mint-oil,14,154.57
2025-11-04,DE-BE,dried-sage,20,142.71
2025-11-04,DE-BY,herbal-tea,100,428.32
2025-11-04,DE-BY,basil-seeds,65,147.96
2025-11-04,DE-BY,mint-oil,66,702.89
2025-11-04,DE-BY,dried-sage,25,164.24
2025-11-04,DE-HH,herbal-tea,22,100.55
2025-11-04,DE-HH,basil-seeds,6,12.91
2025-11-04,DE-HH,mint-oil,7,79.8
2025-11-04,DE-HH,dried-sage,6,39.24
2025-11-04,FR-IDF,herbal-tea,115,530.13
2025-11-04,FR-IDF,basil-seeds,54,119.13
2025-11-04,FR-IDF,mint-oil,71,780.74
2025-11-04,FR-IDF,dried-sage,50,326.42
2025-11-04,FR-ARA,herbal-tea,83,369.21
2025-11-04,FR-ARA,basil-seeds,20,46.14
2025-11-04,FR-ARA,mint-oil,33,370.22
2025-11-04,FR-ARA,dried-sage,34,222.07
2025-11-04,NL-NH,herbal-tea,21,95.66
2025-11-04,NL-NH,basil-seeds,13,29.78
2025-11-04,NL-NH,mint-oil,12,129.04
2025-11-04,NL-NH,dried-sage,12,85.18
2025-11-04,ES-MD,herbal-tea,81,363.58
2025-11-04,ES-MD,basil-seeds,39,82.51
2025-11-04,ES-MD,mint-oil,33,371.99
2025-11-04,ES-MD,dried-sage,32,219.55
2025-11-04,IT-LOM,herbal-tea,79,352.48
2025-11-04,IT-LOM,basil-seeds,42,94.99
2025-11-04,IT-LOM,mint-oil,48,522.08
2025-11-04,IT-LOM,dried-sage,47,333.26
2025-11-05,DE-BE,herbal-tea,43,197.06
2025-11-05,DE-BE,basil-seeds,8,17.81
2025-11-05,DE-BE,mint-oil,15,165.12
2025-11-05,DE-BE,dried-sage,14,91.38
2025-11-05,DE-BY,herbal-tea,113,515.42
2025-11-05,DE-BY,basil-seeds,38,86.29
2025-11-05,DE-BY,mint-oil,49,512.56
2025-11-05,DE-BY,dried-sage,62,405.6
2025-11-05,DE-HH,herbal-tea,21,91.89
2025-11-05,DE-HH,basil-seeds,9,19.86
2025-11-05,DE-HH,mint-oil,7,80.25
2025-11-05,DE-HH,dried-sage,7,47.88
2025-11-05,FR-IDF,herbal-tea,111,500.63
2025-11-05,FR-IDF,basil-seeds,34,71.09
2025-11-05,FR-IDF,mint-oil,56,632.04
2025-11-05,FR-IDF,dried-sage,57,395.94
2025-11-05,FR-ARA,herbal-tea,49,211.81
2025-11-05,FR-ARA,basil-seeds,35,73.36
2025-11-05,FR-ARA,mint-oil,31,344.94
2025-11-05,FR-ARA,dried-sage,30,213.71
2025-11-05,NL-NH,herbal-tea,38,174.02
2025-11-05,NL-NH,basil-seeds,15,34.25
2025-11-05,NL-NH,mint-oil,6,64.36
2025-11-05,NL-NH,dried-sage,8,54.35
2025-11-05,ES-MD,herbal-tea,80,354.2
2025-11-05,ES-MD,basil-seeds,30,64.2
2025-11-05,ES-MD,mint-oil,22,250.79
2025-11-05,ES-MD,dried-sage,29,205.08
2025-11-05,IT-LOM,herbal-tea,144,651.05
2025-11-05,IT-LOM,basil-seeds,41,91.77
2025-11-05,IT-LOM,mint-oil,39,422.65
2025-11-05,IT-LOM,dried-sage,33,232.64
2025-11-06,DE-BE,herbal-tea,40,182.72
2025-11-06,DE-BE,basil-seeds,15,33.56
2025-11-06,DE-BE,mint-oil,14,148.38
2025-11-06,DE-BE,dried-sage,20,141.12
2025-11-06,DE-BY,herbal-tea,159,738.7
2025-11-06,DE-BY,basil-seeds,52,113.15
2025-11-06,DE-BY,mint-oil,84,933.47
2025-11-06,DE-BY,dried-sage,61,425.73
2025-11-06,DE-HH,herbal-tea,13,57.09
2025-11-06,DE-HH,basil-seeds,6,13.42
2025-11-06,DE-HH,mint-oil,10,112.0
2025-11-06,DE-HH,dried-sage,7,46.92
2025-11-06,FR-IDF,herbal-tea,97,425.41
2025-11-06,FR-IDF,basil-seeds,55,125.23
2025-11-06,FR-IDF,mint-oil,57,642.59
2025-11-06,FR-IDF,dried-sage,45,317.55
2025-11-06,FR-ARA,herbal-tea,96,442.19
2025-11-06,FR-ARA,basil-seeds,37,84.16
2025-11-06,FR-ARA,mint-oil,41,445.97
2025-11-06,FR-ARA,dried-sage,25,161.58
2025-11-06,NL-NH,herbal-tea,35,155.36
2025-11-06,NL-NH,basil-seeds,11,25.36
2025-11-06,NL-NH,mint-oil,15,169.4
2025-11-06,NL-NH,dried-sage,11,77.74
2025-11-06,ES-MD,herbal-tea,88,404.03
2025-11-06,ES-MD,basil-seeds,36,80.74
2025-11-06,ES-MD,mint-oil,20,221.71
2025-11-06,ES-MD,dried-sage,20,133.12
2025-11-06,IT-LOM,herbal-tea,122,533.65
2025-11-06,IT-LOM,basil-seeds,33,69.04
2025-11-06,IT-LOM,mint-oil,51,566.65
2025-11-06,IT-LOM,dried-sage,34,238.36
2025-11-07,DE-BE,herbal-tea,44,192.63
2025-11-07,DE-BE,basil-seeds,13,27.59
2025-11-07,DE-BE,mint-oil,14,153.63
2025-11-07,DE-BE,dried-sage,16,107.33
2025-11-07,DE-BY,herbal-tea,156,694.15
2025-11-07,DE-BY,basil-seeds,42,90.47
2025-11-07,DE-BY,mint-oil,52,581.6
2025-11-07,DE-BY,dried-sage,46,326.43
2025-11-07,DE-HH,herbal-tea,22,99.49
2025-11-07,DE-HH,basil-seeds,6,12.66
2025-11-07,DE-HH,mint-oil,6,68.51
2025-11-07,DE-HH,dried-sage,9,59.83
2025-11-07,FR-IDF,herbal-tea,113,533.6
2025-11-07,FR-IDF,basil-seeds,49,107.7
2025-11-07,FR-IDF,mint-oil,54,589.51
2025-11-07,FR-IDF,dried-sage,38,270.26
2025-11-07,FR-ARA,herbal-tea,82,362.98
2025-11-07,FR-ARA,basil-seeds,37,83.39
2025-11-07,FR-ARA,mint-oil,35,386.77
2025-11-07,FR-ARA,dried-sage,31,201.87
2025-11-07,NL-NH,herbal-tea,25,115.96
2025-11-07,NL-NH,basil-seeds,12,25.43
2025-11-07,NL-NH,mint-oil,8,87.98
2025-11-07,NL-NH,dried-sage,9,58.74
2025-11-07,ES-MD,herbal-tea,69,321.49
2025-11-07,ES-MD,basil-seeds,30,66.92
2025-11-07,ES-MD,mint-oil,28,306.83
2025-11-07,ES-MD,dried-sage,18,119.06
2025-11-07,IT-LOM,herbal-tea,99,458.28
2025-11-07,IT-LOM,basil-seeds,43,93.99
2025-11-07,IT-LOM,mint-oil,38,429.36
2025-11-07,IT-LOM,dried-sage,17,114.71
2025-11-08,DE-BE,herbal-tea,33,146.39
2025-11-08,DE-BE,basil-seeds,14,30.62
2025-11-08,DE-BE,mint-oil,15,170.39
2025-11-08,DE-BE,dried-sage,14,94.86
2025-11-08,DE-BY,herbal-tea,97,447.62
2025-11-08,DE-BY,basil-seeds,61,133.94
2025-11-08,DE-BY,mint-oil,64,702.67
2025-11-08,DE-BY,dried-sage,47,326.72
2025-11-08,DE-HH,herbal-tea,19,83.85
2025-11-08,DE-HH,basil-seeds,8,17.12
2025-11-08,DE-HH,mint-oil,7,76.56
2025-11-08,DE-HH,dried-sage,6,42.11
2025-11-08,FR-IDF,herbal-tea,133,587.99
2025-11-08,FR-IDF,basil-seeds,35,76.68
2025-11-08,FR-IDF,mint-oil,45,498.1
2025-11-08,FR-IDF,dried-sage,46,307.56
2025-11-08,FR-ARA,herbal-tea,79,356.5
2025-11-08,FR-ARA,basil-seeds,23,53.04
2025-11-08,FR-ARA,mint-oil,32,352.57
2025-11-08,FR-ARA,dried-sage,26,173.27
2025-11-08,NL-NH,herbal-tea,34,149.19
2025-11-08,NL-NH,basil-seeds,11,23.01
2025-11-08,NL-NH,mint-oil,9,96.1
2025-11-08,NL-NH,dried-sage,8,54.28
2025-11-08,ES-MD,herbal-tea,89,388.75
2025-11-08,ES-MD,basil-seeds,28,60.6
2025-11-08,ES-MD,mint-oil,22,239.6
2025-11-08,ES-MD,dried-sage,11,74.18
2025-11-08,IT-LOM,herbal-tea,113,494.15
2025-11-08,IT-LOM,basil-seeds,43,94.87
2025-11-08,IT-LOM,mint-oil,33,366.9
2025-11-08,IT-LOM,dried-sage,22,148.2
2025-11-09,DE-BE,herbal-tea,36,158.16
2025-11-09,DE-BE,basil-seeds,13,29.8
2025-11-09,DE-BE,mint-oil,11,123.17
2025-11-09,DE-BE,dried-sage,13,85.54
2025-11-09,DE-BY,herbal-tea,112,517.98
2025-11-09,DE-BY,basil-seeds,31,66.56
2025-11-09,DE-BY,mint-oil,46,507.26
2025-11-09,DE-BY,dried-sage,49,344.34
2025-11-09,DE-HH,herbal-tea,18,81.63
2025-11-09,DE-HH,basil-seeds,5,11.27
2025-11-09,DE-HH,mint-oil,8,91.11
2025-11-09,DE-HH,dried-sage,6,40.51
2025-11-09,FR-IDF,herbal-tea,117,510.28
2025-11-09,FR-IDF,basil-seeds,45,100.55
2025-11-09,FR-IDF,mint-oil,39,439.16
2025-11-09,FR-IDF,dried-sage,53,360.41
2025-11-09,FR-ARA,herbal-tea,91,402.91
2025-11-09,FR-ARA,basil-seeds,24,51.5
2025-11-09,FR-ARA,mint-oil,26,291.85
2025-11-09,FR-ARA,dried-sage,30,194.36
2025-11-09,NL-NH,herbal-tea,31,134.58
2025-11-09,NL-NH,basil-seeds,8,17.04
2025-11-09,NL-NH,mint-oil,11,125.08
2025-11-09,NL-NH,dried-sage,12,81.24
2025-11-09,ES-MD,herbal-tea,67,291.73
2025-11-09,ES-MD,basil-seeds,26,59.74
2025-11-09,ES-MD,mint-oil,26,293.48
2025-11-09,ES-MD,dried-sage,26,182.74
2025-11-09,IT-LOM,herbal-tea,110,494.51
2025-11-09,IT-LOM,basil-seeds,26,57.81
2025-11-09,IT-LOM,mint-oil,39,414.6
2025-11-09,IT-LOM,dried-sage,35,244.65
2025-11-10,DE-BE,herbal-tea,50,222.12
2025-11-10,DE-BE,basil-seeds,20,43.07
2025-11-10,DE-BE,mint-oil,17,188.0
2025-11-10,DE-BE,dried-sage,13,84.27
2025-11-10,DE-BY,herbal-tea,150,669.93
2025-11-10,DE-BY,basil-seeds,58,128.6
2025-11-10,DE-BY,mint-oil,59,628.18
2025-11-10,DE-BY,dried-sage,73,473.05
2025-11-10,DE-HH,herbal-tea,22,103.56
2025-11-10,DE-HH,basil-seeds,8,17.72
2025-11-10,DE-HH,mint-oil,7,80.69
2025-11-10,DE-HH,dried-sage,7,46.49
2025-11-10,FR-IDF,herbal-tea,124,576.35
2025-11-10,FR-IDF,basil-seeds,43,90.44
2025-11-10,FR-IDF,mint-oil,31,339.31
2025-11-10,FR-IDF,dried-sage,44,310.68
2025-11-10,FR-ARA,herbal-tea,89,412.76
2025-11-10,FR-ARA,basil-seeds,19,40.05
2025-11-10,FR-ARA,mint-oil,38,429.64
2025-11-10,FR-ARA,dried-sage,29,204.85
2025-11-10,NL-NH,herbal-tea,26,114.56
2025-11-10,NL-NH,basil-seeds,7,14.94
2025-11-10,NL-NH,mint-oil,13,138.47
2025-11-10,NL-NH,dried-sage,15,106.25
2025-11-10,ES-MD,herbal-tea,67,289.84
2025-11-10,ES-MD,basil-seeds,30,68.04
2025-11-10,ES-MD,mint-oil,30,328.14
2025-11-10,ES-MD,dried-sage,31,220.89
2025-11-10,IT-LOM,herbal-tea,110,481.25
2025-11-10,IT-LOM,basil-seeds,40,88.55
2025-11-10,IT-LOM,mint-oil,39,421.5
2025-11-10,IT-LOM,dried-sage,27,175.54
2025-11-11,DE-BE,herbal-tea,49,222.99
2025-11-11,DE-BE,basil-seeds,12,27.68
2025-11-11,DE-BE,mint-oil,13,138.98
2025-11-11,DE-BE,dried-sage,19,130.55
2025-11-11,DE-BY,herbal-tea,173,816.75
2025-11-11,DE-BY,basil-seeds,65,142.9
2025-11-11,DE-BY,mint-oil,50,571.71
2025-11-11,DE-BY,dried-sage,53,346.63
2025-11-11,DE-HH,herbal-tea,17,73.04
2025-11-11,DE-HH,basil-seeds,8,18.44
2025-11-11,DE-HH,mint-oil,6,63.53
2025-11-11,DE-HH,dried-sage,7,47.27
2025-11-11,FR-IDF,herbal-tea,110,486.64
2025-11-11,FR-IDF,basil-seeds,54,114.9
2025-11-11,FR-IDF,mint-oil,57,614.69
2025-11-11,FR-IDF,dried-sage,40,284.98
2025-11-11,FR-ARA,herbal-tea,76,350.51
2025-11-11,FR-ARA,basil-seeds,30,66.57
2025-11-11,FR-ARA,mint-oil,42,462.26
2025-11-11,FR-ARA,dried-sage,34,232.27
2025-11-11,NL-NH,herbal-tea,31,142.96
2025-11-11,NL-NH,basil-seeds,12,27.7
2025-11-11,NL-NH,mint-oil,12,125.69
2025-11-11,NL-NH,dried-sage,7,45.43
2025-11-11,ES-MD,herbal-tea,95,410.54
2025-11-11,ES-MD,basil-seeds,28,64.43
2025-11-11,ES-MD,mint-oil,31,329.61
2025-11-11,ES-MD,dried-sage,22,153.66
2025-11-11,IT-LOM,herbal-tea,136,639.2
2025-11-11,IT-LOM,basil-seeds,33,75.37
2025-11-11,IT-LOM,mint-oil,40,429.4
2025-11-11,IT-LOM,dried-sage,42,287.67
2025-11-12,DE-BE,herbal-tea,47,219.93
2025-11-12,DE-BE,basil-seeds,16,34.67
2025-11-12,DE-BE,mint-oil,16,167.32
2025-11-12,DE-BE,dried-sage,17,111.76
2025-11-12,DE-BY,herbal-tea,139,644.86
2025-11-12,DE-BY,basil-seeds,56,128.2
2025-11-12,DE-BY,mint-oil,57,656.68
2025-11-12,DE-BY,dried-sage,45,294.17
2025-11-12,DE-HH,herbal-tea,22,97.39
2025-11-12,DE-HH,basil-seeds,6,12.97
2025-11-12,DE-HH,mint-oil,7,74.89
2025-11-12,DE-HH,dried-sage,4,26.94
2025-11-12,FR-IDF,herbal-tea,101,457.24
2025-11-12,FR-IDF,basil-seeds,49,109.9
2025-11-12,FR-IDF,mint-oil,51,576.47
2025-11-12,FR-IDF,dried-sage,55,362.51
2025-11-12,FR-ARA,herbal-tea,104,463.04
2025-11-12,FR-ARA,basil-seeds,42,89.29
2025-11-12,FR-ARA,mint-oil,32,353.32
2025-11-12,FR-ARA,dried-sage,33,220.96
2025-11-12,NL-NH,herbal-tea,31,141.52
2025-11-12,NL-NH,basil-seeds,9,19.05
2025-11-12,NL-NH,mint-oil,13,146.61
2025-11-12,NL-NH,dried-sage,8,52.17
2025-11-12,ES-MD,herbal-tea,77,356.2
2025-11-12,ES-MD,basil-seeds,26,58.64
2025-11-12,ES-MD,mint-oil,19,211.34
2025-11-12,ES-MD,dried-sage,34,233.85
2025-11-12,IT-LOM,herbal-tea,117,512.95
2025-11-12,IT-LOM,basil-seeds,39,85.77
2025-11-12,IT-LOM,mint-oil,43,463.97
2025-11-12,IT-LOM,dried-sage,48,322.21
2025-11-13,DE-BE,herbal-tea,50,222.39
2025-11-13,DE-BE,basil-seeds,21,46.64
2025-11-13,DE-BE,mint-oil,18,199.31
2025-11-13,DE-BE,dried-sage,12,84.88
2025-11-13,DE-BY,herbal-tea,101,436.22
2025-11-13,DE-BY,basil-seeds,78,165.29
2025-11-13,DE-BY,mint-oil,50,535.1
2025-11-13,DE-BY,dried-sage,56,380.1
2025-11-13,DE-HH,herbal-tea,20,94.0
2025-11-13,DE-HH,basil-seeds,9,20.5
2025-11-13,DE-HH,mint-oil,7,78.29
2025-11-13,DE-HH,dried-sage,8,54.45
2025-11-13,FR-IDF,herbal-tea,148,639.55
2025-11-13,FR-IDF,basil-seeds,46,105.31
2025-11-13,FR-IDF,mint-oil,43,469.49
2025-11-13,FR-IDF,dried-sage,31,209.72
2025-11-13,FR-ARA,herbal-tea,88,398.81
2025-11-13,FR-ARA,basil-seeds,31,65.87
2025-11-13,FR-ARA,mint-oil,32,343.85
2025-11-13,FR-ARA,dried-sage,25,176.37
2025-11-13,NL-NH,herbal-tea,31,142.36
2025-11-13,NL-NH,basil-seeds,13,27.35
2025-11-13,NL-NH,mint-oil,10,108.4
2025-11-13,NL-NH,dried-sage,7,46.73
2025-11-13,ES-MD,herbal-tea,71,307.98
2025-11-13,ES-MD,basil-seeds,35,77.63
2025-11-13,ES-MD,mint-oil,30,341.26
2025-11-13,ES-MD,dried-sage,30,204.36
2025-11-13,IT-LOM,herbal-tea,66,295.84
2025-11-13,IT-LOM,basil-seeds,46,97.55
2025-11-13,IT-LOM,mint-oil,20,217.24
2025-11-13,IT-LOM,dried-sage,44,306.42
2025-11-14,DE-BE,herbal-tea,44,189.95
2025-11-14,DE-BE,basil-seeds,14,30.94
2025-11-14,DE-BE,mint-oil,15,169.92
2025-11-14,DE-BE,dried-sage,13,86.82
2025-11-14,DE-BY,herbal-tea,187,849.13
2025-11-14,DE-BY,basil-seeds,46,103.59
2025-11-14,DE-BY,mint-oil,62,684.91
2025-11-14,DE-BY,dried-sage,52,353.34
2025-11-14,DE-HH,herbal-tea,15,69.72
2025-11-14,DE-HH,basil-seeds,8,17.07
2025-11-14,DE-HH,mint-oil,7,74.46
2025-11-14,DE-HH,dried-sage,8,54.89
2025-11-14,FR-IDF,herbal-tea,111,492.41
2025-11-14,FR-IDF,basil-seeds,46,102.39
2025-11-14,FR-IDF,mint-oil,57,640.57
2025-11-14,FR-IDF,dried-sage,52,359.45
2025-11-14,FR-ARA,herbal-tea,100,467.25
2025-11-14,FR-ARA,basil-seeds,31,67.06
2025-11-14,FR-ARA,mint-oil,22,247.69
2025-11-14,FR-ARA,dried-sage,32,218.26
2025-11-14,NL-NH,herbal-tea,35,164.94
2025-11-14,NL-NH,basil-seeds,9,19.44
2025-11-14,NL-NH,mint-oil,8,84.79
2025-11-14,NL-NH,dried-sage,13,90.95
2025-11-14,ES-MD,herbal-tea,90,400.86
2025-11-14,ES-MD,basil-seeds,28,59.29
2025-11-14,ES-MD,mint-oil,25,269.64
2025-11-14,ES-MD,dried-sage,26,171.79
2025-11-14,IT-LOM,herbal-tea,115,529.77
2025-11-14,IT-LOM,basil-seeds,25,52.69
2025-11-14,IT-LOM,mint-oil,36,382.5
2025-11-14,IT-LOM,dried-sage,38,250.22
2025-11-15,DE-BE,herbal-tea,29,130.93
2025-11-15,DE-BE,basil-seeds,17,36.85
2025-11-15,DE-BE,mint-oil,15,163.44
2025-11-15,DE-BE,dried-sage,7,48.82
2025-11-15,DE-BY,herbal-tea,157,710.21
2025-11-15,DE-BY,basil-seeds,47,100.18
2025-11-15,DE-BY,mint-oil,49,546.88
2025-11-15,DE-BY,dried-sage,27,176.08
2025-11-15,DE-HH,herbal-tea,24,105.25
2025-11-15,DE-HH,basil-seeds,5,10.75
2025-11-15,DE-HH,mint-oil,6,66.62
2025-11-15,DE-HH,dried-sage,8,55.97
2025-11-15,FR-IDF,herbal-tea,89,396.27
2025-11-15,FR-IDF,basil-seeds,35,79.55
2025-11-15,FR-IDF,mint-oil,39,424.65
2025-11-15,FR-IDF,dried-sage,45,298.73
2025-11-15,FR-ARA,herbal-tea,85,395.47
2025-11-15,FR-ARA,basil-seeds,24,55.24
2025-11-15,FR-ARA,mint-oil,26,273.61
2025-11-15,FR-ARA,dried-sage,32,224.91
2025-11-15,NL-NH,herbal-tea,27,118.24
2025-11-15,NL-NH,basil-seeds,10,21.06
2025-11-15,NL-NH,mint-oil,10,106.92
2025-11-15,NL-NH,dried-sage,9,60.41
2025-11-15,ES-MD,herbal-tea,71,307.82
2025-11-15,ES-MD,basil-seeds,31,66.82
2025-11-15,ES-MD,mint-oil,22,244.22
2025-11-15,ES-MD,dried-sage,25,168.0
2025-11-15,IT-LOM,herbal-tea,102,480.35
2025-11-15,IT-LOM,basil-seeds,36,82.62
2025-11-15,IT-LOM,mint-oil,41,430.13
2025-11-15,IT-LOM,dried-sage,42,282.74
2025-11-16,DE-BE,herbal-tea,22,101.46
2025-11-16,DE-BE,basil-seeds,17,38.64
2025-11-16,DE-BE,mint-oil,21,239.55
2025-11-16,DE-BE,dried-sage,16,107.61
2025-11-16,DE-BY,herbal-tea,134,629.5
2025-11-16,DE-BY,basil-seeds,60,125.54
2025-11-16,DE-BY,mint-oil,41,436.27
2025-11-16,DE-BY,dried-sage,44,292.36
2025-11-16,DE-HH,herbal-tea,24,109.72
2025-11-16,DE-HH,basil-seeds,8,18.23
2025-11-16,DE-HH,mint-oil,6,68.42
2025-11-16,DE-HH,dried-sage,5,32.97
2025-11-16,FR-IDF,herbal-tea,114,535.41
2025-11-16,FR-IDF,basil-seeds,44,97.93
2025-11-16,FR-IDF,mint-oil,43,469.94
2025-11-16,FR-IDF,dried-sage,48,314.56
2025-11-16,FR-ARA,herbal-tea,80,354.56
2025-11-16,FR-ARA,basil-seeds,31,70.93
2025-11-16,FR-ARA,mint-oil,26,277.32
2025-11-16,FR-ARA,dried-sage,42,276.42
2025-11-16,NL-NH,herbal-tea,16,72.17
2025-11-16,NL-NH,basil-seeds,11,24.14
2025-11-16,NL-NH,mint-oil,6,62.91
2025-11-16,NL-NH,dried-sage,13,91.57
2025-11-16,ES-MD,herbal-tea,68,299.64
2025-11-16,ES-MD,basil-seeds,28,62.36
2025-11-16,ES-MD,mint-oil,28,305.8
2025-11-16,ES-MD,dried-sage,25,162.68
2025-11-16,IT-LOM,herbal-tea,87,391.95
2025-11-16,IT-LOM,basil-seeds,42,91.86
2025-11-16,IT-LOM,mint-oil,50,549.69
2025-11-16,IT-LOM,dried-sage,35,240.75
2025-11-17,DE-BE,herbal-tea,44,191.72
2025-11-17,DE-BE,basil-seeds,17,38.83
2025-11-17,DE-BE,mint-oil,15,161.83
2025-11-17,DE-BE,dried-sage,17,118.74
2025-11-17,DE-BY,herbal-tea,172,752.25
2025-11-17,DE-BY,basil-seeds,59,127.79
2025-11-17,DE-BY,mint-oil,57,627.06
2025-11-17,DE-BY,dried-sage,36,242.08
2025-11-17,DE-HH,herbal-tea,20,94.48
2025-11-17,DE-HH,basil-seeds,9,19.14
2025-11-17,DE-HH,mint-oil,9,97.71
2025-11-17,DE-HH,dried-sage,5,33.07
2025-11-17,FR-IDF,herbal-tea,139,629.22
2025-11-17,FR-IDF,basil-seeds,45,94.46
2025-11-17,FR-IDF,mint-oil,47,517.81
2025-11-17,FR-IDF,dried-sage,44,306.2
2025-11-17,FR-ARA,herbal-tea,85,400.83
2025-11-17,FR-ARA,basil-seeds,41,85.72
2025-11-17,FR-ARA,mint-oil,29,313.81
2025-11-17,FR-ARA,dried-sage,38,268.36
2025-11-17,NL-NH,herbal-tea,17,74.01
2025-11-17,NL-NH,basil-seeds,12,26.11
2025-11-17,NL-NH,mint-oil,11,122.09
2025-11-17,NL-NH,dried-sage,13,84.12
2025-11-17,ES-MD,herbal-tea,79,345.56
2025-11-17,ES-MD,basil-seeds,21,46.36
2025-11-17,ES-MD,mint-oil,27,291.2
2025-11-17,ES-MD,dried-sage,33,232.17
2025-11-17,IT-LOM,herbal-tea,86,379.01
2025-11-17,IT-LOM,basil-seeds,31,67.9
2025-11-17,IT-LOM,mint-oil,49,526.92
2025-11-17,IT-LOM,dried-sage,38,257.29
2025-11-18,DE-BE,herbal-tea,35,158.17
2025-11-18,DE-BE,basil-seeds,17,37.22
2025-11-18,DE-BE,mint-oil,12,137.0
2025-11-18,DE-BE,dried-sage,11,72.98
2025-11-18,DE-BY,herbal-tea,118,540.53
2025-11-18,DE-BY,basil-seeds,59,128.34
2025-11-18,DE-BY,mint-oil,55,623.7
2025-11-18,DE-BY,dried-sage,66,469.65
2025-11-18,DE-HH,herbal-tea,25,116.8
2025-11-18,DE-HH,basil-seeds,8,16.87
2025-11-18,DE-HH,mint-oil,6,66.72
2025-11-18,DE-HH,dried-sage,8,51.86
2025-11-18,FR-IDF,herbal-tea,157,736.49
2025-11-18,FR-IDF,basil-seeds,53,112.72
2025-11-18,FR-IDF,mint-oil,50,550.94
2025-11-18,FR-IDF,dried-sage,48,321.0
2025-11-18,FR-ARA,herbal-tea,80,372.15
2025-11-18,FR-ARA,basil-seeds,24,52.19
2025-11-18,FR-ARA,mint-oil,31,338.0
2025-11-18,FR-ARA,dried-sage,37,261.22
2025-11-18,NL-NH,herbal-tea,44,192.61
2025-11-18,NL-NH,basil-seeds,12,25.73
2025-11-18,NL-NH,mint-oil,11,121.11
2025-11-18,NL-NH,dried-sage,14,92.45
2025-11-18,ES-MD,herbal-tea,58,265.33
2025-11-18,ES-MD,basil-seeds,32,67.04
2025-11-18,ES-MD,mint-oil,21,239.96
2025-11-18,ES-MD,dried-sage,32,209.34
2025-11-18,IT-LOM,herbal-tea,119,518.55
2025-11-18,IT-LOM,basil-seeds,38,82.85
2025-11-18,IT-LOM,mint-oil,50,557.83
2025-11-18,IT-LOM,dried-sage,27,188.67
2025-11-19,DE-BE,herbal-tea,31,138.83
2025-11-19,DE-BE,basil-seeds,12,26.79
2025-11-19,DE-BE,mint-oil,13,146.72
2025-11-19,DE-BE,dried-sage,16,110.72
2025-11-19,DE-BY,herbal-tea,147,659.56
2025-11-19,DE-BY,basil-seeds,51,108.89
2025-11-19,DE-BY,mint-oil,46,521.85
2025-11-19,DE-BY,dried-sage,58,402.15
2025-11-19,DE-HH,herbal-tea,17,76.53
2025-11-19,DE-HH,basil-seeds,4,8.78
2025-11-19,DE-HH,mint-oil,5,53.98
2025-11-19,DE-HH,dried-sage,9,64.22
2025-11-19,FR-IDF,herbal-tea,130,594.99
2025-11-19,FR-IDF,basil-seeds,51,109.99
2025-11-19,FR-IDF,mint-oil,60,672.83
2025-11-19,FR-IDF,dried-sage,62,402.99
2025-11-19,FR-ARA,herbal-tea,75,346.44
2025-11-19,FR-ARA,basil-seeds,26,58.71
2025-11-19,FR-ARA,mint-oil,26,292.39
2025-11-19,FR-ARA,dried-sage,31,200.89
2025-11-19,NL-NH,herbal-tea,28,120.47
2025-11-19,NL-NH,basil-seeds,12,25.26
2025-11-19,NL-NH,mint-oil,12,138.1
2025-11-19,NL-NH,dried-sage,9,63.63
2025-11-19,ES-MD,herbal-tea,83,385.06
2025-11-19,ES-MD,basil-seeds,28,62.1
2025-11-19,ES-MD,mint-oil,28,311.56
2025-11-19,ES-MD,dried-sage,21,145.27
2025-11-19,IT-LOM,herbal-tea,85,369.48
2025-11-19,IT-LOM,basil-seeds,36,76.19
2025-11-19,IT-LOM,mint-oil,47,541.08
2025-11-19,IT-LOM,dried-sage,50,349.16
2025-11-20,DE-BE,herbal-tea,42,181.26
2025-11-20,DE-BE,basil-seeds,13,29.28
2025-11-20,DE-BE,mint-oil,18,204.38
2025-11-20,DE-BE,dried-sage,14,93.37
2025-11-20,DE-BY,herbal-tea,142,625.7
2025-11-20,DE-BY,basil-seeds,64,134.19
2025-11-20,DE-BY,mint-oil,51,571.49
2025-11-20,DE-BY,dried-sage,41,283.4
2025-11-20,DE-HH,herbal-tea,22,101.68
2025-11-20,DE-HH,basil-seeds,7,16.1
2025-11-20,DE-HH,mint-oil,6,66.67
2025-11-20,DE-HH,dried-sage,11,71.2
2025-11-20,FR-IDF,herbal-tea,123,559.62
2025-11-20,FR-IDF,basil-seeds,65,141.84
2025-11-20,FR-IDF,mint-oil,58,617.56
2025-11-20,FR-IDF,dried-sage,51,350.86
2025-11-20,FR-ARA,herbal-tea,95,406.21
2025-11-20,FR-ARA,basil-seeds,26,55.82
2025-11-20,FR-ARA,mint-oil,30,346.48
2025-11-20,FR-ARA,dried-sage,30,198.53
2025-11-20,NL-NH,herbal-tea,40,176.0
2025-11-20,NL-NH,basil-seeds,10,22.63
2025-11-20,NL-NH,mint-oil,13,147.04
2025-11-20,NL-NH,dried-sage,8,55.45
2025-11-20,ES-MD,herbal-tea,76,349.68
2025-11-20,ES-MD,basil-seeds,25,52.86
2025-11-20,ES-MD,mint-oil,17,177.75
2025-11-20,ES-MD,dried-sage,29,199.84
2025-11-20,IT-LOM,herbal-tea,123,538.1
2025-11-20,IT-LOM,basil-seeds,38,80.37
2025-11-20,IT-LOM,mint-oil,47,535.8
2025-11-20,IT-LOM,dried-sage,34,237.18
2025-11-21,DE-BE,herbal-tea,45,205.55
2025-11-21,DE-BE,basil-seeds,15,32.18
2025-11-21,DE-BE,mint-oil,16,178.78
2025-11-21,DE-BE,dried-sage,9,63.66
2025-11-21,DE-BY,herbal-tea,137,585.77
2025-11-21,DE-BY,basil-seeds,50,114.83
2025-11-21,DE-BY,mint-oil,54,567.53
2025-11-21,DE-BY,dried-sage,49,336.5
2025-11-21,DE-HH,herbal-tea,23,98.77
2025-11-21,DE-HH,basil-seeds,9,20.55
2025-11-21,DE-HH,mint-oil,8,88.35
2025-11-21,DE-HH,dried-sage,9,61.31
2025-11-21,FR-IDF,herbal-tea,182,783.42
2025-11-21,FR-IDF,basil-seeds,35,74.38
2025-11-21,FR-IDF,mint-oil,52,597.5
2025-11-21,FR-IDF,dried-sage,54,369.05
2025-11-21,FR-ARA,herbal-tea,71,330.14
2025-11-21,FR-ARA,basil-seeds,24,54.61
2025-11-21,FR-ARA,mint-oil,26,290.59
2025-11-21,FR-ARA,dried-sage,45,291.29
2025-11-21,NL-NH,herbal-tea,36,163.29
2025-11-21,NL-NH,basil-seeds,14,30.3
2025-11-21,NL-NH,mint-oil,9,98.67
2025-11-21,NL-NH,dried-sage,10,66.47
2025-11-21,ES-MD,herbal-tea,89,397.42
2025-11-21,ES-MD,basil-seeds,30,66.61
2025-11-21,ES-MD,mint-oil,33,377.31
2025-11-21,ES-MD,dried-sage,32,225.4
2025-11-21,IT-LOM,herbal-tea,118,525.26
2025-11-21,IT-LOM,basil-seeds,48,100.48
2025-11-21,IT-LOM,mint-oil,44,460.61
2025-11-21,IT-LOM,dried-sage,41,282.28
2025-11-22,DE-BE,herbal-tea,26,120.56
2025-11-22,DE-BE,basil-seeds,15,34.63
2025-11-22,DE-BE,mint-oil,10,114.21
2025-11-22,DE-BE,dried-sage,16,106.41
2025-11-22,DE-BY,herbal-tea,137,609.19
2025-11-22,DE-BY,basil-seeds,65,145.16
2025-11-22,DE-BY,mint-oil,42,463.01
2025-11-22,DE-BY,dried-sage,41,287.76
2025-11-22,DE-HH,herbal-tea,17,74.04
2025-11-22,DE-HH,basil-seeds,6,13.51
2025-11-22,DE-HH,mint-oil,6,67.04
2025-11-22,DE-HH,dried-sage,8,53.3
2025-11-22,FR-IDF,herbal-tea,104,463.69
2025-11-22,FR-IDF,basil-seeds,36,75.39
2025-11-22,FR-IDF,mint-oil,61,701.65
2025-11-22,FR-IDF,dried-sage,55,372.45
2025-11-22,FR-ARA,herbal-tea,77,360.69
2025-11-22,FR-ARA,basil-seeds,33,73.11
2025-11-22,FR-ARA,mint-oil,19,213.27
2025-11-22,FR-ARA,dried-sage,35,232.05
2025-11-22,NL-NH,herbal-tea,21,89.78
2025-11-22,NL-NH,basil-seeds,13,29.8
2025-11-22,NL-NH,mint-oil,10,105.96
2025-11-22,NL-NH,dried-sage,12,83.76
2025-11-22,ES-MD,herbal-tea,64,283.82
2025-11-22,ES-MD,basil-seeds,23,51.6
2025-11-22,ES-MD,mint-oil,19,200.2
2025-11-22,ES-MD,dried-sage,27,184.2
2025-11-22,IT-LOM,herbal-tea,78,366.5
2025-11-22,IT-LOM,basil-seeds,38,85.1
2025-11-22,IT-LOM,mint-oil,51,579.35
2025-11-22,IT-LOM,dried-sage,33,219.28
2025-11-23,DE-BE,herbal-tea,43,186.67
2025-11-23,DE-BE,basil-seeds,11,23.84
2025-11-23,DE-BE,mint-oil,13,142.98
2025-11-23,DE-BE,dried-sage,10,68.12
2025-11-23,DE-BY,herbal-tea,121,539.66
2025-11-23,DE-BY,basil-seeds,63,145.52
2025-11-23,DE-BY,mint-oil,55,577.08
2025-11-23,DE-BY,dried-sage,46,309.77
2025-11-23,DE-HH,herbal-tea,11,51.83
2025-11-23,DE-HH,basil-seeds,7,15.26
2025-11-23,DE-HH,mint-oil,6,66.54
2025-11-23,DE-HH,dried-sage,6,41.07
2025-11-23,FR-IDF,herbal-tea,64,299.16
2025-11-23,FR-IDF,basil-seeds,46,105.3
2025-11-23,FR-IDF,mint-oil,46,493.68
2025-11-23,FR-IDF,dried-sage,46,316.08
2025-11-23,FR-ARA,herbal-tea,70,312.19
2025-11-23,FR-ARA,basil-seeds,31,69.02
2025-11-23,FR-ARA,mint-oil,35,368.55
2025-11-23,FR-ARA,dried-sage,29,196.29
2025-11-23,NL-NH,herbal-tea,35,152.41
2025-11-23,NL-NH,basil-seeds,9,20.58
2025-11-23,NL-NH,mint-oil,6,68.7
2025-11-23,NL-NH,dried-sage,15,106.57
2025-11-23,ES-MD,herbal-tea,61,285.89
2025-11-23,ES-MD,basil-seeds,22,48.9
2025-11-23,ES-MD,mint-oil,30,320.61
2025-11-23,ES-MD,dried-sage,22,153.36
2025-11-23,IT-LOM,herbal-tea,92,409.85
2025-11-23,IT-LOM,basil-seeds,21,46.27
2025-11-23,IT-LOM,mint-oil,34,362.3
2025-11-23,IT-LOM,dried-sage,28,198.33
2025-11-24,DE-BE,herbal-tea,35,153.52
2025-11-24,DE-BE,basil-seeds,16,35.29
2025-11-24,DE-BE,mint-oil,22,249.44
2025-11-24,DE-BE,dried-sage,17,120.17
2025-11-24,DE-BY,herbal-tea,149,650.39
2025-11-24,DE-BY,basil-seeds,49,108.1
2025-11-24,DE-BY,mint-oil,60,632.59
2025-11-24,DE-BY,dried-sage,69,492.24
2025-11-24,DE-HH,herbal-tea,19,88.89
2025-11-24,DE-HH,basil-seeds,7,15.08
2025-11-24,DE-HH,mint-oil,11,123.4
2025-11-24,DE-HH,dried-sage,8,56.74
2025-11-24,FR-IDF,herbal-tea,153,705.51
2025-11-24,FR-IDF,basil-seeds,59,124.18
2025-11-24,FR-IDF,mint-oil,53,592.41
2025-11-24,FR-IDF,dried-sage,35,246.4
2025-11-24,FR-ARA,herbal-tea,105,475.53
2025-11-24,FR-ARA,basil-seeds,25,53.45
2025-11-24,FR-ARA,mint-oil,35,396.99
2025-11-24,FR-ARA,dried-sage,35,237.9
2025-11-24,NL-NH,herbal-tea,36,162.71
2025-11-24,NL-NH,basil-seeds,14,29.67
2025-11-24,NL-NH,mint-oil,9,100.43
2025-11-24,NL-NH,dried-sage,10,70.26
2025-11-24,ES-MD,herbal-tea,68,314.75
2025-11-24,ES-MD,basil-seeds,29,66.61
2025-11-24,ES-MD,mint-oil,35,378.44
2025-11-24,ES-MD,dried-sage,36,256.3
2025-11-24,IT-LOM,herbal-tea,104,453.15
2025-11-24,IT-LOM,basil-seeds,38,82.24
2025-11-24,IT-LOM,mint-oil,41,450.3
2025-11-24,IT-LOM,dried-sage,50,337.51
2025-11-25,DE-BE,herbal-tea,31,141.21
2025-11-25,DE-BE,basil-seeds,12,25.77
2025-11-25,DE-BE,mint-oil,18,206.22
2025-11-25,DE-BE,dried-sage,14,95.85
2025-11-25,DE-BY,herbal-tea,190,891.01
2025-11-25,DE-BY,basil-seeds,51,117.57
2025-11-25,DE-BY,mint-oil,83,901.13
2025-11-25,DE-BY,dried-sage,60,409.39
2025-11-25,DE-HH,herbal-tea,21,96.0
2025-11-25,DE-HH,basil-seeds,7,15.01
2025-11-25,DE-HH,mint-oil,9,98.09
2025-11-25,DE-HH,dried-sage,7,45.7
2025-11-25,FR-IDF,herbal-tea,100,471.52
2025-11-25,FR-IDF,basil-seeds,47,99.81
2025-11-25,FR-IDF,mint-oil,51,568.96
2025-11-25,FR-IDF,dried-sage,29,202.55
2025-11-25,FR-ARA,herbal-tea,88,386.02
2025-11-25,FR-ARA,basil-seeds,32,73.49
2025-11-25,FR-ARA,mint-oil,29,308.26
2025-11-25,FR-ARA,dried-sage,33,218.24
2025-11-25,NL-NH,herbal-tea,35,160.03
2025-11-25,NL-NH,basil-seeds,12,25.91
2025-11-25,NL-NH,mint-oil,11,120.95
2025-11-25,NL-NH,dried-sage,12,81.57
2025-11-25,ES-MD,herbal-tea,70,330.45
2025-11-25,ES-MD,basil-seeds,26,56.34
2025-11-25,ES-MD,mint-oil,28,310.33
2025-11-25,ES-MD,dried-sage,29,200.42
2025-11-25,IT-LOM,herbal-tea,119,526.59
2025-11-25,IT-LOM,basil-seeds,39,86.85
2025-11-25,IT-LOM,mint-oil,45,473.76
2025-11-25,IT-LOM,dried-sage,31,204.44
2025-11-26,DE-BE,herbal-tea,36,154.55
2025-11-26,DE-BE,basil-seeds,15,32.33
2025-11-26,DE-BE,mint-oil,16,184.73
2025-11-26,DE-BE,dried-sage,17,113.0
2025-11-26,DE-BY,herbal-tea,112,478.8
2025-11-26,DE-BY,basil-seeds,58,124.68
2025-11-26,DE-BY,mint-oil,44,506.2
2025-11-26,DE-BY,dried-sage,58,391.09
2025-11-26,DE-HH,herbal-tea,22,103.82
2025-11-26,DE-HH,basil-seeds,8,18.34
2025-11-26,DE-HH,mint-oil,9,98.71
2025-11-26,DE-HH,dried-sage,6,40.07
2025-11-26,FR-IDF,herbal-tea,138,638.79
2025-11-26,FR-IDF,basil-seeds,37,82.46
2025-11-26,FR-IDF,mint-oil,63,717.49
2025-11-26,FR-IDF,dried-sage,47,334.78
2025-11-26,FR-ARA,herbal-tea,108,508.41
2025-11-26,FR-ARA,basil-seeds,37,78.68
2025-11-26,FR-ARA,mint-oil,27,290.11
2025-11-26,FR-ARA,dried-sage,31,208.34
2025-11-26,NL-NH,herbal-tea,33,153.16
2025-11-26,NL-NH,basil-seeds,11,24.34
2025-11-26,NL-NH,mint-oil,11,119.14
2025-11-26,NL-NH,dried-sage,12,83.57
2025-11-26,ES-MD,herbal-tea,70,309.36
2025-11-26,ES-MD,basil-seeds,18,40.93
2025-11-26,ES-MD,mint-oil,27,300.54
2025-11-26,ES-MD,dried-sage,36,248.94
2025-11-26,IT-LOM,herbal-tea,108,506.5
2025-11-26,IT-LOM,basil-seeds,51,107.12
2025-11-26,IT-LOM,mint-oil,32,336.18
2025-11-26,IT-LOM,dried-sage,41,265.18
2025-11-27,DE-BE,herbal-tea,42,179.79
2025-11-27,DE-BE,basil-seeds,21,45.33
2025-11-27,DE-BE,mint-oil,16,172.06
2025-11-27,DE-BE,dried-sage,14,90.61
2025-11-27,DE-BY,herbal-tea,146,675.95
2025-11-27,DE-BY,basil-seeds,40,88.4
2025-11-27,DE-BY,mint-oil,62,649.55
2025-11-27,DE-BY,dried-sage,70,462.15
2025-11-27,DE-HH,herbal-tea,15,69.3
2025-11-27,DE-HH,basil-seeds,9,20.27
2025-11-27,DE-HH,mint-oil,9,103.11
2025-11-27,DE-HH,dried-sage,8,54.64
2025-11-27,FR-IDF,herbal-tea,84,382.85
2025-11-27,FR-IDF,basil-seeds,62,139.04
2025-11-27,FR-IDF,mint-oil,59,651.63
2025-11-27,FR-IDF,dried-sage,51,334.72
2025-11-27,FR-ARA,herbal-tea,77,340.88
2025-11-27,FR-ARA,basil-seeds,40,92.14
2025-11-27,FR-ARA,mint-oil,25,280.76
2025-11-27,FR-ARA,dried-sage,39,257.42
2025-11-27,NL-NH,herbal-tea,33,151.78
2025-11-27,NL-NH,basil-seeds,13,27.55
2025-11-27,NL-NH,mint-oil,13,149.94
2025-11-27,NL-NH,dried-sage,12,79.97
2025-11-27,ES-MD,herbal-tea,83,373.77
2025-11-27,ES-MD,basil-seeds,22,46.24
2025-11-27,ES-MD,mint-oil,28,293.91
2025-11-27,ES-MD,dried-sage,22,152.89
2025-11-27,IT-LOM,herbal-tea,90,423.99
2025-11-27,IT-LOM,basil-seeds,35,77.74
2025-11-27,IT-LOM,mint-oil,51,539.54
2025-11-27,IT-LOM,dried-sage,43,298.23
2025-11-28,DE-BE,herbal-tea,54,250.83
2025-11-28,DE-BE,basil-seeds,18,40.11
2025-11-28,DE-BE,mint-oil,21,221.27
2025-11-28,DE-BE,dried-sage,14,92.34
2025-11-28,DE-BY,herbal-tea,153,680.91
2025-11-28,DE-BY,basil-seeds,49,103.49
2025-11-28,DE-BY,mint-oil,50,541.12
2025-11-28,DE-BY,dried-sage,61,396.01
2025-11-28,DE-HH,herbal-tea,22,95.9
2025-11-28,DE-HH,basil-seeds,8,16.93
2025-11-28,DE-HH,mint-oil,6,64.65
2025-11-28,DE-HH,dried-sage,6,40.62
2025-11-28,FR-IDF,herbal-tea,103,447.13
2025-11-28,FR-IDF,basil-seeds,24,51.82
2025-11-28,FR-IDF,mint-oil,41,428.77
2025-11-28,FR-IDF,dried-sage,43,291.74
2025-11-28,FR-ARA,herbal-tea,84,370.3
2025-11-28,FR-ARA,basil-seeds,42,94.49
2025-11-28,FR-ARA,mint-oil,34,375.19
2025-11-28,FR-ARA,dried-sage,32,226.12
2025-11-28,NL-NH,herbal-tea,33,154.37
2025-11-28,NL-NH,basil-seeds,7,14.75
2025-11-28,NL-NH,mint-oil,11,123.98
2025-11-28,NL-NH,dried-sage,10,70.2
2025-11-28,ES-MD,herbal-tea,54,244.86
2025-11-28,ES-MD,basil-seeds,24,52.38
2025-11-28,ES-MD,mint-oil,30,346.43
2025-11-28,ES-MD,dried-sage,18,117.9
2025-11-28,IT-LOM,herbal-tea,95,436.18
2025-11-28,IT-LOM,basil-seeds,43,95.32
2025-11-28,IT-LOM,mint-oil,46,530.1
2025-11-28,IT-LOM,dried-sage,37,242.49
2025-11-29,DE-BE,herbal-tea,27,119.08
2025-11-29,DE-BE,basil-seeds,17,36.02
2025-11-29,DE-BE,mint-oil,10,109.43
2025-11-29,DE-BE,dried-sage,14,92.5
2025-11-29,DE-BY,herbal-tea,107,473.35
2025-11-29,DE-BY,basil-seeds,54,122.51
2025-11-29,DE-BY,mint-oil,45,489.84
2025-11-29,DE-BY,dried-sage,49,331.0
2025-11-29,DE-HH,herbal-tea,19,87.47
2025-11-29,DE-HH,basil-seeds,6,13.71
2025-11-29,DE-HH,mint-oil,8,85.94
2025-11-29,DE-HH,dried-sage,7,45.26
2025-11-29,FR-IDF,herbal-tea,105,489.49
2025-11-29,FR-IDF,basil-seeds,42,93.2
2025-11-29,FR-IDF,mint-oil,21,220.81
2025-11-29,FR-IDF,dried-sage,29,201.95
2025-11-29,FR-ARA,herbal-tea,72,312.18
2025-11-29,FR-ARA,basil-seeds,26,57.82
2025-11-29,FR-ARA,mint-oil,24,271.06
2025-11-29,FR-ARA,dried-sage,37,250.6
2025-11-29,NL-NH,herbal-tea,23,104.51
2025-11-29,NL-NH,basil-seeds,12,25.69
2025-11-29,NL-NH,mint-oil,13,138.52
2025-11-29,NL-NH,dried-sage,12,80.72
2025-11-29,ES-MD,herbal-tea,86,384.31
2025-11-29,ES-MD,basil-seeds,27,57.22
2025-11-29,ES-MD,mint-oil,29,329.04
2025-11-29,ES-MD,dried-sage,23,156.29
2025-11-29,IT-LOM,herbal-tea,91,422.25
2025-11-29,IT-LOM,basil-seeds,42,96.85
2025-11-29,IT-LOM,mint-oil,32,345.63
2025-11-29,IT-LOM,dried-sage,33,229.95
2025-11-30,DE-BE,herbal-tea,43,189.35
2025-11-30,DE-BE,basil-seeds,13,28.11
2025-11-30,DE-BE,mint-oil,12,125.62
2025-11-30,DE-BE,dried-sage,13,88.94
2025-11-30,DE-BY,herbal-tea,121,536.22
2025-11-30,DE-BY,basil-seeds,34,73.68
2025-11-30,DE-BY,mint-oil,53,603.13
2025-11-30,DE-BY,dried-sage,68,474.52
2025-11-30,DE-HH,herbal-tea,15,69.98
2025-11-30,DE-HH,basil-seeds,7,15.55
2025-11-30,DE-HH,mint-oil,6,65.96
2025-11-30,DE-HH,dried-sage,6,40.78
2025-11-30,FR-IDF,herbal-tea,107,458.01
2025-11-30,FR-IDF,basil-seeds,52,119.77
2025-11-30,FR-IDF,mint-oil,30,341.23
2025-11-30,FR-IDF,dried-sage,53,353.54
2025-11-30,FR-ARA,herbal-tea,62,273.32
2025-11-30,FR-ARA,basil-seeds,32,72.96
2025-11-30,FR-ARA,mint-oil,32,366.84
2025-11-30,FR-ARA,dried-sage,34,220.01
2025-11-30,NL-NH,herbal-tea,31,133.4
2025-11-30,NL-NH,basil-seeds,14,30.81
2025-11-30,NL-NH,mint-oil,12,128.03
2025-11-30,NL-NH,dried-sage,10,64.63
2025-11-30,ES-MD,herbal-tea,46,209.79
2025-11-30,ES-MD,basil-seeds,27,56.97
2025-11-30,ES-MD,mint-oil,22,240.14
2025-11-30,ES-MD,dried-sage,24,160.7
2025-11-30,IT-LOM,herbal-tea,89,385.64
2025-11-30,IT-LOM,basil-seeds,37,79.41
2025-11-30,IT-LOM,mint-oil,41,443.17
2025-11-30,IT-LOM,dried-sage,38,256.91
2025-12-01,DE-BE,herbal-tea,40,188.44
2025-12-01,DE-BE,basil-seeds,20,45.02
2025-12-01,DE-BE,mint-oil,14,158.8
2025-12-01,DE-BE,dried-sage,16,110.92
2025-12-01,DE-BY,herbal-tea,174,748.11
2025-12-01,DE-BY,basil-seeds,53,119.2
2025-12-01,DE-BY,mint-oil,70,737.66
2025-12-01,DE-BY,dried-sage,70,482.81
2025-12-01,DE-HH,herbal-tea,15,66.81
2025-12-01,DE-HH,basil-seeds,7,16.12
2025-12-01,DE-HH,mint-oil,10,108.95
2025-12-01,DE-HH,dried-sage,6,39.64
2025-12-01,FR-IDF,herbal-tea,107,484.09
2025-12-01,FR-IDF,basil-seeds,66,140.77
2025-12-01,FR-IDF,mint-oil,44,472.57
2025-12-01,FR-IDF,dried-sage,61,421.87
2025-12-01,FR-ARA,herbal-tea,67,286.63
2025-12-01,FR-ARA,basil-seeds,34,76.2
2025-12-01,FR-ARA,mint-oil,36,385.82
2025-12-01,FR-ARA,dried-sage,34,236.89
2025-12-01,NL-NH,herbal-tea,25,115.1
2025-12-01,NL-NH,basil-seeds,12,26.51
2025-12-01,NL-NH,mint-oil,11,122.72
2025-12-01,NL-NH,dried-sage,12,82.12
2025-12-01,ES-MD,herbal-tea,83,370.98
2025-12-01,ES-MD,basil-seeds,33,70.73
2025-12-01,ES-MD,mint-oil,31,347.49
2025-12-01,ES-MD,dried-sage,36,247.34
2025-12-01,IT-LOM,herbal-tea,73,316.45
2025-12-01,IT-LOM,basil-seeds,42,93.01
2025-12-01,IT-LOM,mint-oil,44,461.73
2025-12-01,IT-LOM,dried-sage,35,246.77
2025-12-02,DE-BE,herbal-tea,47,217.06
2025-12-02,DE-BE,basil-seeds,14,31.77
2025-12-02,DE-BE,mint-oil,21,230.08
2025-12-02,DE-BE,dried-sage,13,89.44
2025-12-02,DE-BY,herbal-tea,130,565.42
2025-12-02,DE-BY,basil-seeds,50,109.71
2025-12-02,DE-BY,mint-oil,56,595.02
2025-12-02,DE-BY,dried-sage,77,535.17
2025-12-02,DE-HH,herbal-tea,24,103.1
2025-12-02,DE-HH,basil-seeds,6,12.85
2025-12-02,DE-HH,mint-oil,8,85.81
2025-12-02,DE-HH,dried-sage,9,64.21
2025-12-02,FR-IDF,herbal-tea,163,713.55
2025-12-02,FR-IDF,basil-seeds,54,122.34
2025-12-02,FR-IDF,mint-oil,42,448.71
2025-12-02,FR-IDF,dried-sage,48,319.77
2025-12-02,FR-ARA,herbal-tea,75,338.35
2025-12-02,FR-ARA,basil-seeds,25,57.14
2025-12-02,FR-ARA,mint-oil,41,443.4
2025-12-02,FR-ARA,dried-sage,33,220.39
2025-12-02,NL-NH,herbal-tea,41,188.01
2025-12-02,NL-NH,basil-seeds,14,29.65
2025-12-02,NL-NH,mint-oil,8,87.49
2025-12-02,NL-NH,dried-sage,15,101.35
2025-12-02,ES-MD,herbal-tea,67,292.51
2025-12-02,ES-MD,basil-seeds,21,48.32
2025-12-02,ES-MD,mint-oil,28,318.24
2025-12-02,ES-MD,dried-sage,28,195.89
2025-12-02,IT-LOM,herbal-tea,122,530.04
2025-12-02,IT-LOM,basil-seeds,40,90.41
2025-12-02,IT-LOM,mint-oil,30,339.21
2025-12-02,IT-LOM,dried-sage,44,311.58
2025-12-03,DE-BE,herbal-tea,33,144.32
2025-12-03,DE-BE,basil-seeds,15,34.45
2025-12-03,DE-BE,mint-oil,11,123.42
2025-12-03,DE-BE,dried-sage,18,116.69
2025-12-03,DE-BY,herbal-tea,95,437.34
2025-12-03,DE-BY,basil-seeds,67,140.45
2025-12-03,DE-BY,mint-oil,54,597.48
2025-12-03,DE-BY,dried-sage,53,344.27
2025-12-03,DE-HH,herbal-tea,19,86.48
2025-12-03,DE-HH,basil-seeds,7,14.89
2025-12-03,DE-HH,mint-oil,6,66.86
2025-12-03,DE-HH,dried-sage,7,45.62
2025-12-03,FR-IDF,herbal-tea,148,685.39
2025-12-03,FR-IDF,basil-seeds,37,79.75
2025-12-03,FR-IDF,mint-oil,68,730.81
2025-12-03,FR-IDF,dried-sage,56,387.48
2025-12-03,FR-ARA,herbal-tea,100,461.64
2025-12-03,FR-ARA,basil-seeds,27,59.44
2025-12-03,FR-ARA,mint-oil,27,293.18
2025-12-03,FR-ARA,dried-sage,35,248.14
2025-12-03,NL-NH,herbal-tea,35,152.14
2025-12-03,NL-NH,basil-seeds,9,20.48
2025-12-03,NL-NH,mint-oil,12,136.02
2025-12-03,NL-NH,dried-sage,14,96.75
2025-12-03,ES-MD,herbal-tea,57,264.44
2025-12-03,ES-MD,basil-seeds,35,76.26
2025-12-03,ES-MD,mint-oil,31,337.99
2025-12-03,ES-MD,dried-sage,26,169.21
2025-12-03,IT-LOM,herbal-tea,94,427.02
2025-12-03,IT-LOM,basil-seeds,37,82.59
2025-12-03,IT-LOM,mint-oil,42,448.95
2025-12-03,IT-LOM,dried-sage,49,336.1
2025-12-04,DE-BE,herbal-tea,43,198.31
2025-12-04,DE-BE,basil-seeds,11,25.02
2025-12-04,DE-BE,mint-oil,14,155.51
2025-12-04,DE-BE,dried-sage,10,65.13
2025-12-04,DE-BY,herbal-tea,110,491.4
2025-12-04,DE-BY,basil-seeds,45,99.88
2025-12-04,DE-BY,mint-oil,47,507.36
2025-12-04,DE-BY,dried-sage,48,338.37
2025-12-04,DE-HH,herbal-tea,14,61.16
2025-12-04,DE-HH,basil-seeds,6,13.63
2025-12-04,DE-HH,mint-oil,7,74.82
2025-12-04,DE-HH,dried-sage,6,39.3
2025-12-04,FR-IDF,herbal-tea,138,645.42
2025-12-04,FR-IDF,basil-seeds,61,128.85
2025-12-04,FR-IDF,mint-oil,61,676.75
2025-12-04,FR-IDF,dried-sage,58,411.54
2025-12-04,FR-ARA,herbal-tea,64,292.62
2025-12-04,FR-ARA,basil-seeds,31,71.0
2025-12-04,FR-ARA,mint-oil,30,344.28
2025-12-04,FR-ARA,dried-sage,37,244.76
2025-12-04,NL-NH,herbal-tea,40,174.28
2025-12-04,NL-NH,basil-seeds,12,26.27
2025-12-04,NL-NH,mint-oil,11,125.55
2025-12-04,NL-NH,dried-sage,5,32.77
2025-12-04,ES-MD,herbal-tea,80,361.12
2025-12-04,ES-MD,basil-seeds,34,77.91
2025-12-04,ES-MD,mint-oil,31,352.14
2025-12-04,ES-MD,dried-sage,26,184.39
2025-12-04,IT-LOM,herbal-tea,118,528.93
2025-12-04,IT-LOM,basil-seeds,47,103.44
2025-12-04,IT-LOM,mint-oil,26,293.85
2025-12-04,IT-LOM,dried-sage,41,279.53
2025-12-05,DE-BE,herbal-tea,45,201.49
2025-12-05,DE-BE,basil-seeds,14,31.24
2025-12-05,DE-BE,mint-oil,15,167.59
2025-12-05,DE-BE,dried-sage,14,99.7
2025-12-05,DE-BY,herbal-tea,137,588.73
2025-12-05,DE-BY,basil-seeds,63,141.34
2025-12-05,DE-BY,mint-oil,60,674.74
2025-12-05,DE-BY,dried-sage,53,363.12
2025-12-05,DE-HH,herbal-tea,18,83.01
2025-12-05,DE-HH,basil-seeds,8,17.73
2025-12-05,DE-HH,mint-oil,4,42.99
2025-12-05,DE-HH,dried-sage,7,45.34
2025-12-05,FR-IDF,herbal-tea,119,545.5
2025-12-05,FR-IDF,basil-seeds,39,86.86
2025-12-05,FR-IDF,mint-oil,34,362.51
2025-12-05,FR-IDF,dried-sage,42,290.69
2025-12-05,FR-ARA,herbal-tea,87,396.23
2025-12-05,FR-ARA,basil-seeds,33,75.64
2025-12-05,FR-ARA,mint-oil,36,380.93
2025-12-05,FR-ARA,dried-sage,37,260.14
2025-12-05,NL-NH,herbal-tea,43,191.9
2025-12-05,NL-NH,basil-seeds,13,28.27
2025-12-05,NL-NH,mint-oil,12,129.66
2025-12-05,NL-NH,dried-sage,12,84.87
2025-12-05,ES-MD,herbal-tea,71,316.51
2025-12-05,ES-MD,basil-seeds,20,43.02
2025-12-05,ES-MD,mint-oil,16,183.87
2025-12-05,ES-MD,dried-sage,27,180.34
2025-12-05,IT-LOM,herbal-tea,108,485.69
2025-12-05,IT-LOM,basil-seeds,33,69.7
2025-12-05,IT-LOM,mint-oil,46,502.51
2025-12-05,IT-LOM,dried-sage,39,252.09
2025-12-06,DE-BE,herbal-tea,46,203.64
2025-12-06,DE-BE,basil-seeds,15,33.95
2025-12-06,DE-BE,mint-oil,10,105.96
2025-12-06,DE-BE,dried-sage,15,103.87
2025-12-06,DE-BY,herbal-tea,111,492.15
2025-12-06,DE-BY,basil-seeds,56,121.05
2025-12-06,DE-BY,mint-oil,60,683.86
2025-12-06,DE-BY,dried-sage,65,431.39
2025-12-06,DE-HH,herbal-tea,18,80.78
2025-12-06,DE-HH,basil-seeds,4,8.62
2025-12-06,DE-HH,mint-oil,8,85.38
2025-12-06,DE-HH,dried-sage,8,54.56
2025-12-06,FR-IDF,herbal-tea,191,817.99
2025-12-06,FR-IDF,basil-seeds,27,61.04
2025-12-06,FR-IDF,mint-oil,52,593.01
2025-12-06,FR-IDF,dried-sage,29,201.74
2025-12-06,FR-ARA,herbal-tea,38,169.43
2025-12-06,FR-ARA,basil-seeds,33,69.3
2025-12-06,FR-ARA,mint-oil,21,225.64
2025-12-06,FR-ARA,dried-sage,21,148.74
2025-12-06,NL-NH,herbal-tea,22,95.77
2025-12-06,NL-NH,basil-seeds,10,22.65
2025-12-06,NL-NH,mint-oil,10,111.23
2025-12-06,NL-NH,dried-sage,11,75.06
2025-12-06,ES-MD,herbal-tea,84,392.09
2025-12-06,ES-MD,basil-seeds,26,58.61
2025-12-06,ES-MD,mint-oil,26,272.05
2025-12-06,ES-MD,dried-sage,32,223.48
2025-12-06,IT-LOM,herbal-tea,72,323.21
2025-12-06,IT-LOM,basil-seeds,25,54.92
2025-12-06,IT-LOM,mint-oil,43,476.59
2025-12-06,IT-LOM,dried-sage,24,162.99
2025-12-07,DE-BE,herbal-tea,41,178.1
2025-12-07,DE-BE,basil-seeds,11,23.64
2025-12-07,DE-BE,mint-oil,14,150.46
2025-12-07,DE-BE,dried-sage,16,103.5
2025-12-07,DE-BY,herbal-tea,125,545.89
2025-12-07,DE-BY,basil-seeds,50,112.79
2025-12-07,DE-BY,mint-oil,37,398.83
2025-12-07,DE-BY,dried-sage,58,394.77
2025-12-07,DE-HH,herbal-tea,23,103.48
2025-12-07,DE-HH,basil-seeds,6,13.38
2025-12-07,DE-HH,mint-oil,6,62.82
2025-12-07,DE-HH,dried-sage,7,46.82
2025-12-07,FR-IDF,herbal-tea,137,588.46
2025-12-07,FR-IDF,basil-seeds,30,67.04
2025-12-07,FR-IDF,mint-oil,39,434.02
2025-12-07,FR-IDF,dried-sage,46,305.61
2025-12-07,FR-ARA,herbal-tea,60,257.7
2025-12-07,FR-ARA,basil-seeds,20,42.83
2025-12-07,FR-ARA,mint-oil,40,444.42
2025-12-07,FR-ARA,dried-sage,36,251.23
2025-12-07,NL-NH,herbal-tea,25,116.34
2025-12-07,NL-NH,basil-seeds,12,25.13
2025-12-07,NL-NH,mint-oil,11,115.44
2025-12-07,NL-NH,dried-sage,12,78.31
2025-12-07,ES-MD,herbal-tea,65,291.66
2025-12-07,ES-MD,basil-seeds,17,37.52
2025-12-07,ES-MD,mint-oil,17,195.52
2025-12-07,ES-MD,dried-sage,26,169.97
2025-12-07,IT-LOM,herbal-tea,87,388.58
2025-12-07,IT-LOM,basil-seeds,44,94.55
2025-12-07,IT-LOM,mint-oil,43,456.87
2025-12-07,IT-LOM,dried-sage,31,200.34
2025-12-08,DE-BE,herbal-tea,29,134.93
2025-12-08,DE-BE,basil-seeds,15,32.41
2025-12-08,DE-BE,mint-oil,11,123.38
2025-12-08,DE-BE,dried-sage,11,77.09
2025-12-08,DE-BY,herbal-tea,138,599.83
2025-12-08,DE-BY,basil-seeds,67,149.56
2025-12-08,DE-BY,mint-oil,59,644.42
2025-12-08,DE-BY,dried-sage,80,556.88
2025-12-08,DE-HH,herbal-tea,17,78.16
2025-12-08,DE-HH,basil-seeds,9,20.31
2025-12-08,DE-HH,mint-oil,8,87.83
2025-12-08,DE-HH,dried-sage,8,56.73
2025-12-08,FR-IDF,herbal-tea,144,644.34
2025-12-08,FR-IDF,basil-seeds,67,150.34
2025-12-08,FR-IDF,mint-oil,45,499.47
2025-12-08,FR-IDF,dried-sage,53,366.07
2025-12-08,FR-ARA,herbal-tea,72,319.84
2025-12-08,FR-ARA,basil-seeds,25,57.65
2025-12-08,FR-ARA,mint-oil,20,225.82
2025-12-08,FR-ARA,dried-sage,30,203.36
2025-12-08,NL-NH,herbal-tea,26,112.87
2025-12-08,NL-NH,basil-seeds,11,23.91
2025-12-08,NL-NH,mint-oil,10,107.94
2025-12-08,NL-NH,dried-sage,13,89.49
2025-12-08,ES-MD,herbal-tea,71,316.96
2025-12-08,ES-MD,basil-seeds,27,57.34
2025-12-08,ES-MD,mint-oil,33,352.84
2025-12-08,ES-MD,dried-sage,33,223.81
2025-12-08,IT-LOM,herbal-tea,85,385.53
2025-12-08,IT-LOM,basil-seeds,43,99.15
2025-12-08,IT-LOM,mint-oil,44,492.68
2025-12-08,IT-LOM,dried-sage,36,246.59
2025-12-09,DE-BE,herbal-tea,55,254.01
2025-12-09,DE-BE,basil-seeds,16,34.95
2025-12-09,DE-BE,mint-oil,18,202.25
2025-12-09,DE-BE,dried-sage,10,68.87
2025-12-09,DE-BY,herbal-tea,106,479.49
2025-12-09,DE-BY,basil-seeds,58,131.55
2025-12-09,DE-BY,mint-oil,67,751.98
2025-12-09,DE-BY,dried-sage,52,338.42
2025-12-09,DE-HH,herbal-tea,21,92.74
2025-12-09,DE-HH,basil-seeds,6,12.81
2025-12-09,DE-HH,mint-oil,3,34.25
2025-12-09,DE-HH,dried-sage,7,47.81
2025-12-09,FR-IDF,herbal-tea,127,568.78
2025-12-09,FR-IDF,basil-seeds,47,100.4
2025-12-09,FR-IDF,mint-oil,41,431.37
2025-12-09,FR-IDF,dried-sage,48,326.21
2025-12-09,FR-ARA,herbal-tea,107,475.22
2025-12-09,FR-ARA,basil-seeds,35,80.75
2025-12-09,FR-ARA,mint-oil,33,350.94
2025-12-09,FR-ARA,dried-sage,24,168.53
2025-12-09,NL-NH,herbal-tea,33,148.67
2025-12-09,NL-NH,basil-seeds,13,28.35
2025-12-09,NL-NH,mint-oil,7,80.54
2025-12-09,NL-NH,dried-sage,11,76.19
2025-12-09,ES-MD,herbal-tea,67,304.32
2025-12-09,ES-MD,basil-seeds,29,64.96
2025-12-09,ES-MD,mint-oil,32,362.08
2025-12-09,ES-MD,dried-sage,38,261.05
2025-12-09,IT-LOM,herbal-tea,96,414.21
2025-12-09,IT-LOM,basil-seeds,35,79.91
2025-12-09,IT-LOM,mint-oil,36,398.66
2025-12-09,IT-LOM,dried-sage,39,272.87
2025-12-10,DE-BE,herbal-tea,34,155.38
2025-12-10,DE-BE,basil-seeds,15,33.87
2025-12-10,DE-BE,mint-oil,14,158.75
2025-12-10,DE-BE,dried-sage,15,103.52
2025-12-10,DE-BY,herbal-tea,85,378.22
2025-12-10,DE-BY,basil-seeds,55,124.15
2025-12-10,DE-BY,mint-oil,56,592.49
2025-12-10,DE-BY,dried-sage,53,358.77
2025-12-10,DE-HH,herbal-tea,23,99.84
2025-12-10,DE-HH,basil-seeds,8,17.7
2025-12-10,DE-HH,mint-oil,6,64.22
2025-12-10,DE-HH,dried-sage,8,53.18
2025-12-10,FR-IDF,herbal-tea,122,568.19
2025-12-10,FR-IDF,basil-seeds,36,80.48
2025-12-10,FR-IDF,mint-oil,41,430.53
2025-12-10,FR-IDF,dried-sage,43,298.65
2025-12-10,FR-ARA,herbal-tea,105,470.62
2025-12-10,FR-ARA,basil-seeds,34,75.65
2025-12-10,FR-ARA,mint-oil,39,444.66
2025-12-10,FR-ARA,dried-sage,24,171.3
2025-12-10,NL-NH,herbal-tea,33,147.7
2025-12-10,NL-NH,basil-seeds,13,29.46
2025-12-10,NL-NH,mint-oil,8,90.34
2025-12-10,NL-NH,dried-sage,13,91.4
2025-12-10,ES-MD,herbal-tea,58,250.56
2025-12-10,ES-MD,basil-seeds,18,38.92
2025-12-10,ES-MD,mint-oil,22,248.48
2025-12-10,ES-MD,dried-sage,22,148.7
2025-12-10,IT-LOM,herbal-tea,123,561.45
2025-12-10,IT-LOM,basil-seeds,36,79.4
2025-12-10,IT-LOM,mint-oil,32,360.42
2025-12-10,IT-LOM,dried-sage,32,217.96
2025-12-11,DE-BE,herbal-tea,40,171.8
2025-12-11,DE-BE,basil-seeds,13,28.22
2025-12-11,DE-BE,mint-oil,13,149.75
2025-12-11,DE-BE,dried-sage,15,100.08
2025-12-11,DE-BY,herbal-tea,133,571.65
2025-12-11,DE-BY,basil-seeds,64,146.71
2025-12-11,DE-BY,mint-oil,58,620.57
2025-12-11,DE-BY,dried-sage,57,393.34
2025-12-11,DE-HH,herbal-tea,19,84.65
2025-12-11,DE-HH,basil-seeds,8,18.46
2025-12-11,DE-HH,mint-oil,9,97.95
2025-12-11,DE-HH,dried-sage,8,56.76
2025-12-11,FR-IDF,herbal-tea,123,527.9
2025-12-11,FR-IDF,basil-seeds,48,107.07
2025-12-11,FR-IDF,mint-oil,56,612.7
2025-12-11,FR-IDF,dried-sage,42,272.85
2025-12-11,FR-ARA,herbal-tea,96,452.46
2025-12-11,FR-ARA,basil-seeds,29,65.74
2025-12-11,FR-ARA,mint-oil,28,308.38
2025-12-11,FR-ARA,dried-sage,28,185.9
2025-12-11,NL-NH,herbal-tea,39,171.87
2025-12-11,NL-NH,basil-seeds,11,25.2
2025-12-11,NL-NH,mint-oil,16,174.65
2025-12-11,NL-NH,dried-sage,11,77.46
2025-12-11,ES-MD,herbal-tea,98,421.88
2025-12-11,ES-MD,basil-seeds,25,53.45
2025-12-11,ES-MD,mint-oil,30,320.71
2025-12-11,ES-MD,dried-sage,31,210.77
2025-12-11,IT-LOM,herbal-tea,86,381.39
2025-12-11,IT-LOM,basil-seeds,27,62.04
2025-12-11,IT-LOM,mint-oil,32,340.04
2025-12-11,IT-LOM,dried-sage,49,346.86
2025-12-12,DE-BE,herbal-tea,36,157.68
2025-12-12,DE-BE,basil-seeds,11,24.22
2025-12-12,DE-BE,mint-oil,20,213.58
2025-12-12,DE-BE,dried-sage,14,90.8
2025-12-12,DE-BY,herbal-tea,133,602.04
2025-12-12,DE-BY,basil-seeds,52,119.23
2025-12-12,DE-BY,mint-oil,46,531.09
2025-12-12,DE-BY,dried-sage,41,271.18
2025-12-12,DE-HH,herbal-tea,21,97.85
2025-12-12,DE-HH,basil-seeds,8,18.02
2025-12-12,DE-HH,mint-oil,8,90.1
2025-12-12,DE-HH,dried-sage,8,54.6
2025-12-12,FR-IDF,herbal-tea,94,402.86
2025-12-12,FR-IDF,basil-seeds,41,89.9
2025-12-12,FR-IDF,mint-oil,51,554.51
2025-12-12,FR-IDF,dried-sage,57,386.47
2025-12-12,FR-ARA,herbal-tea,87,376.71
2025-12-12,FR-ARA,basil-seeds,36,81.12
2025-12-12,FR-ARA,mint-oil,26,290.3
2025-12-12,FR-ARA,dried-sage,29,205.51
2025-12-12,NL-NH,herbal-tea,22,103.19
2025-12-12,NL-NH,basil-seeds,12,26.69
2025-12-12,NL-NH,mint-oil,9,97.38
2025-12-12,NL-NH,dried-sage,13,92.36
2025-12-12,ES-MD,herbal-tea,78,356.77
2025-12-12,ES-MD,basil-seeds,26,56.65
2025-12-12,ES-MD,mint-oil,20,229.74
2025-12-12,ES-MD,dried-sage,25,176.65
2025-12-12,IT-LOM,herbal-tea,136,599.75
2025-12-12,IT-LOM,basil-seeds,48,103.21
2025-12-12,IT-LOM,mint-oil,29,304.92
2025-12-12,IT-LOM,dried-sage,42,288.19
2025-12-13,DE-BE,herbal-tea,39,175.27
2025-12-13,DE-BE,basil-seeds,12,26.27
2025-12-13,DE-BE,mint-oil,23,255.31
2025-12-13,DE-BE,dried-sage,15,104.23
2025-12-13,DE-BY,herbal-tea,147,672.38
2025-12-13,DE-BY,basil-seeds,55,127.01
2025-12-13,DE-BY,mint-oil,65,681.3
2025-12-13,DE-BY,dried-sage,45,295.34
2025-12-13,DE-HH,herbal-tea,23,108.36
2025-12-13,DE-HH,basil-seeds,6,13.53
2025-12-13,DE-HH,mint-oil,4,43.49
2025-12-13,DE-HH,dried-sage,5,35.09
2025-12-13,FR-IDF,herbal-tea,156,696.08
2025-12-13,FR-IDF,basil-seeds,57,124.8
2025-12-13,FR-IDF,mint-oil,55,634.64
2025-12-13,FR-IDF,dried-sage,54,364.04
2025-12-13,FR-ARA,herbal-tea,78,368.46
2025-12-13,FR-ARA,basil-seeds,29,65.37
2025-12-13,FR-ARA,mint-oil,33,374.3
2025-12-13,FR-ARA,dried-sage,26,184.26
2025-12-13,NL-NH,herbal-tea,35,151.64
2025-12-13,NL-NH,basil-seeds,13,29.11
2025-12-13,NL-NH,mint-oil,12,133.17
2025-12-13,NL-NH,dried-sage,10,64.87
2025-12-13,ES-MD,herbal-tea,73,326.45
2025-12-13,ES-MD,basil-seeds,22,48.03
2025-12-13,ES-MD,mint-oil,25,271.1
2025-12-13,ES-MD,dried-sage,30,208.9
2025-12-13,IT-LOM,herbal-tea,129,587.13
2025-12-13,IT-LOM,basil-seeds,44,95.13
2025-12-13,IT-LOM,mint-oil,32,348.61
2025-12-13,IT-LOM,dried-sage,31,206.04
2025-12-14,DE-BE,herbal-tea,41,179.8
2025-12-14,DE-BE,basil-seeds,14,31.9
2025-12-14,DE-BE,mint-oil,16,174.16
2025-12-14,DE-BE,dried-sage,14,93.87
2025-12-14,DE-BY,herbal-tea,139,644.83
2025-12-14,DE-BY,basil-seeds,44,99.84
2025-12-14,DE-BY,mint-oil,55,604.37
2025-12-14,DE-BY,dried-sage,54,353.55
2025-12-14,DE-HH,herbal-tea,19,87.91
2025-12-14,DE-HH,basil-seeds,8,17.35
2025-12-14,DE-HH,mint-oil,7,77.87
2025-12-14,DE-HH,dried-sage,6,40.13
2025-12-14,FR-IDF,herbal-tea,105,457.51
2025-12-14,FR-IDF,basil-seeds,41,91.87
2025-12-14,FR-IDF,mint-oil,30,340.29
2025-12-14,FR-IDF,dried-sage,57,379.79
2025-12-14,FR-ARA,herbal-tea,88,410.19
2025-12-14,FR-ARA,basil-seeds,30,67.93
2025-12-14,FR-ARA,mint-oil,31,357.12
2025-12-14,FR-ARA,dried-sage,24,167.16
2025-12-14,NL-NH,herbal-tea,27,124.2
2025-12-14,NL-NH,basil-seeds,11,23.49
2025-12-14,NL-NH,mint-oil,15,169.61
2025-12-14,NL-NH,dried-sage,8,56.71
2025-12-14,ES-MD,herbal-tea,65,291.95
2025-12-14,ES-MD,basil-seeds,31,66.02
2025-12-14,ES-MD,mint-oil,27,282.17
2025-12-14,ES-MD,dried-sage,22,149.13
2025-12-14,IT-LOM,herbal-tea,96,421.32
2025-12-14,IT-LOM,basil-seeds,41,88.95
2025-12-14,IT-LOM,mint-oil,27,284.64
2025-12-14,IT-LOM,dried-sage,44,304.78
2025-12-15,DE-BE,herbal-tea,38,164.99
2025-12-15,DE-BE,basil-seeds,20,42.21
2025-12-15,DE-BE,mint-oil,15,164.31
2025-12-15,DE-BE,dried-sage,20,136.23
2025-12-15,DE-BY,herbal-tea,124,533.64
2025-12-15,DE-BY,basil-seeds,49,111.84
2025-12-15,DE-BY,mint-oil,55,594.24
2025-12-15,DE-BY,dried-sage,54,357.79
2025-12-15,DE-HH,herbal-tea,16,69.08
2025-12-15,DE-HH,basil-seeds,7,14.93
2025-12-15,DE-HH,mint-oil,6,66.01
2025-12-15,DE-HH,dried-sage,5,32.5
2025-12-15,FR-IDF,herbal-tea,127,598.08
2025-12-15,FR-IDF,basil-seeds,38,80.14
2025-12-15,FR-IDF,mint-oil,50,527.57
2025-12-15,FR-IDF,dried-sage,53,344.72
2025-12-15,FR-ARA,herbal-tea,90,401.46
2025-12-15,FR-ARA,basil-seeds,39,86.93
2025-12-15,FR-ARA,mint-oil,33,373.83
2025-12-15,FR-ARA,dried-sage,32,208.41
2025-12-15,NL-NH,herbal-tea,30,137.31
2025-12-15,NL-NH,basil-seeds,12,26.75
2025-12-15,NL-NH,mint-oil,11,118.95
2025-12-15,NL-NH,dried-sage,13,87.99
2025-12-15,ES-MD,herbal-tea,92,420.28
2025-12-15,ES-MD,basil-seeds,30,62.72
2025-12-15,ES-MD,mint-oil,34,379.85
2025-12-15,ES-MD,dried-sage,20,132.52
2025-12-15,IT-LOM,herbal-tea,111,521.58
2025-12-15,IT-LOM,basil-seeds,37,78.79
2025-12-15,IT-LOM,mint-oil,40,419.46
2025-12-15,IT-LOM,dried-sage,39,256.84
2025-12-16,DE-BE,herbal-tea,60,268.16
2025-12-16,DE-BE,basil-seeds,18,38.95
2025-12-16,DE-BE,mint-oil,11,125.96
2025-12-16,DE-BE,dried-sage,10,64.73
2025-12-16,DE-BY,herbal-tea,121,526.43
2025-12-16,DE-BY,basil-seeds,70,157.71
2025-12-16,DE-BY,mint-oil,68,712.64
2025-12-16,DE-BY,dried-sage,64,431.23
2025-12-16,DE-HH,herbal-tea,23,100.98
2025-12-16,DE-HH,basil-seeds,7,15.77
2025-12-16,DE-HH,mint-oil,7,80.72
2025-12-16,DE-HH,dried-sage,7,47.13
2025-12-16,FR-IDF,herbal-tea,145,668.17
2025-12-16,FR-IDF,basil-seeds,45,95.44
2025-12-16,FR-IDF,mint-oil,52,545.54
2025-12-16,FR-IDF,dried-sage,53,378.1
2025-12-16,FR-ARA,herbal-tea,92,398.7
2025-12-16,FR-ARA,basil-seeds,49,109.58
2025-12-16,FR-ARA,mint-oil,38,424.48
2025-12-16,FR-ARA,dried-sage,34,221.85
2025-12-16,NL-NH,herbal-tea,27,115.99
2025-12-16,NL-NH,basil-seeds,9,18.96
2025-12-16,NL-NH,mint-oil,12,129.45
2025-12-16,NL-NH,dried-sage,10,66.12
2025-12-16,ES-MD,herbal-tea,82,356.98
2025-12-16,ES-MD,basil-seeds,30,63.9
2025-12-16,ES-MD,mint-oil,17,192.55
2025-12-16,ES-MD,dried-sage,37,243.0
2025-12-16,IT-LOM,herbal-tea,106,492.86
2025-12-16,IT-LOM,basil-seeds,34,74.14
2025-12-16,IT-LOM,mint-oil,39,420.6
2025-12-16,IT-LOM,dried-sage,44,299.22
2025-12-17,DE-BE,herbal-tea,37,168.32
2025-12-17,DE-BE,basil-seeds,20,43.68
2025-12-17,DE-BE,mint-oil,17,187.22
2025-12-17,DE-BE,dried-sage,15,101.28
2025-12-17,DE-BY,herbal-tea,139,639.87
2025-12-17,DE-BY,basil-seeds,70,155.28
2025-12-17,DE-BY,mint-oil,47,514.61
2025-12-17,DE-BY,dried-sage,62,428.77
2025-12-17,DE-HH,herbal-tea,15,65.76
2025-12-17,DE-HH,basil-seeds,5,11.18
2025-12-17,DE-HH,mint-oil,5,53.23
2025-12-17,DE-HH,dried-sage,7,47.47
2025-12-17,FR-IDF,herbal-tea,135,624.17
2025-12-17,FR-IDF,basil-seeds,59,127.65
2025-12-17,FR-IDF,mint-oil,53,609.81
2025-12-17,FR-IDF,dried-sage,57,382.6
2025-12-17,FR-ARA,herbal-tea,72,316.47
2025-12-17,FR-ARA,basil-seeds,43,97.1
2025-12-17,FR-ARA,mint-oil,30,339.49
2025-12-17,FR-ARA,dried-sage,35,246.86
2025-12-17,NL-NH,herbal-tea,23,102.64
2025-12-17,NL-NH,basil-seeds,11,23.72
2025-12-17,NL-NH,mint-oil,11,119.42
2025-12-17,NL-NH,dried-sage,15,99.44
2025-12-17,ES-MD,herbal-tea,86,373.81
2025-12-17,ES-MD,basil-seeds,21,47.95
2025-12-17,ES-MD,mint-oil,29,332.52
2025-12-17,ES-MD,dried-sage,15,100.92
2025-12-17,IT-LOM,herbal-tea,102,451.57
2025-12-17,IT-LOM,basil-seeds,29,64.19
2025-12-17,IT-LOM,mint-oil,36,392.35
2025-12-17,IT-LOM,dried-sage,29,202.36
2025-12-18,DE-BE,herbal-tea,49,229.06
2025-12-18,DE-BE,basil-seeds,13,29.31
2025-12-18,DE-BE,mint-oil,16,183.23
2025-12-18,DE-BE,dried-sage,17,118.55
2025-12-18,DE-BY,herbal-tea,98,425.6
2025-12-18,DE-BY,basil-seeds,68,143.66
2025-12-18,DE-BY,mint-oil,48,525.76
2025-12-18,DE-BY,dried-sage,55,379.42
2025-12-18,DE-HH,herbal-tea,28,129.09
2025-12-18,DE-HH,basil-seeds,6,13.26
2025-12-18,DE-HH,mint-oil,7,80.39
2025-12-18,DE-HH,dried-sage,8,53.24
2025-12-18,FR-IDF,herbal-tea,104,464.68
2025-12-18,FR-IDF,basil-seeds,46,102.91
2025-12-18,FR-IDF,mint-oil,65,707.37
2025-12-18,FR-IDF,dried-sage,52,354.96
2025-12-18,FR-ARA,herbal-tea,82,374.13
2025-12-18,FR-ARA,basil-seeds,39,86.79
2025-12-18,FR-ARA,mint-oil,32,362.11
2025-12-18,FR-ARA,dried-sage,22,143.27
2025-12-18,NL-NH,herbal-tea,41,187.71
2025-12-18,NL-NH,basil-seeds,14,30.8
2025-12-18,NL-NH,mint-oil,15,165.25
2025-12-18,NL-NH,dried-sage,14,92.31
2025-12-18,ES-MD,herbal-tea,70,299.98
2025-12-18,ES-MD,basil-seeds,28,63.49
2025-12-18,ES-MD,mint-oil,22,241.31
2025-12-18,ES-MD,dried-sage,28,184.04
2025-12-18,IT-LOM,herbal-tea,109,470.66
2025-12-18,IT-LOM,basil-seeds,39,86.11
2025-12-18,IT-LOM,mint-oil,32,353.9
2025-12-18,IT-LOM,dried-sage,44,305.53
2025-12-19,DE-BE,herbal-tea,37,170.36
2025-12-19,DE-BE,basil-seeds,15,33.24
2025-12-19,DE-BE,mint-oil,21,242.07
2025-12-19,DE-BE,dried-sage,21,141.35
2025-12-19,DE-BY,herbal-tea,159,735.75
2025-12-19,DE-BY,basil-seeds,70,153.11
2025-12-19,DE-BY,mint-oil,59,670.96
2025-12-19,DE-BY,dried-sage,67,466.93
2025-12-19,DE-HH,herbal-tea,25,111.25
2025-12-19,DE-HH,basil-seeds,7,15.71
2025-12-19,DE-HH,mint-oil,6,68.75
2025-12-19,DE-HH,dried-sage,8,52.72
2025-12-19,FR-IDF,herbal-tea,142,666.52
2025-12-19,FR-IDF,basil-seeds,52,118.52
2025-12-19,FR-IDF,mint-oil,32,334.8
2025-12-19,FR-IDF,dried-sage,39,262.43
2025-12-19,FR-ARA,herbal-tea,70,320.2
2025-12-19,FR-ARA,basil-seeds,29,66.95
2025-12-19,FR-ARA,mint-oil,39,437.69
2025-12-19,FR-ARA,dried-sage,38,255.38
2025-12-19,NL-NH,herbal-tea,30,136.63
2025-12-19,NL-NH,basil-seeds,14,30.65
2025-12-19,NL-NH,mint-oil,10,114.28
2025-12-19,NL-NH,dried-sage,9,59.51
2025-12-19,ES-MD,herbal-tea,65,278.84
2025-12-19,ES-MD,basil-seeds,33,75.91
2025-12-19,ES-MD,mint-oil,31,350.32
2025-12-19,ES-MD,dried-sage,30,194.36
2025-12-19,IT-LOM,herbal-tea,82,371.5
2025-12-19,IT-LOM,basil-seeds,47,101.04
2025-12-19,IT-LOM,mint-oil,29,305.64
2025-12-19,IT-LOM,dried-sage,34,224.87
2025-12-20,DE-BE,herbal-tea,36,161.62
2025-12-20,DE-BE,basil-seeds,16,35.78
2025-12-20,DE-BE,mint-oil,16,170.81
2025-12-20,DE-BE,dried-sage,10,69.26
2025-12-20,DE-BY,herbal-tea,116,498.28
2025-12-20,DE-BY,basil-seeds,47,104.06
2025-12-20,DE-BY,mint-oil,50,562.56
2025-12-20,DE-BY,dried-sage,40,284.38
2025-12-20,DE-HH,herbal-tea,21,91.82
2025-12-20,DE-HH,basil-seeds,5,10.53
2025-12-20,DE-HH,mint-oil,6,63.38
2025-12-20,DE-HH,dried-sage,8,51.74
2025-12-20,FR-IDF,herbal-tea,110,499.47
2025-12-20,FR-IDF,basil-seeds,57,127.38
2025-12-20,FR-IDF,mint-oil,44,474.88
2025-12-20,FR-IDF,dried-sage,41,289.92
2025-12-20,FR-ARA,herbal-tea,96,416.9
2025-12-20,FR-ARA,basil-seeds,40,88.54
2025-12-20,FR-ARA,mint-oil,37,424.33
2025-12-20,FR-ARA,dried-sage,21,141.43
2025-12-20,NL-NH,herbal-tea,26,122.44
2025-12-20,NL-NH,basil-seeds,10,22.83
2025-12-20,NL-NH,mint-oil,9,95.48
2025-12-20,NL-NH,dried-sage,9,63.98
2025-12-20,ES-MD,herbal-tea,67,313.42
2025-12-20,ES-MD,basil-seeds,20,45.91
2025-12-20,ES-MD,mint-oil,23,244.3
2025-12-20,ES-MD,dried-sage,28,182.02
2025-12-20,IT-LOM,herbal-tea,92,395.84
2025-12-20,IT-LOM,basil-seeds,38,83.42
2025-12-20,IT-LOM,mint-oil,39,443.47
2025-12-20,IT-LOM,dried-sage,35,248.19
2025-12-21,DE-BE,herbal-tea,51,226.8
2025-12-21,DE-BE,basil-seeds,17,35.83
2025-12-21,DE-BE,mint-oil,14,157.11
2025-12-21,DE-BE,dried-sage,12,78.23
2025-12-21,DE-BY,herbal-tea,110,476.94
2025-12-21,DE-BY,basil-seeds,48,107.77
2025-12-21,DE-BY,mint-oil,40,455.29
2025-12-21,DE-BY,dried-sage,43,278.25
2025-12-21,DE-HH,herbal-tea,23,105.25
2025-12-21,DE-HH,basil-seeds,9,18.82
2025-12-21,DE-HH,mint-oil,8,90.67
2025-12-21,DE-HH,dried-sage,6,39.12
2025-12-21,FR-IDF,herbal-tea,128,577.94
2025-12-21,FR-IDF,basil-seeds,46,104.75
2025-12-21,FR-IDF,mint-oil,42,461.29
2025-12-21,FR-IDF,dried-sage,48,332.84
2025-12-21,FR-ARA,herbal-tea,81,381.62
2025-12-21,FR-ARA,basil-seeds,20,43.9
2025-12-21,FR-ARA,mint-oil,22,237.03
2025-12-21,FR-ARA,dried-sage,28,189.04
2025-12-21,NL-NH,herbal-tea,24,111.12
2025-12-21,NL-NH,basil-seeds,9,18.97
2025-12-21,NL-NH,mint-oil,12,133.51
2025-12-21,NL-NH,dried-sage,9,58.82
2025-12-21,ES-MD,herbal-tea,72,326.51
2025-12-21,ES-MD,basil-seeds,24,51.67
2025-12-21,ES-MD,mint-oil,24,260.0
2025-12-21,ES-MD,dried-sage,27,190.52
2025-12-21,IT-LOM,herbal-tea,109,511.1
2025-12-21,IT-LOM,basil-seeds,38,81.24
2025-12-21,IT-LOM,mint-oil,45,491.7
2025-12-21,IT-LOM,dried-sage,39,269.49
2025-12-22,DE-BE,herbal-tea,35,153.61
2025-12-22,DE-BE,basil-seeds,17,36.82
2025-12-22,DE-BE,mint-oil,16,180.53
2025-12-22,DE-BE,dried-sage,17,115.56
2025-12-22,DE-BY,herbal-tea,140,607.25
2025-12-22,DE-BY,basil-seeds,57,123.69
2025-12-22,DE-BY,mint-oil,35,401.72
2025-12-22,DE-BY,dried-sage,55,372.75
2025-12-22,DE-HH,herbal-tea,14,61.59
2025-12-22,DE-HH,basil-seeds,7,15.44
2025-12-22,DE-HH,mint-oil,8,88.92
2025-12-22,DE-HH,dried-sage,6,40.83
2025-12-22,FR-IDF,herbal-tea,165,778.23
2025-12-22,FR-IDF,basil-seeds,48,100.64
2025-12-22,FR-IDF,mint-oil,71,796.68
2025-12-22,FR-IDF,dried-sage,67,448.34
2025-12-22,FR-ARA,herbal-tea,51,239.07
2025-12-22,FR-ARA,basil-seeds,37,79.02
2025-12-22,FR-ARA,mint-oil,28,319.9
2025-12-22,FR-ARA,dried-sage,38,267.49
2025-12-22,NL-NH,herbal-tea,35,150.99
2025-12-22,NL-NH,basil-seeds,14,29.74
2025-12-22,NL-NH,mint-oil,8,86.78
2025-12-22,NL-NH,dried-sage,14,93.93
2025-12-22,ES-MD,herbal-tea,72,323.24
2025-12-22,ES-MD,basil-seeds,38,84.97
2025-12-22,ES-MD,mint-oil,36,402.09
2025-12-22,ES-MD,dried-sage,32,212.69
2025-12-22,IT-LOM,herbal-tea,109,506.12
2025-12-22,IT-LOM,basil-seeds,39,85.88
2025-12-22,IT-LOM,mint-oil,48,511.11
2025-12-22,IT-LOM,dried-sage,38,246.53
2025-12-23,DE-BE,herbal-tea,39,180.91
2025-12-23,DE-BE,basil-seeds,12,27.4
2025-12-23,DE-BE,mint-oil,19,215.54
2025-12-23,DE-BE,dried-sage,15,101.07
2025-12-23,DE-BY,herbal-tea,111,523.89
2025-12-23,DE-BY,basil-seeds,45,102.01
2025-12-23,DE-BY,mint-oil,58,615.08
2025-12-23,DE-BY,dried-sage,57,386.5
2025-12-23,DE-HH,herbal-tea,22,95.15
2025-12-23,DE-HH,basil-seeds,9,19.51
2025-12-23,DE-HH,mint-oil,7,74.92
2025-12-23,DE-HH,dried-sage,6,41.01
2025-12-23,FR-IDF,herbal-tea,145,638.4
2025-12-23,FR-IDF,basil-seeds,60,132.48
2025-12-23,FR-IDF,mint-oil,31,341.89
2025-12-23,FR-IDF,dried-sage,53,355.28
2025-12-23,FR-ARA,herbal-tea,70,300.26
2025-12-23,FR-ARA,basil-seeds,27,58.05
2025-12-23,FR-ARA,mint-oil,42,451.28
2025-12-23,FR-ARA,dried-sage,35,240.51
2025-12-23,NL-NH,herbal-tea,36,166.56
2025-12-23,NL-NH,basil-seeds,13,29.18
2025-12-23,NL-NH,mint-oil,13,136.27
2025-12-23,NL-NH,dried-sage,11,77.44
2025-12-23,ES-MD,herbal-tea,75,353.27
2025-12-23,ES-MD,basil-seeds,24,55.14
2025-12-23,ES-MD,mint-oil,30,334.72
2025-12-23,ES-MD,dried-sage,26,178.43
2025-12-23,IT-LOM,herbal-tea,110,516.26
2025-12-23,IT-LOM,basil-seeds,40,86.15
2025-12-23,IT-LOM,mint-oil,29,314.51
2025-12-23,IT-LOM,dried-sage,27,183.4
2025-12-24,DE-BE,herbal-tea,52,233.17
2025-12-24,DE-BE,basil-seeds,15,32.14
2025-12-24,DE-BE,mint-oil,18,204.96
2025-12-24,DE-BE,dried-sage,18,116.57
2025-12-24,DE-BY,herbal-tea,132,618.36
2025-12-24,DE-BY,basil-seeds,67,150.53
2025-12-24,DE-BY,mint-oil,50,556.23
2025-12-24,DE-BY,dried-sage,61,430.21
2025-12-24,DE-HH,herbal-tea,24,110.82
2025-12-24,DE-HH,basil-seeds,9,19.0
2025-12-24,DE-HH,mint-oil,7,77.43
2025-12-24,DE-HH,dried-sage,6,42.02
2025-12-24,FR-IDF,herbal-tea,120,519.96
2025-12-24,FR-IDF,basil-seeds,68,142.66
2025-12-24,FR-IDF,mint-oil,59,652.6
2025-12-24,FR-IDF,dried-sage,55,378.12
2025-12-24,FR-ARA,herbal-tea,99,438.57
2025-12-24,FR-ARA,basil-seeds,33,76.09
2025-12-24,FR-ARA,mint-oil,23,240.98
2025-12-24,FR-ARA,dried-sage,29,206.97
2025-12-24,NL-NH,herbal-tea,24,103.85
2025-12-24,NL-NH,basil-seeds,12,25.47
2025-12-24,NL-NH,mint-oil,12,134.98
2025-12-24,NL-NH,dried-sage,15,104.23
2025-12-24,ES-MD,herbal-tea,74,324.33
2025-12-24,ES-MD,basil-seeds,39,87.69
2025-12-24,ES-MD,mint-oil,27,306.34
2025-12-24,ES-MD,dried-sage,27,184.56
2025-12-24,IT-LOM,herbal-tea,151,698.81
2025-12-24,IT-LOM,basil-seeds,36,79.93
2025-12-24,IT-LOM,mint-oil,36,397.77
2025-12-24,IT-LOM,dried-sage,52,345.76
2025-12-25,DE-BE,herbal-tea,30,139.51
2025-12-25,DE-BE,basil-seeds,13,28.89
2025-12-25,DE-BE,mint-oil,11,123.29
2025-12-25,DE-BE,dried-sage,17,113.97
2025-12-25,DE-BY,herbal-tea,165,745.71
2025-12-25,DE-BY,basil-seeds,65,136.06
2025-12-25,DE-BY,mint-oil,57,616.44
2025-12-25,DE-BY,dried-sage,55,372.49
2025-12-25,DE-HH,herbal-tea,21,93.28
2025-12-25,DE-HH,basil-seeds,10,22.87
2025-12-25,DE-HH,mint-oil,8,87.51
2025-12-25,DE-HH,dried-sage,8,52.19
2025-12-25,FR-IDF,herbal-tea,138,594.24
2025-12-25,FR-IDF,basil-seeds,63,139.82
2025-12-25,FR-IDF,mint-oil,44,470.45
2025-12-25,FR-IDF,dried-sage,48,310.75
2025-12-25,FR-ARA,herbal-tea,84,374.16
2025-12-25,FR-ARA,basil-seeds,39,86.78
2025-12-25,FR-ARA,mint-oil,25,269.38
2025-12-25,FR-ARA,dried-sage,23,153.29
2025-12-25,NL-NH,herbal-tea,32,149.9
2025-12-25,NL-NH,basil-seeds,9,19.45
2025-12-25,NL-NH,mint-oil,12,129.12
2025-12-25,NL-NH,dried-sage,11,72.44
2025-12-25,ES-MD,herbal-tea,73,317.79
2025-12-25,ES-MD,basil-seeds,16,34.5
2025-12-25,ES-MD,mint-oil,29,305.6
2025-12-25,ES-MD,dried-sage,27,187.45
2025-12-25,IT-LOM,herbal-tea,96,425.17
2025-12-25,IT-LOM,basil-seeds,51,117.16
2025-12-25,IT-LOM,mint-oil,37,408.41
2025-12-25,IT-LOM,dried-sage,42,280.33
2025-12-26,DE-BE,herbal-tea,38,178.32
2025-12-26,DE-BE,basil-seeds,22,47.84
2025-12-26,DE-BE,mint-oil,17,184.73
2025-12-26,DE-BE,dried-sage,12,78.84
2025-12-26,DE-BY,herbal-tea,159,696.84
2025-12-26,DE-BY,basil-seeds,63,142.24
2025-12-26,DE-BY,mint-oil,55,622.84
2025-12-26,DE-BY,dried-sage,59,408.25
2025-12-26,DE-HH,herbal-tea,19,83.13
2025-12-26,DE-HH,basil-seeds,8,16.87
2025-12-26,DE-HH,mint-oil,5,53.02
2025-12-26,DE-HH,dried-sage,5,33.62
2025-12-26,FR-IDF,herbal-tea,137,636.73
2025-12-26,FR-IDF,basil-seeds,50,111.16
2025-12-26,FR-IDF,mint-oil,34,381.11
2025-12-26,FR-IDF,dried-sage,62,425.82
2025-12-26,FR-ARA,herbal-tea,80,352.64
2025-12-26,FR-ARA,basil-seeds,33,70.11
2025-12-26,FR-ARA,mint-oil,34,366.6
2025-12-26,FR-ARA,dried-sage,35,235.79
2025-12-26,NL-NH,herbal-tea,22,103.01
2025-12-26,NL-NH,basil-seeds,10,21.69
2025-12-26,NL-NH,mint-oil,12,130.76
2025-12-26,NL-NH,dried-sage,13,89.32
2025-12-26,ES-MD,herbal-tea,32,136.87
2025-12-26,ES-MD,basil-seeds,30,64.16
2025-12-26,ES-MD,mint-oil,31,325.08
2025-12-26,ES-MD,dried-sage,31,204.8
2025-12-26,IT-LOM,herbal-tea,122,549.01
2025-12-26,IT-LOM,basil-seeds,32,69.01
2025-12-26,IT-LOM,mint-oil,43,449.71
2025-12-26,IT-LOM,dried-sage,26,170.63
2025-12-27,DE-BE,herbal-tea,27,116.02
2025-12-27,DE-BE,basil-seeds,16,35.47
2025-12-27,DE-BE,mint-oil,12,133.57
2025-12-27,DE-BE,dried-sage,12,81.51
2025-12-27,DE-BY,herbal-tea,92,393.39
2025-12-27,DE-BY,basil-seeds,49,109.38
2025-12-27,DE-BY,mint-oil,53,573.76
2025-12-27,DE-BY,dried-sage,60,391.66
2025-12-27,DE-HH,herbal-tea,22,97.78
2025-12-27,DE-HH,basil-seeds,8,17.98
2025-12-27,DE-HH,mint-oil,6,66.09
2025-12-27,DE-HH,dried-sage,8,53.68
2025-12-27,FR-IDF,herbal-tea,138,635.1
2025-12-27,FR-IDF,basil-seeds,42,93.13
2025-12-27,FR-IDF,mint-oil,29,310.29
2025-12-27,FR-IDF,dried-sage,30,199.63
2025-12-27,FR-ARA,herbal-tea,82,386.62
2025-12-27,FR-ARA,basil-seeds,19,40.28
2025-12-27,FR-ARA,mint-oil,30,334.98
2025-12-27,FR-ARA,dried-sage,44,298.26
2025-12-27,NL-NH,herbal-tea,34,146.5
2025-12-27,NL-NH,basil-seeds,9,19.47
2025-12-27,NL-NH,mint-oil,9,102.34
2025-12-27,NL-NH,dried-sage,14,94.67
2025-12-27,ES-MD,herbal-tea,67,295.34
2025-12-27,ES-MD,basil-seeds,22,49.64
2025-12-27,ES-MD,mint-oil,27,309.25
2025-12-27,ES-MD,dried-sage,31,219.65
2025-12-27,IT-LOM,herbal-tea,70,312.73
2025-12-27,IT-LOM,basil-seeds,18,39.29
2025-12-27,IT-LOM,mint-oil,33,351.27
2025-12-27,IT-LOM,dried-sage,37,250.87
2025-12-28,DE-BE,herbal-tea,43,186.24
2025-12-28,DE-BE,basil-seeds,12,27.15
2025-12-28,DE-BE,mint-oil,14,157.08
2025-12-28,DE-BE,dried-sage,15,100.18
2025-12-28,DE-BY,herbal-tea,102,439.45
2025-12-28,DE-BY,basil-seeds,45,101.19
2025-12-28,DE-BY,mint-oil,53,557.89
2025-12-28,DE-BY,dried-sage,50,326.87
2025-12-28,DE-HH,herbal-tea,13,61.0
2025-12-28,DE-HH,basil-seeds,7,14.67
2025-12-28,DE-HH,mint-oil,5,54.6
2025-12-28,DE-HH,dried-sage,5,33.44
2025-12-28,FR-IDF,herbal-tea,128,575.21
2025-12-28,FR-IDF,basil-seeds,48,106.01
2025-12-28,FR-IDF,mint-oil,41,434.68
2025-12-28,FR-IDF,dried-sage,42,294.7
2025-12-28,FR-ARA,herbal-tea,64,288.36
2025-12-28,FR-ARA,basil-seeds,28,61.07
2025-12-28,FR-ARA,mint-oil,31,333.7
2025-12-28,FR-ARA,dried-sage,27,177.21
2025-12-28,NL-NH,herbal-tea,27,115.78
2025-12-28,NL-NH,basil-seeds,11,24.8
2025-12-28,NL-NH,mint-oil,8,91.59
2025-12-28,NL-NH,dried-sage,11,75.32
2025-12-28,ES-MD,herbal-tea,36,156.31
2025-12-28,ES-MD,basil-seeds,22,47.16
2025-12-28,ES-MD,mint-oil,23,246.92
2025-12-28,ES-MD,dried-sage,21,140.58
2025-12-28,IT-LOM,herbal-tea,83,369.02
2025-12-28,IT-LOM,basil-seeds,28,62.29
2025-12-28,IT-LOM,mint-oil,42,483.46
2025-12-28,IT-LOM,dried-sage,42,291.7
2025-12-29,DE-BE,herbal-tea,50,218.29
2025-12-29,DE-BE,basil-seeds,18,40.32
2025-12-29,DE-BE,mint-oil,12,137.05
2025-12-29,DE-BE,dried-sage,17,113.76
2025-12-29,DE-BY,herbal-tea,152,652.62
2025-12-29,DE-BY,basil-seeds,65,137.26
2025-12-29,DE-BY,mint-oil,50,567.3
2025-12-29,DE-BY,dried-sage,74,518.49
2025-12-29,DE-HH,herbal-tea,22,96.95
2025-12-29,DE-HH,basil-seeds,8,17.48
2025-12-29,DE-HH,mint-oil,9,102.68
2025-12-29,DE-HH,dried-sage,5,33.55
2025-12-29,FR-IDF,herbal-tea,142,670.53
2025-12-29,FR-IDF,basil-seeds,39,84.22
2025-12-29,FR-IDF,mint-oil,36,412.22
2025-12-29,FR-IDF,dried-sage,69,468.68
2025-12-29,FR-ARA,herbal-tea,99,437.21
2025-12-29,FR-ARA,basil-seeds,25,56.38
2025-12-29,FR-ARA,mint-oil,20,214.72
2025-12-29,FR-ARA,dried-sage,21,141.96
2025-12-29,NL-NH,herbal-tea,30,130.47
2025-12-29,NL-NH,basil-seeds,14,31.77
2025-12-29,NL-NH,mint-oil,8,90.91
2025-12-29,NL-NH,dried-sage,10,64.75
2025-12-29,ES-MD,herbal-tea,67,286.6
2025-12-29,ES-MD,basil-seeds,29,63.25
2025-12-29,ES-MD,mint-oil,32,345.91
2025-12-29,ES-MD,dried-sage,32,218.34
2025-12-29,IT-LOM,herbal-tea,103,478.26
2025-12-29,IT-LOM,basil-seeds,43,90.38
2025-12-29,IT-LOM,mint-oil,37,404.86
2025-12-29,IT-LOM,dried-sage,42,283.25
2025-12-30,DE-BE,herbal-tea,31,135.75
2025-12-30,DE-BE,basil-seeds,15,32.4
2025-12-30,DE-BE,mint-oil,18,203.5
2025-12-30,DE-BE,dried-sage,16,106.16
2025-12-30,DE-BY,herbal-tea,182,784.02
2025-12-30,DE-BY,basil-seeds,40,88.66
2025-12-30,DE-BY,mint-oil,47,525.1
2025-12-30,DE-BY,dried-sage,73,516.31
2025-12-30,DE-HH,herbal-tea,23,101.35
2025-12-30,DE-HH,basil-seeds,9,19.79
2025-12-30,DE-HH,mint-oil,5,57.39
2025-12-30,DE-HH,dried-sage,6,41.61
2025-12-30,FR-IDF,herbal-tea,132,618.4
2025-12-30,FR-IDF,basil-seeds,48,110.59
2025-12-30,FR-IDF,mint-oil,47,536.5
2025-12-30,FR-IDF,dried-sage,39,261.85
2025-12-30,FR-ARA,herbal-tea,96,438.71
2025-12-30,FR-ARA,basil-seeds,29,63.54
2025-12-30,FR-ARA,mint-oil,35,386.14
2025-12-30,FR-ARA,dried-sage,41,267.47
2025-12-30,NL-NH,herbal-tea,23,108.12
2025-12-30,NL-NH,basil-seeds,12,27.68
2025-12-30,NL-NH,mint-oil,12,131.27
2025-12-30,NL-NH,dried-sage,13,90.44
2025-12-30,ES-MD,herbal-tea,76,344.3
2025-12-30,ES-MD,basil-seeds,29,65.1
2025-12-30,ES-MD,mint-oil,24,261.22
2025-12-30,ES-MD,dried-sage,35,235.62
2025-12-30,IT-LOM,herbal-tea,107,466.92
2025-12-30,IT-LOM,basil-seeds,39,86.92
2025-12-30,IT-LOM,mint-oil,33,373.3
2025-12-30,IT-LOM,dried-sage,27,189.26
2025-12-31,DE-BE,herbal-tea,41,176.52
2025-12-31,DE-BE,basil-seeds,15,31.81
2025-12-31,DE-BE,mint-oil,16,181.66
2025-12-31,DE-BE,dried-sage,14,98.45
2025-12-31,DE-BY,herbal-tea,177,797.93
2025-12-31,DE-BY,basil-seeds,44,96.83
2025-12-31,DE-BY,mint-oil,52,557.88
2025-12-31,DE-BY,dried-sage,64,455.42
2025-12-31,DE-HH,herbal-tea,17,78.43
2025-12-31,DE-HH,basil-seeds,7,15.28
2025-12-31,DE-HH,mint-oil,5,52.38
2025-12-31,DE-HH,dried-sage,8,55.98
2025-12-31,FR-IDF,herbal-tea,166,750.01
2025-12-31,FR-IDF,basil-seeds,71,154.72
2025-12-31,FR-IDF,mint-oil,47,527.2
2025-12-31,FR-IDF,dried-sage,36,241.89
2025-12-31,FR-ARA,herbal-tea,101,443.28
2025-12-31,FR-ARA,basil-seeds,25,57.3
2025-12-31,FR-ARA,mint-oil,42,466.59
2025-12-31,FR-ARA,dried-sage,24,155.43
2025-12-31,NL-NH,herbal-tea,45,198.04
2025-12-31,NL-NH,basil-seeds,11,24.72
2025-12-31,NL-NH,mint-oil,16,169.76
2025-12-31,NL-NH,dried-sage,13,89.48
2025-12-31,ES-MD,herbal-tea,74,335.13
2025-12-31,ES-MD,basil-seeds,25,53.43
2025-12-31,ES-MD,mint-oil,34,388.59
2025-12-31,ES-MD,dried-sage,30,193.82
2025-12-31,IT-LOM,herbal-tea,122,543.04
2025-12-31,IT-LOM,basil-seeds,44,96.56
2025-12-31,IT-LOM,mint-oil,42,470.82
2025-12-31,IT-LOM,dried-sage,31,215.19
